代码,名称,最新价,IOPV实时估值,基金折价率,涨跌额,涨跌幅,成交量,成交额,开盘价,最高价,最低价,昨收,振幅,换手率,量比,委比,外盘,内盘,主力净流入-净额,主力净流入-净占比,超大单净流入-净额,超大单净流入-净占比,大单净流入-净额,大单净流入-净占比,中单净流入-净额,中单净流入-净占比,小单净流入-净额,小单净流入-净占比,现手,买一,卖一,最新份额,流通市值,总市值,数据日期,更新时间
159707,地产ETF,0.638,0.6375,-0.08,0.016,2.57,987468.0,62665520.095,0.621,0.64,0.617,0.622,3.7,15.16,2.16,43.4,523697.0,463770.0,7053878.0,11.26,12017296.0,19.18,-4963418.0,-7.92,-5768625.0,-9.21,-1285253.0,-2.05,202.0,0.637,0.638,651548208.0,415687757,415687757,2026-01-20,2026-01-20 10:54:18+08:00
159745,建材ETF,0.687,0.6854,-0.23,0.017,2.54,873345.0,59767648.15,0.668,0.689,0.668,0.67,3.13,9.39,4.09,18.74,509333.0,364012.0,2399139.0,4.01,8024246.0,13.43,-5625107.0,-9.41,-1390864.0,-2.33,-1008277.0,-1.69,6.0,0.686,0.687,929688272.0,638695843,638695843,2026-01-20,2026-01-20 10:54:21+08:00
516750,建材ETF,0.75,0.7491,-0.12,0.017,2.32,369903.0,27548914.0,0.731,0.753,0.731,0.733,3.0,26.97,7.89,7.95,161760.0,208143.0,1597605.0,5.8,5306144.0,19.26,-3708539.0,-13.46,-676872.0,-2.46,-920734.0,-3.34,-1605.0,0.75,0.751,137167300.0,102875475,102875475,2026-01-20,2026-01-20 10:54:15+08:00
159787,建材ETF易方达,0.754,0.753,-0.13,0.017,2.31,44511.0,3346453.2,0.737,0.755,0.737,0.737,2.44,4.43,8.01,23.21,22755.0,21756.0,-222204.0,-6.64,-406023.0,-12.13,183819.0,5.49,277072.0,8.28,-54869.0,-1.64,-3218.0,0.753,0.754,100521633.0,75793311,75793311,2026-01-20,2026-01-20 10:54:18+08:00
159768,房地产ETF,0.57,0.571,0.18,0.012,2.15,738807.0,41917734.2,0.557,0.573,0.556,0.558,3.05,10.5,2.9,12.23,488638.0,250169.0,7304715.0,17.43,9243064.0,22.05,-1938349.0,-4.62,-5284945.0,-12.61,-2019771.0,-4.82,-2920.0,0.57,0.571,703450304.0,400966673,400966673,2026-01-20,2026-01-20 10:54:21+08:00
159268,港股通消费50ETF,0.948,0.9513,0.35,0.019,2.05,820826.0,77468831.7,0.933,0.95,0.931,0.929,2.05,11.46,4.91,20.0,506310.0,314516.0,1351190.0,1.75,8427773.0,10.89,-7076583.0,-9.15,-888961.0,-1.15,-462230.0,-0.6,1100.0,0.947,0.948,716055024.0,678820163,678820163,2026-01-20,2026-01-20 10:54:21+08:00
159245,港股通消费ETF,0.959,0.962,0.31,0.019,2.02,141082.0,13472645.0,0.943,0.959,0.943,0.94,1.7,7.88,5.26,-13.56,86544.0,54538.0,315148.0,2.34,279441.0,2.07,35707.0,0.27,-431134.0,-3.2,115985.0,0.86,5.0,0.958,0.959,179113296.0,171769651,171769651,2026-01-20,2026-01-20 10:54:24+08:00
159285,港股通消费ETF华安,0.942,0.9471,0.54,0.018,1.95,243804.0,22913535.131,0.929,0.945,0.922,0.924,2.49,4.98,5.45,-18.43,149892.0,93913.0,177575.0,0.78,1292510.0,5.67,-1114935.0,-4.89,-345000.0,-1.51,167426.0,0.73,-1083.0,0.942,0.943,489486688.0,461096460,461096460,2026-01-20,2026-01-20 10:54:21+08:00
513970,恒生消费ETF,0.957,0.955,-0.21,0.018,1.92,1753244.0,166730850.0,0.941,0.959,0.941,0.939,1.92,5.51,3.77,20.94,1087558.0,665686.0,18107428.0,10.86,120051.0,0.07,17987377.0,10.79,-10636632.0,-6.38,-7470795.0,-4.48,-209.0,0.957,0.958,3184041008.0,3047127245,3047127245,2026-01-20,2026-01-20 10:54:16+08:00
159735,港股消费ETF,0.814,0.813,-0.12,0.015,1.88,2239054.0,181856748.1,0.801,0.816,0.801,0.799,1.88,21.19,7.3,-23.28,1272664.0,966390.0,130201.0,0.07,-439444.0,-0.24,569645.0,0.31,-737576.0,-0.41,607375.0,0.33,-565.0,0.814,0.815,1056561376.0,860040960,860040960,2026-01-20,2026-01-20 10:54:21+08:00
513590,港股通消费ETF鹏华,0.933,0.9366,0.38,0.017,1.86,335401.0,31166822.0,0.917,0.934,0.917,0.916,1.86,14.41,5.29,-53.84,187641.0,147760.0,2630199.0,8.44,4037928.0,12.96,-1407729.0,-4.52,-1467205.0,-4.71,-1162994.0,-3.73,2.0,0.932,0.933,232818900.0,217220034,217220034,2026-01-20,2026-01-20 10:54:19+08:00
520520,恒生消费ETF华泰柏瑞,1.108,1.111,0.27,0.02,1.84,87013.0,9588007.0,1.091,1.109,1.091,1.088,1.65,11.66,3.54,-13.76,46680.0,40333.0,601671.0,6.28,812320.0,8.47,-210649.0,-2.2,-343018.0,-3.58,-258653.0,-2.7,8.0,1.107,1.108,74606000.0,82663448,82663448,2026-01-20,2026-01-20 10:54:15+08:00
513070,港股通消费ETF易方达,1.34,1.3383,-0.13,0.024,1.82,372707.0,49735721.0,1.322,1.342,1.32,1.316,1.67,5.85,3.75,15.44,247046.0,125661.0,276657.0,0.56,-2664032.0,-5.36,2940689.0,5.91,-693854.0,-1.4,417197.0,0.84,-29.0,1.34,1.341,636760800.0,853259472,853259472,2026-01-20,2026-01-20 10:54:19+08:00
159699,恒生消费ETF,1.035,1.0333,-0.16,0.016,1.57,602577.0,62097346.837,1.021,1.035,1.019,1.019,1.57,5.1,2.69,-21.7,339754.0,262823.0,2703924.0,4.37,4025623.0,6.5,-1321699.0,-2.13,-534666.0,-0.86,-2169258.0,-3.5,1841.0,1.034,1.035,1182164256.0,1223540005,1223540005,2026-01-20,2026-01-20 10:54:21+08:00
159265,港股消费ETF鹏华,0.979,0.982,0.31,0.015,1.56,320615.0,31252123.668,0.964,0.98,0.963,0.964,1.76,7.09,2.12,-11.26,187491.0,133124.0,3344324.0,10.7,517402.0,1.66,2826922.0,9.05,-2173283.0,-6.95,-1171042.0,-3.75,31.0,0.978,0.979,451950896.0,442459927,442459927,2026-01-20,2026-01-20 10:54:21+08:00
520620,港股通消费ETF,0.945,0.9492,0.44,0.014,1.5,128721.0,12118915.0,0.933,0.946,0.932,0.931,1.5,2.52,2.02,-15.29,75294.0,53427.0,416284.0,3.43,-125840.0,-1.04,542124.0,4.47,-113583.0,-0.94,-302701.0,-2.5,-96.0,0.945,0.946,511409008.0,483281513,483281513,2026-01-20,2026-01-20 10:54:16+08:00
513230,港股通消费ETF华夏,1.056,1.0589,0.27,0.014,1.34,228790.0,24084939.0,1.043,1.058,1.043,1.042,1.44,6.38,2.95,-5.85,155223.0,73567.0,3057425.0,12.69,1221319.0,5.07,1836106.0,7.62,-1946318.0,-8.08,-1111106.0,-4.61,-5.0,1.056,1.057,358422704.0,378494375,378494375,2026-01-20,2026-01-20 10:54:18+08:00
159766,旅游ETF,0.835,0.834,-0.12,0.01,1.21,4757852.0,394956677.7,0.825,0.835,0.821,0.825,1.7,5.89,2.35,-16.71,3212168.0,1545684.0,-30475733.0,-7.72,-24451497.0,-6.19,-6024236.0,-1.53,26481168.0,6.71,3994563.0,1.01,430.0,0.834,0.835,8076141056.0,6743577782,6743577782,2026-01-20,2026-01-20 10:54:21+08:00
561320,交运ETF,0.988,0.9902,0.22,0.011,1.13,22718.0,2236965.0,0.977,0.988,0.977,0.977,1.13,3.14,2.52,46.89,15288.0,7430.0,-235363.0,-10.52,0.0,0.0,-235363.0,-10.52,279156.0,12.48,-43794.0,-1.96,6.0,0.986,0.988,72369000.0,71500572,71500572,2026-01-20,2026-01-20 10:54:16+08:00
512200,房地产ETF,1.546,1.5466,0.04,0.017,1.11,713737.0,110181592.0,1.522,1.554,1.52,1.529,2.22,2.28,1.43,13.67,369203.0,344534.0,7435213.0,6.75,9963451.0,9.04,-2528238.0,-2.29,-2920445.0,-2.65,-4514769.0,-4.1,-13.0,1.546,1.547,3131347904.0,4841063860,4841063860,2026-01-20,2026-01-20 10:54:20+08:00
515060,房地产ETF华夏,0.737,0.7381,0.15,0.008,1.1,348152.0,25631111.0,0.729,0.742,0.726,0.729,2.19,4.75,2.67,-10.92,159804.0,188348.0,540766.0,2.11,4203052.0,16.4,-3662286.0,-14.29,-130632.0,-0.51,-410133.0,-1.6,-3000.0,0.737,0.739,733478096.0,540573357,540573357,2026-01-20,2026-01-20 10:54:17+08:00
512190,浙商之江凤凰ETF,2.741,2.7251,-0.58,0.029,1.07,2021.0,551660.0,2.725,2.75,2.707,2.712,1.59,0.29,3.64,-25.09,1036.0,985.0,76054.0,13.79,85633.0,15.52,-9579.0,-1.74,-125750.0,-22.79,49697.0,9.01,3.0,2.711,2.74,69218400.0,189727634,189727634,2026-01-20,2026-01-20 10:54:20+08:00
159296,A500红利低波ETF,0.998,0.9953,-0.27,0.01,1.01,9645.0,958649.5,0.991,0.998,0.991,0.988,0.71,1.15,0.57,-8.43,3928.0,5717.0,-138783.0,-14.48,0.0,0.0,-138783.0,-14.48,143809.0,15.0,-5026.0,-0.52,7.0,0.996,0.997,84042941.0,83874855,83874855,2026-01-20,2026-01-20 10:54:21+08:00
159653,ESG300ETF,1.244,1.2293,-1.2,0.012,0.97,2.0,248.8,1.244,1.244,1.244,1.232,0.0,0.0,,89.24,2.0,,0.0,0.0,0.0,0.0,0.0,0.0,0.0,0.0,0.0,0.0,2.0,1.222,1.244,55972068.0,69629253,69629253,2026-01-20,2026-01-20 10:54:21+08:00
159662,交运ETF南方,1.06,1.0589,-0.1,0.01,0.95,25584.0,2694095.5,1.051,1.06,1.05,1.05,0.95,3.17,1.42,6.6,16015.0,9569.0,-211005.0,-7.84,0.0,0.0,-211005.0,-7.84,141257.0,5.25,69748.0,2.59,19.0,1.058,1.06,80613946.0,85450783,85450783,2026-01-20,2026-01-20 10:54:24+08:00
512690,酒ETF,0.54,0.5393,-0.13,0.005,0.93,9275024.0,499432574.0,0.536,0.542,0.534,0.535,1.5,2.75,1.89,-4.0,6313561.0,2961463.0,45071726.0,9.02,97943339.0,19.61,-52871613.0,-10.59,-35320926.0,-7.07,-9750805.0,-1.95,10.0,0.539,0.54,33711550208.0,18204237112,18204237112,2026-01-20,2026-01-20 10:54:18+08:00
159666,交通运输ETF,1.036,1.0354,-0.06,0.009,0.88,54730.0,5649924.0,1.026,1.036,1.026,1.027,0.97,6.45,1.62,14.53,27214.0,27516.0,-71513.0,-1.27,0.0,0.0,-71513.0,-1.27,206507.0,3.66,-134995.0,-2.39,20.0,1.035,1.036,84832905.0,87886890,87886890,2026-01-20,2026-01-20 10:54:15+08:00
515450,红利低波50ETF,1.404,1.4045,0.04,0.012,0.86,894930.0,125363849.0,1.393,1.405,1.391,1.392,1.01,0.84,2.38,21.95,627667.0,267263.0,13859988.0,11.06,-720270.0,-0.57,14580258.0,11.63,-8948066.0,-7.14,-4911921.0,-3.92,400.0,1.403,1.404,10671835136.0,14983256531,14983256531,2026-01-20,2026-01-20 10:54:18+08:00
515730,家居家电ETF,1.066,1.0669,0.08,0.009,0.85,38260.0,4065728.0,1.054,1.068,1.053,1.057,1.42,8.16,2.58,6.61,14060.0,24200.0,401385.0,9.87,19170.0,0.47,382215.0,9.4,-345318.0,-8.49,-56068.0,-1.38,-23.0,1.065,1.066,46892000.0,49986872,49986872,2026-01-20,2026-01-20 10:54:16+08:00
562510,旅游ETF,0.843,0.8437,0.08,0.007,0.84,633287.0,53143801.0,0.836,0.844,0.83,0.836,1.67,8.39,2.63,2.66,304912.0,328375.0,-271479.0,-0.51,479747.0,0.9,-751226.0,-1.41,894619.0,1.68,-623140.0,-1.17,-18.0,0.843,0.844,755095008.0,636545092,636545092,2026-01-20,2026-01-20 10:54:15+08:00
159619,基建ETF,1.098,1.0993,0.12,0.009,0.83,39387.0,4320621.749,1.095,1.101,1.089,1.089,1.1,3.31,1.37,26.94,24764.0,14623.0,-109091.0,-2.52,0.0,0.0,-109091.0,-2.52,188153.0,4.35,-79062.0,-1.83,1624.0,1.098,1.099,118981007.0,130641146,130641146,2026-01-20,2026-01-20 10:54:24+08:00
510090,ESGETF基金,2.742,2.741,-0.04,0.022,0.81,34.0,9292.0,2.72,2.742,2.72,2.72,0.81,0.01,0.34,-1.4,23.0,11.0,7927.0,85.31,0.0,0.0,7927.0,85.31,0.0,0.0,-7927.0,-85.31,8.0,2.736,2.74,27581100.0,75627376,75627376,2026-01-20,2026-01-20 10:54:20+08:00
561680,中证A500红利低波ETF,0.996,0.994,-0.2,0.008,0.81,9499.0,944126.0,0.988,0.997,0.988,0.988,0.91,0.74,0.7,-2.15,8344.0,1155.0,-60019.0,-6.36,0.0,0.0,-60019.0,-6.36,67883.0,7.19,-7864.0,-0.83,69.0,0.996,0.997,128169000.0,127656324,127656324,2026-01-20,2026-01-20 10:54:16+08:00
560330,沪深300价值ETF申万菱信,1.262,1.2617,-0.02,0.01,0.8,8011.0,1008266.0,1.26,1.262,1.254,1.252,0.64,3.62,0.93,-3.7,7685.0,326.0,-139694.0,-13.85,0.0,0.0,-139694.0,-13.85,85601.0,8.49,54093.0,5.36,1.0,1.26,1.262,22130000.0,27928060,27928060,2026-01-20,2026-01-20 10:54:14+08:00
515300,300红利低波ETF,1.278,1.2775,-0.04,0.01,0.79,572778.0,72945272.0,1.269,1.278,1.266,1.268,0.95,1.67,1.67,4.98,291059.0,281719.0,888072.0,1.22,-757673.0,-1.04,1645745.0,2.26,384375.0,0.53,-1272447.0,-1.74,391.0,1.277,1.278,3424175200.0,4376095906,4376095906,2026-01-20,2026-01-20 10:54:17+08:00
512640,金融地产ETF嘉实,2.484,2.4796,-0.18,0.019,0.77,1452.0,359802.0,2.463,2.484,2.462,2.465,0.89,0.68,0.45,18.54,976.0,476.0,96270.0,26.76,0.0,0.0,96270.0,26.76,-74130.0,-20.6,-22140.0,-6.15,-53.0,2.477,2.479,21240900.0,52762396,52762396,2026-01-20,2026-01-20 10:54:19+08:00
159547,红利低波ETF华夏,1.186,1.1849,-0.09,0.009,0.76,220619.0,26087627.8,1.177,1.187,1.177,1.177,0.85,3.17,0.82,16.49,106758.0,113861.0,-1134979.0,-4.35,-866754.0,-3.32,-268225.0,-1.03,-234594.0,-0.9,1369573.0,5.25,126.0,1.185,1.186,696786080.0,826388291,826388291,2026-01-20,2026-01-20 10:54:24+08:00
516950,基建ETF,1.211,1.212,0.08,0.009,0.75,111912.0,13521997.0,1.202,1.215,1.201,1.202,1.16,5.66,1.35,-0.1,50160.0,61752.0,1030350.0,7.62,1549284.0,11.46,-518934.0,-3.84,-1727436.0,-12.78,697086.0,5.16,-628.0,1.211,1.212,197821000.0,239561231,239561231,2026-01-20,2026-01-20 10:54:17+08:00
516970,基建ETF广发,1.244,1.2445,0.04,0.009,0.73,255568.0,31750255.0,1.235,1.25,1.233,1.235,1.38,1.82,1.45,10.37,144369.0,111199.0,2068230.0,6.51,2225314.0,7.01,-157084.0,-0.49,-2220337.0,-6.99,152107.0,0.48,-3.0,1.244,1.245,1407042496.0,1750360865,1750360865,2026-01-20,2026-01-20 10:54:18+08:00
513750,港股通非银ETF,1.803,1.7955,-0.42,0.013,0.73,5571988.0,1000344924.0,1.786,1.815,1.779,1.79,2.01,2.9,1.28,55.55,2929645.0,2642343.0,2801606.0,0.28,-35864202.0,-3.59,38665808.0,3.87,3025415.0,0.3,-5827030.0,-0.58,-973.0,1.803,1.804,19241338112.0,34692132616,34692132616,2026-01-20,2026-01-20 10:54:16+08:00
159931,金融ETF,1.972,1.9659,-0.31,0.014,0.72,8475.0,1667332.3,1.968,1.975,1.959,1.958,0.82,3.71,1.97,-3.52,4417.0,4058.0,143255.0,8.59,0.0,0.0,143255.0,8.59,-299291.0,-17.95,156035.0,9.36,-52.0,1.971,1.972,22828511.0,45017824,45017824,2026-01-20,2026-01-20 10:54:18+08:00
563590,A500红利低波动ETF,0.977,0.9801,0.32,0.007,0.72,5194.0,510938.0,0.975,0.995,0.975,0.97,2.06,0.33,1.14,-38.75,2445.0,2749.0,275559.0,53.93,177762.0,34.79,97797.0,19.14,-247124.0,-48.37,-28435.0,-5.57,-5.0,0.977,0.98,156944400.0,153334679,153334679,2026-01-20,2026-01-20 10:54:14+08:00
159933,金融地产ETF国投瑞银,3.029,3.0319,0.1,0.021,0.7,206.0,62165.9,3.019,3.029,3.004,3.008,0.83,0.05,0.58,0.1,119.0,87.0,0.0,0.0,0.0,0.0,0.0,0.0,-17470.0,-28.1,17469.0,28.1,5.0,3.021,3.025,41878943.0,126851318,126851318,2026-01-20,2026-01-20 10:54:12+08:00
512890,红利低波ETF,1.152,1.1507,-0.11,0.008,0.7,3473476.0,399077858.0,1.144,1.153,1.143,1.144,0.87,1.49,1.27,16.99,2304433.0,1169043.0,-22027692.0,-5.52,-58212216.0,-14.59,36184524.0,9.07,16550397.0,4.15,5477295.0,1.37,50.0,1.151,1.152,23313110784.0,26856703623,26856703623,2026-01-20,2026-01-20 10:54:19+08:00
159100,巴西ETF,1.019,1.0232,0.41,0.007,0.69,115667.0,11763945.795,1.015,1.02,1.015,1.012,0.49,3.19,0.84,-1.11,68113.0,47555.0,2224541.0,18.91,30515.0,0.26,2194026.0,18.65,-1830741.0,-15.56,-393800.0,-3.35,87.0,1.018,1.019,362546928.0,369435320,369435320,2026-01-20,2026-01-20 10:54:15+08:00
563020,红利低波ETF易方达,1.172,1.1706,-0.12,0.008,0.69,600170.0,70070460.0,1.163,1.172,1.162,1.164,0.86,1.26,1.08,-8.16,374748.0,225422.0,-2157243.0,-3.08,978809.0,1.4,-3136052.0,-4.48,2392138.0,3.41,-234894.0,-0.34,1711.0,1.171,1.172,4750909952.0,5568066464,5568066464,2026-01-20,2026-01-20 10:54:15+08:00
159635,基建ETF华夏,1.162,1.164,0.17,0.008,0.69,29181.0,3386223.5,1.17,1.17,1.151,1.154,1.65,2.81,0.68,3.65,12645.0,16536.0,271946.0,8.03,140083.0,4.14,131863.0,3.89,-267324.0,-7.89,-4623.0,-0.14,100.0,1.162,1.163,103846980.0,120670191,120670191,2026-01-20,2026-01-20 10:54:24+08:00
560890,红利低波ETF新华,1.161,1.1606,-0.03,0.008,0.69,1292.0,149364.0,1.152,1.161,1.152,1.153,0.78,0.81,0.75,-1.76,386.0,906.0,13982.0,9.36,-13536.0,-9.06,27518.0,18.42,-43024.0,-28.8,29043.0,19.44,200.0,1.16,1.162,15981200.0,18554173,18554173,2026-01-20,2026-01-20 10:54:14+08:00
512750,基本面50ETF,1.47,1.4698,-0.01,0.01,0.68,3364.0,492346.0,1.461,1.47,1.458,1.46,0.82,0.64,0.63,6.67,1779.0,1585.0,-47509.0,-9.65,0.0,0.0,-47509.0,-9.65,-3659.0,-0.74,51168.0,10.39,-86.0,1.469,1.47,52854900.0,77696703,77696703,2026-01-20,2026-01-20 10:54:16+08:00
159307,红利低波100ETF博时,1.058,1.0569,-0.1,0.007,0.67,355685.0,37558682.787,1.051,1.058,1.05,1.051,0.76,1.25,1.85,-7.63,174409.0,181276.0,2711088.0,7.22,4110303.0,10.94,-1399215.0,-3.73,-1498257.0,-3.99,-1212831.0,-3.23,1153.0,1.057,1.058,2840903552.0,3005675958,3005675958,2026-01-20,2026-01-20 10:54:24+08:00
159549,红利低波ETF天弘,1.196,1.1948,-0.1,0.008,0.67,15350.0,1831935.9,1.189,1.196,1.189,1.188,0.59,0.03,1.23,6.48,6371.0,8979.0,-152351.0,-8.32,-105788.0,-5.77,-46563.0,-2.54,368982.0,20.14,-216629.0,-11.83,54.0,1.195,1.196,4396523776.0,5258242436,5258242436,2026-01-20,2026-01-20 10:54:18+08:00
159525,红利低波ETF,1.074,1.0726,-0.13,0.007,0.66,122033.0,13072628.0,1.063,1.075,1.063,1.067,1.12,3.5,2.02,6.61,60478.0,61555.0,-1022554.0,-7.82,-2527458.0,-19.33,1504904.0,11.51,-234864.0,-1.8,1257418.0,9.62,75.0,1.073,1.074,348743744.0,374550781,374550781,2026-01-20,2026-01-20 10:54:24+08:00
510030,价值ETF,1.085,1.0844,-0.06,0.007,0.65,35273.0,3814482.0,1.078,1.087,1.077,1.078,0.93,2.32,1.52,-10.61,15182.0,20091.0,112780.0,2.96,0.0,0.0,112780.0,2.96,-280587.0,-7.36,167807.0,4.4,-1.0,1.084,1.086,151729800.0,164626833,164626833,2026-01-20,2026-01-20 10:54:20+08:00
515100,红利低波100ETF,1.426,1.4257,-0.02,0.009,0.64,433330.0,61681996.0,1.417,1.428,1.415,1.417,0.92,1.11,1.3,-2.63,270000.0,163330.0,172322.0,0.28,5143100.0,8.34,-4970778.0,-8.06,-3400207.0,-5.51,3227884.0,5.23,-200.0,1.426,1.427,3917941504.0,5586984585,5586984585,2026-01-20,2026-01-20 10:54:17+08:00
516190,传媒ETF华夏,1.44,1.4467,0.46,0.009,0.63,234707.0,33704172.0,1.438,1.457,1.414,1.431,3.0,12.77,0.52,-58.45,115221.0,119486.0,2413769.0,7.16,4270479.0,12.67,-1856710.0,-5.51,-751151.0,-2.23,-1662620.0,-4.93,8.0,1.44,1.441,183818500.0,264698640,264698640,2026-01-20,2026-01-20 10:54:16+08:00
159510,沪深300价值ETF,1.284,1.2836,-0.03,0.008,0.63,8246.0,1056830.4,1.276,1.286,1.276,1.276,0.78,1.21,1.87,15.9,5127.0,3119.0,139754.0,13.22,0.0,0.0,139754.0,13.22,-1496.0,-0.14,-138258.0,-13.08,1.0,1.283,1.284,68128342.0,87476791,87476791,2026-01-20,2026-01-20 10:54:24+08:00
560150,XD红利低波ETF泰康,1.115,1.1148,-0.02,0.007,0.63,51415.0,5719758.0,1.111,1.115,1.107,1.108,0.72,0.68,1.5,9.67,24763.0,26652.0,-859018.0,-15.02,122651.0,2.14,-981669.0,-17.16,7891.0,0.14,851126.0,14.88,-1000.0,1.114,1.115,751279296.0,837676415,837676415,2026-01-20,2026-01-20 10:54:16+08:00
159670,消费50ETF国联安,0.963,0.9628,-0.02,0.006,0.63,30150.0,2896740.6,0.958,0.963,0.958,0.957,0.52,5.61,2.11,4.7,16519.0,13631.0,292361.0,10.44,-9580.0,-0.34,301941.0,10.78,-231617.0,-8.27,-60743.0,-2.17,1000.0,0.962,0.963,53706921.0,51719765,51719765,2026-01-20,2026-01-20 10:54:24+08:00
563690,红利低波ETF永赢,1.004,1.0037,-0.03,0.006,0.6,11675.0,1169759.0,0.996,1.004,0.996,0.998,0.8,1.86,1.01,6.51,4543.0,7132.0,-324392.0,-27.73,0.0,0.0,-324392.0,-27.73,-115704.0,-9.89,440096.0,37.62,-911.0,1.003,1.005,62882000.0,63133528,63133528,2026-01-20,2026-01-20 10:54:15+08:00
560570,A500红利ETF,0.998,0.999,0.1,0.006,0.6,596987.0,59506609.0,0.995,0.999,0.99,0.992,0.91,3.76,6.91,-0.88,326825.0,270162.0,-163512.0,-0.27,14915454.0,25.07,-15078966.0,-25.34,240810.0,0.4,-77300.0,-0.13,-8000.0,0.998,0.999,1586541200.0,1583368118,1583368118,2026-01-20,2026-01-20 10:54:14+08:00
562320,沪深300价值ETF,1.363,1.3635,0.04,0.008,0.59,20162.0,2736978.0,1.355,1.364,1.354,1.355,0.74,2.14,1.24,-0.55,13339.0,6823.0,115057.0,4.2,0.0,0.0,115057.0,4.2,577396.0,21.1,-692453.0,-25.3,274.0,1.362,1.363,94295500.0,128524767,128524767,2026-01-20,2026-01-20 10:54:15+08:00
588780,科创芯片设计ETF,1.742,1.7393,-0.16,0.01,0.58,959696.0,168596018.0,1.732,1.781,1.722,1.732,3.41,24.36,3.95,7.0,430914.0,528782.0,-11162818.0,-6.62,-403515.0,-0.24,-10759303.0,-6.38,1598455.0,0.95,9564363.0,5.67,-2.0,1.742,1.744,393951008.0,686262656,686262656,2026-01-20,2026-01-20 10:54:14+08:00
515990,一带一路ETF汇添富,1.585,1.5853,0.02,0.009,0.57,3292.0,524011.0,1.577,1.6,1.576,1.576,1.52,0.55,0.5,-1.5,1110.0,2182.0,-76579.0,-14.61,0.0,0.0,-76579.0,-14.61,83446.0,15.92,-6867.0,-1.31,-2.0,1.584,1.586,60350200.0,95655067,95655067,2026-01-20,2026-01-20 10:54:17+08:00
515630,证券保险ETF鹏华,1.448,1.4475,-0.03,0.008,0.56,148264.0,21435226.0,1.442,1.453,1.44,1.44,0.9,3.15,1.02,26.12,93195.0,55069.0,755524.0,3.52,1127274.0,5.26,-371750.0,-1.73,-219595.0,-1.02,-535929.0,-2.5,-82.0,1.447,1.449,470717696.0,681599224,681599224,2026-01-20,2026-01-20 10:54:18+08:00
512070,证券保险ETF易方达,0.92,0.92,0.0,0.005,0.55,2576666.0,236740159.0,0.914,0.925,0.913,0.915,1.31,1.17,1.07,-9.89,1364479.0,1212186.0,5265029.0,2.22,-3103839.0,-1.31,8368868.0,3.54,-7616890.0,-3.22,2351860.0,0.99,-6.0,0.92,0.921,22101479680.0,20333361306,20333361306,2026-01-20,2026-01-20 10:54:19+08:00
512360,MSCI中国A股ETF基金,1.832,1.8296,-0.13,0.01,0.55,314.0,57577.0,1.835,1.847,1.817,1.822,1.65,0.09,0.36,3.92,87.0,227.0,-22396.0,-38.9,0.0,0.0,-22396.0,-38.9,0.0,0.0,22397.0,38.9,4.0,1.825,1.833,33337700.0,61074666,61074666,2026-01-20,2026-01-20 10:54:16+08:00
560520,红利低波100ETF大成,1.11,1.114,0.36,0.006,0.54,277.0,30692.0,1.108,1.11,1.108,1.104,0.18,0.41,0.74,5.48,12.0,265.0,30692.0,100.0,0.0,0.0,30692.0,100.0,0.0,0.0,-30692.0,-100.0,-3.0,1.111,1.112,6751000.0,7493610,7493610,2026-01-20,2026-01-20 10:54:16+08:00
159253,银行ETF博时,0.938,0.9383,0.03,0.005,0.54,45260.0,4236538.682,0.935,0.939,0.931,0.933,0.86,3.26,2.41,-5.19,22367.0,22894.0,-17563.0,-0.41,555807.0,13.12,-573370.0,-13.53,-49192.0,-1.16,66756.0,1.58,11.0,0.937,0.938,138804979.0,130199070,130199070,2026-01-20,2026-01-20 10:54:21+08:00
159391,大盘价值ETF博时,1.124,1.1245,0.04,0.006,0.54,26001.0,2911601.0,1.113,1.125,1.113,1.118,1.07,1.9,3.05,-0.26,7188.0,18813.0,-99945.0,-3.43,0.0,0.0,-99945.0,-3.43,8932.0,0.31,91013.0,3.13,-1.0,1.123,1.125,137076398.0,154073871,154073871,2026-01-20,2026-01-20 10:54:21+08:00
563980,800红利低波ETF,0.957,0.9586,0.17,0.005,0.53,20641.0,1975852.0,0.952,0.96,0.952,0.952,0.84,0.57,2.0,-5.31,11553.0,9088.0,413554.0,20.93,785560.0,39.76,-372006.0,-18.83,-309946.0,-15.69,-103608.0,-5.24,-125.0,0.957,0.958,359967008.0,344488427,344488427,2026-01-20,2026-01-20 10:54:14+08:00
563060,央企50ETF易方达,1.129,1.1286,-0.04,0.006,0.53,660.0,74606.0,1.132,1.137,1.115,1.123,1.96,0.03,0.69,-51.65,280.0,380.0,-7319.0,-9.81,0.0,0.0,-7319.0,-9.81,9908.0,13.28,-2589.0,-3.47,3.0,1.126,1.13,261527000.0,295263983,295263983,2026-01-20,2026-01-20 10:54:13+08:00
515710,食品饮料ETF华宝,0.584,0.5838,-0.03,0.003,0.52,887805.0,51744758.0,0.581,0.586,0.58,0.581,1.03,3.28,3.4,41.15,575118.0,312687.0,-760585.0,-1.47,-3096624.0,-5.98,2336039.0,4.51,677709.0,1.31,82875.0,0.16,50.0,0.583,0.584,2710099808.0,1582698288,1582698288,2026-01-20,2026-01-20 10:54:17+08:00
510160,产业升级ETF南方,0.961,0.9635,0.26,0.005,0.52,9903.0,950218.0,0.958,0.966,0.957,0.956,0.94,0.47,3.17,-0.47,8069.0,1834.0,158930.0,16.73,-1920.0,-0.2,160850.0,16.93,-95700.0,-10.07,-63230.0,-6.65,-3.0,0.961,0.963,212057400.0,203787161,203787161,2026-01-20,2026-01-20 10:54:20+08:00
512530,沪深300红利ETF,1.563,1.5615,-0.1,0.008,0.51,9651.0,1502843.0,1.55,1.563,1.55,1.555,0.84,0.95,1.36,-7.35,4305.0,5346.0,-177755.0,-11.94,0.0,0.0,-177755.0,-11.94,88425.0,5.94,89330.0,6.0,-91.0,1.562,1.563,101502000.0,158647626,158647626,2026-01-20,2026-01-20 10:54:19+08:00
563510,A500红利低波ETF易方达,0.985,0.9852,0.02,0.005,0.51,25332.0,2492934.0,0.979,0.986,0.979,0.98,0.71,0.72,0.95,-45.48,18987.0,6345.0,-633355.0,-25.41,-9256.0,-0.37,-624099.0,-25.03,744125.0,29.85,-110770.0,-4.44,755.0,0.984,0.985,349537008.0,344293953,344293953,2026-01-20,2026-01-20 10:54:13+08:00
515650,消费50ETF,1.177,1.1759,-0.09,0.006,0.51,259571.0,30470783.0,1.169,1.177,1.169,1.171,0.68,0.88,0.75,8.03,160239.0,99332.0,2971698.0,9.75,-83557.0,-0.27,3055255.0,10.03,-2120546.0,-6.96,-851153.0,-2.79,498.0,1.176,1.177,2963184000.0,3487667568,3487667568,2026-01-20,2026-01-20 10:54:17+08:00
159719,国企共赢ETF,1.591,1.596,0.31,0.008,0.51,51866.0,8249448.7,1.58,1.595,1.58,1.583,0.95,12.9,4.53,-3.23,31077.0,20789.0,246662.0,2.99,2694871.0,32.67,-2448209.0,-29.68,-137001.0,-1.66,-109662.0,-1.33,-70.0,1.59,1.591,40195986.0,63951814,63951814,2026-01-20,2026-01-20 10:54:21+08:00
516130,消费龙头ETF,0.782,0.7818,-0.03,0.004,0.51,42575.0,3319120.0,0.778,0.782,0.778,0.778,0.51,1.75,1.03,-1.66,17380.0,25195.0,-326553.0,-9.84,-10920.0,-0.33,-315633.0,-9.51,269393.0,8.12,57160.0,1.72,333.0,0.781,0.782,242890000.0,189939980,189939980,2026-01-20,2026-01-20 10:54:16+08:00
515290,银行ETF天弘,1.411,1.4102,-0.06,0.007,0.5,256052.0,36028398.0,1.404,1.413,1.401,1.404,0.85,0.77,1.16,-6.46,136568.0,119484.0,-7017561.0,-19.48,-703500.0,-1.95,-6314061.0,-17.53,3746394.0,10.4,3271167.0,9.08,-557.0,1.411,1.412,3328672896.0,4696757456,4696757456,2026-01-20,2026-01-20 10:54:16+08:00
520870,巴西ETF易方达,1.017,1.0223,0.52,0.005,0.49,73442.0,7458829.0,1.014,1.017,1.014,1.012,0.3,1.85,0.84,30.06,42871.0,30571.0,223181.0,2.99,1474577.0,19.77,-1251396.0,-16.78,93156.0,1.25,-316338.0,-4.24,3707.0,1.017,1.018,397977200.0,404742812,404742812,2026-01-20,2026-01-20 10:54:16+08:00
563890,国企红利ETF创金合信,1.022,1.0227,0.07,0.005,0.49,1623.0,165678.0,1.021,1.022,1.02,1.017,0.2,0.29,0.52,43.45,1441.0,182.0,18378.0,11.09,0.0,0.0,18378.0,11.09,0.0,0.0,-18378.0,-11.09,300.0,1.022,1.025,55836000.0,57064392,57064392,2026-01-20,2026-01-20 10:54:10+08:00
515020,银行ETF华夏,1.67,1.6697,-0.02,0.008,0.48,429963.0,71620668.0,1.663,1.673,1.658,1.662,0.9,8.59,2.85,-5.15,216453.0,213510.0,-2656691.0,-3.71,-1664000.0,-2.32,-992691.0,-1.39,-772158.0,-1.08,3428848.0,4.79,-5.0,1.67,1.671,500345296.0,835576644,835576644,2026-01-20,2026-01-20 10:54:19+08:00
517180,中国国企ETF南方,1.491,1.4926,0.11,0.007,0.47,64093.0,9546311.0,1.484,1.494,1.483,1.484,0.74,4.44,2.76,-5.09,35732.0,28361.0,191755.0,2.01,1489000.0,15.6,-1297245.0,-13.59,-15772.0,-0.17,-175983.0,-1.84,-5.0,1.49,1.492,144496300.0,215443983,215443983,2026-01-20,2026-01-20 10:54:16+08:00
560080,中药ETF,1.065,1.0646,-0.04,0.005,0.47,452153.0,48133367.0,1.059,1.067,1.057,1.06,0.94,1.96,1.85,-18.09,211753.0,240400.0,9260951.0,19.24,9695421.0,20.14,-434470.0,-0.9,-8517389.0,-17.7,-743562.0,-1.54,2.0,1.064,1.065,2304265008.0,2454042234,2454042234,2026-01-20,2026-01-20 10:54:14+08:00
510650,金融地产ETF华夏,2.994,2.9938,-0.01,0.014,0.47,356.0,106095.0,2.988,2.994,2.963,2.98,1.04,0.31,0.65,-0.16,131.0,225.0,-5941.0,-5.6,0.0,0.0,-5941.0,-5.6,40230.0,37.92,-34288.0,-32.32,-6.0,2.989,2.994,11452500.0,34288785,34288785,2026-01-20,2026-01-20 10:54:19+08:00
563780,现金流全指ETF,1.303,1.2995,-0.27,0.006,0.46,34305.0,4457297.0,1.296,1.305,1.291,1.297,1.08,1.1,0.99,5.35,15513.0,18792.0,830534.0,18.63,-321265.0,-7.21,1151799.0,25.84,-770159.0,-17.28,-60374.0,-1.35,98.0,1.3,1.303,312027104.0,406571317,406571317,2026-01-20,2026-01-20 10:54:13+08:00
516310,银行ETF易方达,1.297,1.2978,0.06,0.006,0.46,544813.0,70514435.0,1.292,1.3,1.288,1.291,0.93,2.88,2.19,-1.12,249830.0,294983.0,-7417603.0,-10.52,-1644436.0,-2.33,-5773167.0,-8.19,3975284.0,5.64,3442320.0,4.88,-10.0,1.297,1.298,1889958496.0,2451276169,2451276169,2026-01-20,2026-01-20 10:54:16+08:00
512700,银行ETF南方,1.539,1.538,-0.07,0.007,0.46,530716.0,81466383.0,1.534,1.541,1.528,1.532,0.85,6.91,1.84,-5.38,246841.0,283875.0,-2940092.0,-3.61,1844910.0,2.26,-4785002.0,-5.87,374009.0,0.46,2566081.0,3.15,25.0,1.538,1.539,767581008.0,1181307171,1181307171,2026-01-20,2026-01-20 10:54:19+08:00
517880,品牌消费ETF,0.891,0.8923,0.15,0.004,0.45,3832.0,340595.0,0.893,0.906,0.887,0.887,2.14,1.03,0.76,1.58,414.0,3418.0,-8197.0,-2.41,0.0,0.0,-8197.0,-2.41,-41384.0,-12.15,49580.0,14.56,-7.0,0.891,0.892,37337100.0,33267356,33267356,2026-01-20,2026-01-20 10:54:15+08:00
560030,800价值ETF,1.347,1.35,0.22,0.006,0.45,1407.0,189324.0,1.341,1.349,1.341,1.341,0.6,0.53,0.86,4.29,685.0,722.0,112795.0,59.58,0.0,0.0,112795.0,59.58,-145159.0,-76.67,32364.0,17.09,31.0,1.347,1.349,26432000.0,35603904,35603904,2026-01-20,2026-01-20 10:54:14+08:00
517090,央企共赢ETF,1.566,1.5676,0.1,0.007,0.45,30763.0,4818551.0,1.558,1.569,1.556,1.559,0.83,3.53,2.12,17.53,23432.0,7331.0,721583.0,14.98,924530.0,19.19,-202947.0,-4.21,-627133.0,-13.01,-94451.0,-1.96,-20.0,1.566,1.568,87075000.0,136359450,136359450,2026-01-20,2026-01-20 10:54:15+08:00
512730,银行ETF鹏华,1.614,1.6119,-0.13,0.007,0.44,47831.0,7698291.0,1.607,1.617,1.603,1.607,0.87,5.97,2.33,-7.22,20164.0,27667.0,-423125.0,-5.5,-2031626.0,-26.39,1608501.0,20.89,-168314.0,-2.19,591440.0,7.68,2.0,1.613,1.614,80083900.0,129255415,129255415,2026-01-20,2026-01-20 10:54:19+08:00
516910,物流ETF,1.138,1.1389,0.08,0.005,0.44,44247.0,5028423.0,1.134,1.14,1.13,1.133,0.88,7.3,1.67,2.9,19134.0,25113.0,888169.0,17.66,0.0,0.0,888169.0,17.66,222078.0,4.42,-1110247.0,-22.08,-5.0,1.138,1.139,60641800.0,69010368,69010368,2026-01-20,2026-01-20 10:54:17+08:00
510230,金融ETF,1.373,1.3733,0.02,0.006,0.44,152508.0,20880764.0,1.368,1.377,1.363,1.367,1.02,0.45,1.14,0.75,81991.0,70517.0,21060.0,0.1,2637656.0,12.64,-2616596.0,-12.54,-320380.0,-1.54,299320.0,1.43,137.0,1.372,1.374,3359808000.0,4613016384,4613016384,2026-01-20,2026-01-20 10:54:18+08:00
159736,食品饮料ETF天弘,0.692,0.6918,-0.03,0.003,0.44,123991.0,8569519.612,0.689,0.694,0.688,0.689,0.87,0.16,0.88,49.59,63354.0,60637.0,471447.0,5.5,-193073.0,-2.25,664520.0,7.75,-484494.0,-5.65,13047.0,0.15,73.0,0.691,0.692,7866394368.0,5443544903,5443544903,2026-01-20,2026-01-20 10:54:18+08:00
159798,消费ETF易方达,0.946,0.9468,0.08,0.004,0.42,69394.0,6546672.8,0.941,0.946,0.939,0.942,0.74,5.17,2.02,-11.9,38398.0,30996.0,-51887.0,-0.79,547729.0,8.37,-599616.0,-9.16,-216044.0,-3.3,267930.0,4.09,5.0,0.945,0.946,134245390.0,126996139,126996139,2026-01-20,2026-01-20 10:54:18+08:00
159617,中证500价值ETF华夏,1.432,1.4293,-0.19,0.006,0.42,2153.0,308266.4,1.455,1.455,1.424,1.426,2.17,0.79,1.63,-0.34,484.0,1669.0,10168.0,3.3,0.0,0.0,10168.0,3.3,28660.0,9.3,-38829.0,-12.6,1.0,1.428,1.431,27418382.0,39263123,39263123,2026-01-20,2026-01-20 10:54:18+08:00
159689,消费ETF南方,0.743,0.7425,-0.07,0.003,0.41,28948.0,2150229.7,0.741,0.744,0.741,0.74,0.41,3.28,1.89,17.61,13073.0,15875.0,-71247.0,-3.31,-321215.0,-14.94,249968.0,11.63,50632.0,2.35,20616.0,0.96,300.0,0.742,0.743,88147787.0,65493806,65493806,2026-01-20,2026-01-20 10:54:18+08:00
516530,物流快递ETF,0.983,0.9844,0.14,0.004,0.41,6396.0,627823.0,0.979,0.985,0.976,0.979,0.92,0.78,1.24,0.03,4620.0,1776.0,-16442.0,-2.62,0.0,0.0,-16442.0,-2.62,-88153.0,-14.04,104594.0,16.66,-548.0,0.982,0.984,81802300.0,80411661,80411661,2026-01-20,2026-01-20 10:54:15+08:00
562390,中药50ETF,0.971,0.9721,0.11,0.004,0.41,8367.0,813263.0,0.967,0.974,0.967,0.967,0.72,1.02,0.65,-21.22,4356.0,4011.0,165838.0,20.39,78851.0,9.7,86987.0,10.7,-32710.0,-4.02,-133129.0,-16.37,-30.0,0.971,0.972,82429000.0,80038559,80038559,2026-01-20,2026-01-20 10:54:15+08:00
562870,证券ETF嘉实,1.015,1.0133,-0.17,0.004,0.4,37038.0,3757284.0,1.013,1.018,1.012,1.011,0.59,1.03,1.02,-8.3,24650.0,12388.0,-142613.0,-3.8,-139501.0,-3.71,-3112.0,-0.08,208736.0,5.56,-66122.0,-1.76,6.0,1.014,1.015,360505200.0,365912778,365912778,2026-01-20,2026-01-20 10:54:13+08:00
159887,银行ETF,1.283,1.2812,-0.14,0.005,0.39,754677.0,96593432.3,1.279,1.285,1.273,1.278,0.94,6.85,1.51,-25.06,394055.0,360622.0,-7316642.0,-7.58,-8183971.0,-8.48,867329.0,0.9,2414753.0,2.5,4901889.0,5.08,386.0,1.282,1.283,1101615952.0,1413373266,1413373266,2026-01-20,2026-01-20 10:54:21+08:00
563680,800自由现金流ETF,1.288,1.2875,-0.04,0.005,0.39,40307.0,5192397.0,1.287,1.292,1.28,1.283,0.94,1.91,2.22,0.16,15316.0,24991.0,3401993.0,65.52,1631033.0,31.41,1770960.0,34.11,-2761690.0,-53.19,-640304.0,-12.33,6.0,1.286,1.288,210959000.0,271715192,271715192,2026-01-20,2026-01-20 10:54:15+08:00
560190,公用事业ETF,1.028,1.0281,0.01,0.004,0.39,4509.0,463317.0,1.024,1.03,1.022,1.024,0.78,1.89,0.29,-2.96,4351.0,158.0,-92471.0,-19.96,0.0,0.0,-92471.0,-19.96,87703.0,18.93,4767.0,1.03,487.0,1.024,1.028,23834000.0,24501352,24501352,2026-01-20,2026-01-20 10:54:14+08:00
159355,800红利低波ETF,1.024,1.0256,0.16,0.004,0.39,15715.0,1606608.2,1.02,1.025,1.019,1.02,0.59,0.95,1.34,-10.79,6671.0,9044.0,101940.0,6.35,0.0,0.0,101940.0,6.35,-127318.0,-7.92,25378.0,1.58,-526.0,1.024,1.025,166234277.0,170223900,170223900,2026-01-20,2026-01-20 10:54:24+08:00
159940,金融地产ETF,1.272,1.272,0.0,0.005,0.39,14553.0,1847761.5,1.27,1.276,1.266,1.267,0.79,0.3,0.8,31.16,8687.0,5866.0,521478.0,28.22,-127.0,-0.01,521605.0,28.23,67094.0,3.63,-588571.0,-31.85,-5.0,1.271,1.272,490059984.0,623356300,623356300,2026-01-20,2026-01-20 10:54:18+08:00
159520,消费龙头ETF,1.051,1.0504,-0.06,0.004,0.38,80439.0,8433188.1,1.047,1.052,1.046,1.047,0.57,4.54,1.78,4.13,39164.0,41275.0,-394834.0,-4.68,-2411030.0,-28.59,2016196.0,23.91,206678.0,2.45,188157.0,2.23,200.0,1.05,1.051,177177649.0,186213709,186213709,2026-01-20,2026-01-20 10:54:18+08:00
512800,银行ETF,0.787,0.7864,-0.08,0.003,0.38,4925953.0,386573037.0,0.784,0.788,0.781,0.784,0.89,3.45,1.35,-1.97,2334958.0,2590995.0,25833539.0,6.68,41007281.0,10.61,-15173742.0,-3.93,-23466287.0,-6.07,-2367251.0,-0.61,3.0,0.786,0.787,14267680000.0,11228664160,11228664160,2026-01-20,2026-01-20 10:54:19+08:00
516210,银行ETF指数基金,1.34,1.3392,-0.06,0.005,0.37,28250.0,3777560.0,1.334,1.342,1.332,1.335,0.75,2.66,1.99,2.79,13178.0,15072.0,292516.0,7.74,-133.0,0.0,292649.0,7.75,-151221.0,-4.0,-141294.0,-3.74,-724.0,1.339,1.34,106331000.0,142483540,142483540,2026-01-20,2026-01-20 10:54:16+08:00
515170,食品饮料ETF,0.548,0.5477,-0.05,0.002,0.37,1279868.0,70085684.0,0.546,0.55,0.545,0.546,0.92,1.24,1.25,9.27,777401.0,502467.0,4292693.0,6.12,10819391.0,15.44,-6526698.0,-9.31,-4257312.0,-6.07,-35382.0,-0.05,1000.0,0.547,0.548,10332257792.0,5662077270,5662077270,2026-01-20,2026-01-20 10:54:16+08:00
515890,红利ETF博时,1.412,1.4123,0.02,0.005,0.36,21645.0,3051656.0,1.403,1.413,1.403,1.407,0.71,0.71,1.25,-16.46,12118.0,9527.0,-52878.0,-1.73,339864.0,11.14,-392742.0,-12.87,72561.0,2.38,-19683.0,-0.64,560.0,1.411,1.413,305443904.0,431286792,431286792,2026-01-20,2026-01-20 10:54:15+08:00
159805,传媒ETF,1.683,1.6892,0.37,0.006,0.36,748086.0,125570631.294,1.695,1.708,1.656,1.677,3.1,14.67,0.93,10.49,421933.0,326153.0,6509921.0,5.18,20067745.0,15.98,-13557824.0,-10.8,-9632534.0,-7.67,3122614.0,2.49,-60.0,1.683,1.684,509952480.0,858250024,858250024,2026-01-20,2026-01-20 10:54:21+08:00
515180,红利ETF易方达,1.383,1.3831,0.01,0.005,0.36,1019153.0,140793930.0,1.377,1.384,1.377,1.378,0.51,1.27,1.64,-35.46,585522.0,433631.0,3318731.0,2.36,26242379.0,18.64,-22923648.0,-16.28,-4747175.0,-3.37,1424018.0,1.01,19.0,1.382,1.383,8000636928.0,11064880871,11064880871,2026-01-20,2026-01-20 10:54:18+08:00
159730,龙头家电ETF,1.141,1.14,-0.09,0.004,0.35,7131.0,811392.3,1.142,1.143,1.135,1.137,0.7,1.6,0.99,0.09,2238.0,4893.0,-41019.0,-5.06,0.0,0.0,-41019.0,-5.06,43662.0,5.38,-2643.0,-0.33,-8.0,1.14,1.141,44571340.0,50855899,50855899,2026-01-20,2026-01-20 10:54:21+08:00
516900,食品饮料ETF基金,0.581,0.5801,-0.16,0.002,0.35,22209.0,1287611.0,0.579,0.582,0.577,0.579,0.86,0.69,0.65,-23.56,14669.0,7540.0,-109498.0,-8.5,-39101.0,-3.04,-70397.0,-5.47,107012.0,8.31,2486.0,0.19,100.0,0.58,0.581,320729008.0,186343554,186343554,2026-01-20,2026-01-20 10:54:15+08:00
563180,高股息ETF,1.132,1.1309,-0.1,0.004,0.35,40995.0,4629331.0,1.126,1.133,1.126,1.128,0.62,2.92,1.62,-17.67,23385.0,17610.0,169078.0,3.65,953120.0,20.59,-784042.0,-16.94,-557.0,-0.01,-168522.0,-3.64,-8.0,1.131,1.132,140420000.0,158955440,158955440,2026-01-20,2026-01-20 10:54:13+08:00
560680,消费ETF广发,0.859,0.858,-0.12,0.003,0.35,63647.0,5463005.0,0.856,0.861,0.855,0.856,0.7,1.8,1.09,13.06,28672.0,34975.0,-202751.0,-3.71,500.0,0.01,-203251.0,-3.72,98855.0,1.81,103898.0,1.9,30.0,0.858,0.859,353225600.0,303420790,303420790,2026-01-20,2026-01-20 10:54:15+08:00
512980,传媒ETF,1.189,1.1949,0.49,0.004,0.34,5402332.0,643644534.0,1.198,1.209,1.171,1.185,3.21,6.69,0.58,10.77,2368401.0,3033931.0,-5464932.0,-0.85,5970675.0,0.93,-11435607.0,-1.78,-1692958.0,-0.26,7159082.0,1.11,-10625.0,1.189,1.19,8075924480.0,9602274207,9602274207,2026-01-20,2026-01-20 10:54:19+08:00
562080,300现金流ETF,0.623,0.6228,-0.03,0.002,0.32,402163.0,25013651.0,0.621,0.624,0.62,0.621,0.64,3.14,1.51,-2.51,192874.0,209289.0,-1427133.0,-5.71,-1187283.0,-4.75,-239850.0,-0.96,966000.0,3.86,461133.0,1.84,100.0,0.623,0.624,1282757200.0,799157736,799157736,2026-01-20,2026-01-20 10:54:15+08:00
159843,食品饮料ETF,0.63,0.6296,-0.06,0.002,0.32,102016.0,6424024.423,0.629,0.632,0.626,0.628,0.96,1.42,1.15,42.37,67067.0,34949.0,698249.0,10.87,1144026.0,17.81,-445777.0,-6.94,-714463.0,-11.12,16214.0,0.25,200.0,0.629,0.63,716955136.0,451681736,451681736,2026-01-20,2026-01-20 10:54:21+08:00
515080,中证红利ETF,1.562,1.5631,0.07,0.005,0.32,627343.0,97915994.0,1.558,1.565,1.557,1.557,0.51,1.17,1.31,-7.83,352165.0,275178.0,7080019.0,7.23,2971227.0,3.03,4108792.0,4.2,-4434351.0,-4.53,-2645669.0,-2.7,-315.0,1.562,1.563,5379148800.0,8402230426,8402230426,2026-01-20,2026-01-20 10:54:17+08:00
561080,自由现金流ETF中证全指,1.307,1.3056,-0.11,0.004,0.31,29608.0,3859367.0,1.306,1.312,1.3,1.303,0.92,9.79,3.05,10.21,15273.0,14335.0,505617.0,13.1,0.0,0.0,505617.0,13.1,-606797.0,-15.72,101179.0,2.62,77.0,1.305,1.307,30250000.0,39536750,39536750,2026-01-20,2026-01-20 10:54:16+08:00
159848,证券ETF国联安,0.958,0.9579,-0.01,0.003,0.31,38213.0,3663931.3,0.956,0.961,0.956,0.955,0.52,2.44,0.71,-9.26,23162.0,15051.0,328327.0,8.96,747462.0,20.4,-419135.0,-11.44,197311.0,5.39,-525638.0,-14.35,-1209.0,0.957,0.958,156311239.0,149746167,149746167,2026-01-20,2026-01-20 10:54:21+08:00
510810,上海国企ETF,0.97,0.9685,-0.15,0.003,0.31,987859.0,95647130.0,0.967,0.971,0.962,0.967,0.93,1.6,2.84,-52.55,481884.0,505975.0,505294.0,0.53,-7640790.0,-7.99,8146084.0,8.52,-453564.0,-0.47,-51731.0,-0.05,103.0,0.968,0.969,6168193792.0,5983147978,5983147978,2026-01-20,2026-01-20 10:54:18+08:00
510200,上证券商ETF,1.287,1.2858,-0.09,0.004,0.31,22017.0,2833126.0,1.284,1.291,1.284,1.283,0.55,1.43,0.76,-19.51,13328.0,8689.0,810092.0,28.59,-643501.0,-22.71,1453593.0,51.31,-253389.0,-8.94,-556702.0,-19.65,100.0,1.286,1.287,154385500.0,198694139,198694139,2026-01-20,2026-01-20 10:54:18+08:00
561790,央企现代能源ETF,1.325,1.3229,-0.16,0.004,0.3,12557.0,1669110.0,1.321,1.346,1.316,1.321,2.27,2.33,1.25,-12.59,6796.0,5761.0,-233872.0,-14.01,0.0,0.0,-233872.0,-14.01,26205.0,1.57,207666.0,12.44,-70.0,1.324,1.326,53934000.0,71462550,71462550,2026-01-20,2026-01-20 10:54:14+08:00
159647,中药ETF,0.988,0.9879,-0.01,0.003,0.3,167552.0,16562950.1,0.986,0.99,0.983,0.985,0.71,1.17,1.34,43.3,99416.0,68136.0,1479475.0,8.94,2109846.0,12.75,-630371.0,-3.81,-1054766.0,-6.37,-424710.0,-2.57,100.0,0.987,0.988,1435461760.0,1418236219,1418236219,2026-01-20,2026-01-20 10:54:24+08:00
512600,消费ETF嘉实,0.668,0.6672,-0.12,0.002,0.3,230981.0,15427773.0,0.666,0.67,0.665,0.666,0.75,1.53,1.0,18.05,151579.0,79402.0,-658057.0,-4.27,1990885.0,12.9,-2648942.0,-17.17,365752.0,2.37,292305.0,1.89,-3600.0,0.667,0.668,1514056096.0,1011389472,1011389472,2026-01-20,2026-01-20 10:54:18+08:00
159228,红利低波ETF长城,1.033,1.0326,-0.04,0.003,0.29,210.0,21691.4,1.031,1.033,1.031,1.03,0.19,0.01,0.17,62.9,203.0,7.0,0.0,0.0,0.0,0.0,0.0,0.0,-206.0,-0.95,207.0,0.95,1.0,1.031,1.033,174212692.0,179961711,179961711,2026-01-20,2026-01-20 10:54:18+08:00
159581,红利ETF万家,1.055,1.0558,0.08,0.003,0.29,109894.0,11595301.0,1.053,1.059,1.052,1.052,0.67,1.17,1.08,2.08,72410.0,37484.0,-480174.0,-4.14,-1035312.0,-8.93,555138.0,4.79,781556.0,6.74,-301383.0,-2.6,-46.0,1.055,1.056,942225712.0,994048126,994048126,2026-01-20,2026-01-20 10:54:24+08:00
159546,集成电路ETF,2.073,2.0717,-0.06,0.006,0.29,89352.0,18671141.6,2.067,2.111,2.052,2.067,2.85,8.82,2.49,5.09,41006.0,48346.0,492390.0,2.64,0.0,0.0,492390.0,2.64,-1312627.0,-7.03,820238.0,4.39,76.0,2.07,2.074,101309274.0,210014125,210014125,2026-01-20,2026-01-20 10:54:21+08:00
561510,中药ETF华泰柏瑞,1.037,1.0379,0.09,0.003,0.29,2523.0,262011.0,1.034,1.04,1.034,1.034,0.58,0.41,0.49,-0.34,2178.0,345.0,-7555.0,-2.88,31579.0,12.05,-39134.0,-14.94,45642.0,17.42,-38087.0,-14.54,-80.0,1.037,1.038,62206000.0,64507622,64507622,2026-01-20,2026-01-20 10:54:15+08:00
560020,红利ETF汇添富,1.085,1.087,0.18,0.003,0.28,7614.0,827212.0,1.086,1.088,1.083,1.082,0.46,0.88,1.3,3.33,6985.0,629.0,-220991.0,-26.72,3258.0,0.39,-224249.0,-27.11,174773.0,21.13,46218.0,5.59,-30.0,1.085,1.087,86562000.0,93919770,93919770,2026-01-20,2026-01-20 10:54:15+08:00
159263,价值ETF易方达,1.132,1.1318,-0.02,0.003,0.27,293667.0,33137208.8,1.125,1.133,1.124,1.129,0.8,2.3,1.58,-17.97,147813.0,145854.0,-106416.0,-0.32,-1161792.0,-3.51,1055376.0,3.18,-4535.0,-0.01,110951.0,0.33,149.0,1.131,1.132,1277105120.0,1445682996,1445682996,2026-01-20,2026-01-20 10:54:24+08:00
561060,国企红利ETF,1.124,1.1246,0.05,0.003,0.27,10978.0,1230827.0,1.121,1.125,1.12,1.121,0.45,2.09,1.99,-7.44,8182.0,2796.0,43164.0,3.51,0.0,0.0,43164.0,3.51,-30460.0,-2.47,-12705.0,-1.03,266.0,1.123,1.124,52565000.0,59083060,59083060,2026-01-20,2026-01-20 10:54:15+08:00
159842,券商ETF,1.143,1.1423,-0.06,0.003,0.26,1537015.0,175797710.9,1.142,1.148,1.14,1.14,0.7,1.64,0.88,-35.94,824673.0,712342.0,974449.0,0.56,3306119.0,1.89,-2331670.0,-1.33,-2488876.0,-1.42,1514425.0,0.86,4338.0,1.142,1.143,9344250624.0,10680478463,10680478463,2026-01-20,2026-01-20 10:54:21+08:00
159515,国企红利ETF,1.144,1.1437,-0.03,0.003,0.26,5528.0,630740.6,1.143,1.144,1.14,1.141,0.35,1.23,0.46,-0.39,1174.0,4354.0,189543.0,30.05,0.0,0.0,189543.0,30.05,-161958.0,-25.68,-27585.0,-4.37,334.0,1.143,1.145,44786631.0,51235906,51235906,2026-01-20,2026-01-20 10:54:18+08:00
516980,证券ETF先锋,1.188,1.1875,-0.04,0.003,0.25,11428.0,1357570.0,1.185,1.192,1.184,1.185,0.68,2.57,0.76,20.22,5953.0,5475.0,-169983.0,-12.52,0.0,0.0,-169983.0,-12.52,97064.0,7.15,72919.0,5.37,-421.0,1.187,1.188,44516000.0,52885008,52885008,2026-01-20,2026-01-20 10:54:16+08:00
510040,上证180ETF鹏华,1.217,1.2197,0.22,0.003,0.25,17182.0,2089248.0,1.217,1.228,1.21,1.214,1.48,4.71,1.82,26.75,12498.0,4684.0,-5931.0,-0.28,0.0,0.0,-5931.0,-0.28,-19010.0,-0.91,24940.0,1.19,-3450.0,1.216,1.217,36480000.0,44396160,44396160,2026-01-20,2026-01-20 10:54:18+08:00
562810,上证指数增强ETF,1.187,1.1813,-0.48,0.003,0.25,29179.0,3462159.0,1.184,1.19,1.184,1.184,0.51,7.69,4.09,-68.9,10549.0,18630.0,1583705.0,45.74,2357864.0,68.1,-774159.0,-22.36,-1379747.0,-39.85,-203959.0,-5.89,3.0,1.187,1.188,37951000.0,45047837,45047837,2026-01-20,2026-01-20 10:54:15+08:00
563900,沪深300自由现金流ETF摩根,1.192,1.1915,-0.04,0.003,0.25,51951.0,6183562.0,1.192,1.194,1.185,1.189,0.76,1.47,1.34,2.83,26414.0,25537.0,-733298.0,-11.86,-6684.0,-0.11,-726614.0,-11.75,400760.0,6.48,332540.0,5.38,-111.0,1.191,1.192,353965696.0,421927110,421927110,2026-01-20,2026-01-20 10:54:10+08:00
512900,证券ETF南方,1.192,1.1904,-0.13,0.003,0.25,358690.0,42750042.0,1.189,1.196,1.187,1.189,0.76,0.6,1.55,48.33,236692.0,121998.0,14324.0,0.03,-6584094.0,-15.4,6598418.0,15.43,936501.0,2.19,-950824.0,-2.22,1041.0,1.191,1.192,6005905920.0,7159039857,7159039857,2026-01-20,2026-01-20 10:54:18+08:00
159399,现金流ETF,1.186,1.1857,-0.03,0.003,0.25,729935.0,86447119.266,1.184,1.19,1.178,1.183,1.01,1.84,1.13,15.02,397556.0,332379.0,131466.0,0.15,1631094.0,1.89,-1499628.0,-1.73,156778.0,0.18,-288243.0,-0.33,10.0,1.185,1.186,3958194832.0,4694419071,4694419071,2026-01-20,2026-01-20 10:54:24+08:00
561580,央企红利ETF,1.243,1.2416,-0.11,0.003,0.24,146229.0,18160069.0,1.24,1.244,1.238,1.24,0.48,1.65,1.02,14.66,61572.0,84657.0,-163475.0,-0.9,2104270.0,11.59,-2267745.0,-12.49,-167649.0,-0.92,331124.0,1.82,400.0,1.242,1.243,885870704.0,1101137285,1101137285,2026-01-20,2026-01-20 10:54:13+08:00
563830,全指现金流ETF博时,1.276,1.2752,-0.06,0.003,0.24,26642.0,3399467.0,1.277,1.282,1.27,1.273,0.94,2.28,6.19,-0.64,16073.0,10569.0,10608.0,0.31,0.0,0.0,10608.0,0.31,510.0,0.02,-11119.0,-0.33,4.0,1.275,1.276,116896000.0,149159296,149159296,2026-01-20,2026-01-20 10:54:13+08:00
561870,自由现金流ETF全指,1.295,1.2976,0.2,0.003,0.23,36351.0,4719015.0,1.297,1.307,1.29,1.292,1.32,2.7,1.55,-5.33,24175.0,12176.0,540113.0,11.45,321807.0,6.82,218306.0,4.63,-556797.0,-11.8,16683.0,0.35,-30.0,1.295,1.298,134765000.0,174520675,174520675,2026-01-20,2026-01-20 10:54:15+08:00
516460,现金流ETF800鹏华,1.3,1.2985,-0.12,0.003,0.23,9697.0,1259019.0,1.299,1.305,1.293,1.297,0.93,0.41,0.79,1.31,7840.0,1857.0,-729750.0,-57.96,-127317.0,-10.11,-602433.0,-47.85,413650.0,32.85,316100.0,25.11,41.0,1.299,1.3,238693000.0,310300900,310300900,2026-01-20,2026-01-20 10:54:16+08:00
159692,证券ETF东财,1.328,1.3276,-0.03,0.003,0.23,206689.0,27452075.2,1.328,1.333,1.324,1.325,0.68,2.77,0.94,3.8,91208.0,115481.0,-445430.0,-1.62,611494.0,2.23,-1056924.0,-3.85,42972.0,0.16,402459.0,1.47,1.0,1.327,1.328,746455968.0,991293526,991293526,2026-01-20,2026-01-20 10:54:21+08:00
563990,800现金流ETF,1.305,1.3051,0.01,0.003,0.23,53483.0,6980992.0,1.305,1.311,1.299,1.302,0.92,1.23,1.55,7.45,11304.0,42179.0,-487674.0,-6.99,2755827.0,39.48,-3243501.0,-46.46,308068.0,4.41,179606.0,2.57,-30.0,1.305,1.306,436573008.0,569727775,569727775,2026-01-20,2026-01-20 10:54:15+08:00
159708,红利ETF,0.902,0.9025,0.06,0.002,0.22,19500.0,1753830.4,0.9,0.903,0.897,0.9,0.67,0.98,0.38,-4.08,8844.0,10656.0,539047.0,30.74,96262.0,5.49,442785.0,25.25,-470879.0,-26.85,-68168.0,-3.89,5.0,0.901,0.902,198028306.0,178621532,178621532,2026-01-20,2026-01-20 10:54:21+08:00
515010,证券ETF华夏,1.38,1.379,-0.07,0.003,0.22,128053.0,17688838.0,1.379,1.386,1.377,1.377,0.65,0.91,0.95,5.42,60653.0,67400.0,-69915.0,-0.4,458833.0,2.59,-528748.0,-2.99,-589471.0,-3.33,659386.0,3.73,-265.0,1.38,1.381,1410771600.0,1946864808,1946864808,2026-01-20,2026-01-20 10:54:17+08:00
512820,银行ETF龙头,1.379,1.3788,-0.01,0.003,0.22,456464.0,62860669.0,1.376,1.383,1.37,1.376,0.94,6.84,1.85,-2.51,236749.0,219715.0,-4336210.0,-6.9,-1078356.0,-1.72,-3257854.0,-5.18,1432118.0,2.28,2904091.0,4.62,-48.0,1.379,1.38,667301904.0,920209326,920209326,2026-01-20,2026-01-20 10:54:19+08:00
510630,消费ETF华夏,0.919,0.9189,-0.01,0.002,0.22,137784.0,12666486.0,0.918,0.921,0.917,0.917,0.44,2.52,1.51,5.94,68317.0,69467.0,-462676.0,-3.65,0.0,0.0,-462676.0,-3.65,188787.0,1.49,273890.0,2.16,111.0,0.918,0.919,546361504.0,502106222,502106222,2026-01-20,2026-01-20 10:54:21+08:00
515760,浙江国资ETF华夏,1.459,1.4574,-0.11,0.003,0.21,2036.0,295891.0,1.451,1.463,1.451,1.456,0.82,0.2,0.83,25.96,516.0,1520.0,205665.0,69.51,0.0,0.0,205665.0,69.51,-180695.0,-61.07,-24970.0,-8.44,1.0,1.452,1.459,102888100.0,150113738,150113738,2026-01-20,2026-01-20 10:54:17+08:00
159151,食品ETF华夏,1.006,1.0061,0.01,0.002,0.2,120744.0,12135837.521,1.006,1.008,1.002,1.004,0.6,9.55,0.83,-91.7,72366.0,48378.0,1424148.0,11.74,456412.0,3.76,967736.0,7.97,-1416675.0,-11.67,-7474.0,-0.06,1588.0,1.005,1.006,126451063.0,127209769,127209769,2026-01-20,2026-01-20 10:54:18+08:00
560130,食品ETF鹏华,1.009,1.0086,-0.04,0.002,0.2,70853.0,7146419.0,1.008,1.01,1.001,1.007,0.89,4.52,0.82,-67.26,45881.0,24972.0,2313085.0,32.37,2639303.0,36.93,-326218.0,-4.56,-1993281.0,-27.89,-319805.0,-4.48,945.0,1.008,1.009,156776200.0,158187186,158187186,2026-01-20,2026-01-20 10:54:16+08:00
515850,证券ETF富国,1.488,1.4873,-0.05,0.003,0.2,62145.0,9255755.0,1.485,1.494,1.484,1.485,0.67,2.54,0.87,10.89,30113.0,32032.0,206912.0,2.24,-136680.0,-1.48,343592.0,3.71,-257696.0,-2.78,50784.0,0.55,-22.0,1.487,1.488,244791000.0,364249008,364249008,2026-01-20,2026-01-20 10:54:19+08:00
512960,央企结构调整ETF,1.481,1.4799,-0.07,0.003,0.2,13023.0,1922595.0,1.49,1.49,1.471,1.478,1.29,0.03,1.45,18.68,5274.0,7749.0,-204542.0,-10.64,0.0,0.0,-204542.0,-10.64,179965.0,9.36,24577.0,1.28,150.0,1.479,1.48,4001257296.0,5925862055,5925862055,2026-01-20,2026-01-20 10:54:19+08:00
589030,科创芯片设计ETF易方达,1.01,1.0071,-0.29,0.002,0.2,453774.0,46237273.0,1.01,1.031,1.001,1.008,2.98,15.86,1.59,-13.52,236355.0,217419.0,-2423323.0,-5.24,3958058.0,8.56,-6381381.0,-13.81,687643.0,1.49,1735680.0,3.76,200.0,1.009,1.011,286077008.0,288937778,288937778,2026-01-20,2026-01-20 10:54:14+08:00
159855,影视ETF,1.029,1.0282,-0.08,0.002,0.19,90540.0,9313310.8,1.032,1.045,1.015,1.027,2.92,9.69,0.88,1.09,31940.0,58600.0,-1005298.0,-10.79,-900370.0,-9.67,-104928.0,-1.13,1032513.0,11.09,-27215.0,-0.29,-30.0,1.028,1.029,93425236.0,96134568,96134568,2026-01-20,2026-01-20 10:54:18+08:00
159589,红利ETF广发,1.075,1.0778,0.26,0.002,0.19,9503.0,1021722.9,1.074,1.078,1.074,1.073,0.37,0.97,0.87,-2.23,5969.0,3534.0,131627.0,12.88,-237684.0,-23.26,369311.0,36.15,-21480.0,-2.1,-110147.0,-10.78,20.0,1.076,1.078,97590005.0,104909255,104909255,2026-01-20,2026-01-20 10:54:18+08:00
560700,央企红利ETF广发,1.132,1.1316,-0.04,0.002,0.18,150850.0,17044380.0,1.13,1.135,1.127,1.13,0.71,3.78,3.02,-1.11,82460.0,68390.0,4900280.0,28.75,3806206.0,22.33,1094074.0,6.42,-4794513.0,-28.13,-105767.0,-0.62,198.0,1.131,1.132,399036896.0,451709766,451709766,2026-01-20,2026-01-20 10:54:14+08:00
159841,证券ETF,1.093,1.0912,-0.16,0.002,0.18,1962848.0,214512722.681,1.092,1.098,1.089,1.091,0.82,2.07,1.12,-20.45,1118367.0,844481.0,-8028792.0,-3.75,-69642589.0,-32.49,61613797.0,28.74,4209554.0,1.96,3819237.0,1.78,1428.0,1.092,1.093,9461838592.0,10341789581,10341789581,2026-01-20,2026-01-20 10:54:21+08:00
516730,证券ETF浦银,1.084,1.0848,0.07,0.002,0.18,37528.0,4070519.0,1.083,1.089,1.082,1.082,0.65,3.63,1.28,5.76,16553.0,20975.0,1052666.0,25.86,1013494.0,24.9,39172.0,0.96,-328763.0,-8.08,-723903.0,-17.78,907.0,1.084,1.085,103380800.0,112064787,112064787,2026-01-20,2026-01-20 10:54:16+08:00
562960,绿色电力ETF易方达,1.131,1.1308,-0.02,0.002,0.18,17592.0,1993084.0,1.129,1.139,1.128,1.129,0.97,0.69,0.67,13.95,7695.0,9897.0,74900.0,3.76,-7924.0,-0.4,82824.0,4.16,-145366.0,-7.29,70465.0,3.54,133.0,1.13,1.131,255391000.0,288847221,288847221,2026-01-20,2026-01-20 10:54:14+08:00
512880,证券ETF,1.205,1.2042,-0.07,0.002,0.17,10530341.0,1269132646.0,1.202,1.21,1.2,1.203,0.83,2.2,1.15,-11.84,4684015.0,5846326.0,183560016.0,14.46,280196752.0,22.08,-96636736.0,-7.61,107942.0,0.01,-183668577.0,-14.47,15.0,1.204,1.205,47906291456.0,57727081204,57727081204,2026-01-20,2026-01-20 10:54:18+08:00
589210,科创芯片设计ETF广发,1.2,1.2004,0.03,0.002,0.17,97710.0,11889425.0,1.198,1.231,1.192,1.198,3.26,14.27,2.88,7.58,46490.0,51220.0,-4982241.0,-41.9,-6501442.0,-54.68,1519201.0,12.78,2995690.0,25.2,1986550.0,16.71,72.0,1.2,1.204,68469000.0,82162800,82162800,2026-01-20,2026-01-20 10:54:12+08:00
159332,央企红利ETF富国,1.196,1.1983,0.19,0.002,0.17,4017.0,481468.2,1.204,1.204,1.194,1.194,0.84,0.54,0.8,-11.04,1577.0,2440.0,-94865.0,-19.7,-63580.0,-13.21,-31285.0,-6.5,78141.0,16.23,16724.0,3.47,-10.0,1.197,1.198,74521477.0,89127686,89127686,2026-01-20,2026-01-20 10:54:21+08:00
560090,证券ETF龙头,1.292,1.2914,-0.05,0.002,0.16,548586.0,70938009.0,1.293,1.298,1.288,1.29,0.78,1.93,1.06,5.67,263509.0,285077.0,-6546584.0,-9.23,-11120401.0,-15.68,4573817.0,6.45,3531513.0,4.98,3015071.0,4.25,1709.0,1.292,1.293,2847865008.0,3679441590,3679441590,2026-01-20,2026-01-20 10:54:16+08:00
563770,全指现金流ETF,1.291,1.2908,-0.02,0.002,0.16,14852.0,1921372.0,1.294,1.297,1.284,1.289,1.01,4.46,1.5,14.83,7679.0,7173.0,-8434.0,-0.44,867318.0,45.14,-875752.0,-45.58,44914.0,2.34,-36479.0,-1.9,-2500.0,1.29,1.291,33307000.0,42999337,42999337,2026-01-20,2026-01-20 10:54:13+08:00
562060,标普A股红利ETF华宝,0.639,0.639,0.0,0.001,0.16,574139.0,36719196.0,0.637,0.642,0.636,0.638,0.94,1.3,2.18,0.34,314492.0,259647.0,95778.0,0.26,3499841.0,9.53,-3404063.0,-9.27,-206441.0,-0.56,110662.0,0.3,427.0,0.638,0.639,4400792576.0,2812106456,2812106456,2026-01-20,2026-01-20 10:54:16+08:00
159905,深红利ETF,1.878,1.8778,-0.01,0.003,0.16,94707.0,17730732.9,1.867,1.88,1.866,1.875,0.75,0.97,1.27,25.44,48441.0,46266.0,595302.0,3.36,1873589.0,10.57,-1278287.0,-7.21,-650120.0,-3.67,54817.0,0.31,34.0,1.877,1.878,975443952.0,1831883742,1831883742,2026-01-20,2026-01-20 10:54:21+08:00
159862,食品ETF,0.641,0.6408,-0.03,0.001,0.16,51367.0,3292752.0,0.64,0.643,0.638,0.64,0.78,1.76,0.92,13.71,32408.0,18959.0,-195770.0,-5.95,-956762.0,-29.06,760992.0,23.11,168103.0,5.11,27669.0,0.84,-1945.0,0.64,0.641,292500624.0,187492900,187492900,2026-01-20,2026-01-20 10:54:15+08:00
159672,主要消费ETF,0.739,0.7392,0.03,0.001,0.14,48190.0,3565915.6,0.74,0.741,0.736,0.738,0.68,3.95,2.19,27.13,33112.0,15078.0,219713.0,6.16,-311110.0,-8.72,530823.0,14.89,-212341.0,-5.95,-7372.0,-0.21,-63.0,0.739,0.74,121887409.0,90074795,90074795,2026-01-20,2026-01-20 10:54:21+08:00
159928,消费ETF,0.783,0.784,0.13,0.001,0.13,5699410.0,446598116.26,0.782,0.786,0.78,0.782,0.77,1.92,1.74,29.98,1996688.0,3702722.0,2166004.0,0.49,6504976.0,1.46,-4338972.0,-0.97,-5438454.0,-1.22,3272440.0,0.73,-6767.0,0.783,0.784,29688628992.0,23246196501,23246196501,2026-01-20,2026-01-20 10:54:21+08:00
510270,国企ETF,1.544,1.5442,0.01,0.002,0.13,1265.0,194377.0,1.545,1.545,1.536,1.542,0.58,0.91,0.4,14.65,23.0,1242.0,184048.0,94.69,0.0,0.0,184048.0,94.69,-185900.0,-95.64,1853.0,0.95,5.0,1.541,1.544,13832100.0,21356762,21356762,2026-01-20,2026-01-20 10:54:18+08:00
510880,红利ETF,3.183,3.184,0.03,0.004,0.13,741421.0,235947021.0,3.18,3.189,3.175,3.179,0.44,1.2,1.15,8.26,376971.0,364451.0,-32701823.0,-13.88,-12677662.0,-5.38,-20024161.0,-8.5,16904838.0,7.17,15796985.0,6.7,-1015.0,3.183,3.184,6167675648.0,19631711588,19631711588,2026-01-20,2026-01-20 10:54:20+08:00
159965,央视50ETF,1.692,1.6912,-0.05,0.002,0.12,992.0,167970.4,1.693,1.696,1.684,1.69,0.71,0.32,0.72,0.29,276.0,716.0,-39037.0,-23.24,0.0,0.0,-39037.0,-23.24,878.0,0.52,38159.0,22.72,118.0,1.689,1.692,31426953.0,53174404,53174404,2026-01-20,2026-01-20 10:54:21+08:00
520830,沙特ETF,0.919,0.9084,-1.17,0.001,0.11,208981.0,19226259.0,0.921,0.922,0.919,0.918,0.33,1.42,0.44,23.8,106726.0,102255.0,-926358.0,-4.82,-4202636.0,-21.86,3276278.0,17.04,1120385.0,5.83,-194027.0,-1.01,-1.0,0.919,0.92,1471119008.0,1351958368,1351958368,2026-01-20,2026-01-20 10:54:15+08:00
159260,证券ETF博时,0.947,0.9477,0.07,0.001,0.11,40613.0,3850750.8,0.943,0.952,0.943,0.946,0.95,0.41,0.71,8.77,21649.0,18964.0,50561.0,1.31,0.0,0.0,50561.0,1.31,142668.0,3.7,-193229.0,-5.02,-1200.0,0.946,0.947,993713584.0,941046764,941046764,2026-01-20,2026-01-20 10:54:18+08:00
159329,沙特ETF南方,0.931,0.9196,-1.24,0.001,0.11,220323.0,20529774.2,0.933,0.934,0.93,0.93,0.43,1.47,0.54,2.67,109430.0,110893.0,-296981.0,-1.45,-388308.0,-1.89,91327.0,0.44,519818.0,2.53,-222837.0,-1.09,-4.0,0.931,0.932,1498689184.0,1395279630,1395279630,2026-01-20,2026-01-20 10:54:18+08:00
560000,智能电车ETF浦银,0.901,0.8926,-0.94,0.001,0.11,36158.0,3276357.0,0.907,0.929,0.888,0.9,4.56,32.8,14.67,-73.81,14014.0,22144.0,-342265.0,-10.45,81073.0,2.47,-423338.0,-12.92,169865.0,5.18,172401.0,5.26,2.0,0.898,0.907,11022900.0,9931633,9931633,2026-01-20,2026-01-20 10:54:14+08:00
510720,红利国企ETF,0.953,0.9531,0.01,0.001,0.11,411403.0,39174839.0,0.952,0.954,0.95,0.952,0.42,1.3,0.81,17.4,216298.0,195105.0,-113280.0,-0.29,3126882.0,8.01,-3240162.0,-8.3,-660251.0,-1.69,773531.0,1.98,1311.0,0.952,0.953,3163766000.0,3015068998,3015068998,2026-01-20,2026-01-20 10:54:19+08:00
159146,电力ETF华宝,1.008,1.0081,0.01,0.001,0.1,974645.0,98265598.662,1.006,1.012,1.003,1.007,0.89,13.55,,-46.8,497931.0,476714.0,10838154.0,11.03,23564812.0,23.98,-12726658.0,-12.95,-12137088.0,-12.35,1298935.0,1.32,10.0,1.007,1.008,719440848.0,725196375,725196375,2026-01-20,2026-01-20 10:54:27+08:00
563700,红利价值ETF易方达,1.035,1.0357,0.07,0.001,0.1,37288.0,3855909.0,1.03,1.037,1.03,1.034,0.68,0.7,1.52,-2.49,17268.0,20020.0,-589783.0,-15.3,-989968.0,-25.67,400185.0,10.38,104285.0,2.7,485499.0,12.59,-30.0,1.035,1.036,536150000.0,554915250,554915250,2026-01-20,2026-01-20 10:54:13+08:00
560620,公用事业ETF万家,0.962,0.9619,-0.01,0.001,0.1,2634.0,253158.0,0.961,0.963,0.956,0.961,0.73,0.45,0.93,3.79,1566.0,1068.0,-37004.0,-14.62,0.0,0.0,-37004.0,-14.62,161317.0,63.72,-124313.0,-49.1,877.0,0.959,0.962,58867000.0,56630054,56630054,2026-01-20,2026-01-20 10:54:13+08:00
530880,红利ETF国企,1.002,1.0006,-0.14,0.001,0.1,2488.0,248754.0,1.001,1.002,0.998,1.001,0.4,0.45,0.44,-9.43,925.0,1563.0,18615.0,7.48,0.0,0.0,18615.0,7.48,-47595.0,-19.13,28981.0,11.65,45.0,1.0,1.001,54836000.0,54945672,54945672,2026-01-20,2026-01-20 10:54:15+08:00
563850,食品ETF广发,1.04,1.0389,-0.11,0.001,0.1,48866.0,5080513.0,1.039,1.043,1.036,1.039,0.67,4.95,1.19,-11.26,17258.0,31608.0,114297.0,2.25,519499.0,10.23,-405202.0,-7.98,-237438.0,-4.67,123140.0,2.42,10.0,1.039,1.04,98681700.0,102628968,102628968,2026-01-20,2026-01-20 10:54:14+08:00
159731,石化ETF,0.981,0.9801,-0.09,0.001,0.1,480034.0,47336784.5,0.98,0.993,0.976,0.98,1.73,8.55,1.72,60.41,202478.0,277556.0,-9079068.0,-19.25,-15199362.0,-32.22,6120294.0,12.97,5767479.0,12.23,3311588.0,7.02,-1683.0,0.981,0.982,561375808.0,550709668,550709668,2026-01-20,2026-01-20 10:54:21+08:00
159611,电力ETF,1.045,1.0433,-0.16,0.001,0.1,1685423.0,176152966.562,1.045,1.05,1.039,1.044,1.05,4.27,1.57,17.11,704541.0,980882.0,1211449.0,0.69,9649150.0,5.49,-8437701.0,-4.8,-4209127.0,-2.39,2997679.0,1.71,3333.0,1.044,1.045,3943962896.0,4121441226,4121441226,2026-01-20,2026-01-20 10:54:24+08:00
516200,证券ETF指数基金,1.151,1.1504,-0.05,0.001,0.09,27480.0,3166166.0,1.151,1.156,1.149,1.15,0.61,0.85,1.01,3.64,14359.0,13121.0,579459.0,18.39,-44071.0,-1.4,623530.0,19.79,289398.0,9.19,-868859.0,-27.58,136.0,1.15,1.152,321604000.0,370166204,370166204,2026-01-20,2026-01-20 10:54:16+08:00
513900,港股通100ETF,1.099,1.1091,0.91,0.001,0.09,118474.0,13030645.0,1.094,1.106,1.093,1.098,1.18,11.29,1.84,-6.6,60802.0,57672.0,-261108.0,-2.0,0.0,0.0,-261108.0,-2.0,263751.0,2.02,-2643.0,-0.02,-2000.0,1.098,1.099,104978000.0,115370822,115370822,2026-01-20,2026-01-20 10:54:18+08:00
159336,央企红利50ETF,1.155,1.1538,-0.1,0.001,0.09,9617.0,1110908.9,1.158,1.16,1.149,1.154,0.95,0.2,0.53,1.62,4404.0,5213.0,353151.0,31.79,0.0,0.0,353151.0,31.79,-299971.0,-27.0,-53180.0,-4.79,99.0,1.154,1.156,488905088.0,564685377,564685377,2026-01-20,2026-01-20 10:54:21+08:00
159207,高股息ETF,1.123,1.1233,0.03,0.001,0.09,58815.0,6605363.3,1.123,1.126,1.119,1.122,0.62,1.34,0.72,13.71,23638.0,35177.0,-162314.0,-2.46,-1448184.0,-21.92,1285870.0,19.47,179742.0,2.72,-17427.0,-0.26,151.0,1.122,1.124,437983344.0,491855295,491855295,2026-01-20,2026-01-20 10:54:18+08:00
515560,证券ETF建信,1.102,1.1023,0.03,0.001,0.09,31383.0,3461178.0,1.099,1.107,1.099,1.101,0.73,1.63,1.07,2.54,15159.0,16224.0,711621.0,20.56,0.0,0.0,711621.0,20.56,76173.0,2.2,-787795.0,-22.76,1176.0,1.102,1.103,192883300.0,212557397,212557397,2026-01-20,2026-01-20 10:54:17+08:00
530800,上证180ETF基金,1.259,1.2596,0.05,0.001,0.08,1113.0,140257.0,1.265,1.267,1.254,1.258,1.03,0.61,0.67,15.54,689.0,424.0,-106910.0,-76.22,0.0,0.0,-106910.0,-76.22,8084.0,5.76,98827.0,70.46,5.0,1.258,1.26,18201800.0,22916066,22916066,2026-01-20,2026-01-20 10:54:15+08:00
159236,自由现金流ETF工银,1.289,1.289,0.0,0.001,0.08,66029.0,8512647.624,1.294,1.294,1.282,1.288,0.93,13.84,1.99,5.05,36659.0,29370.0,-144759.0,-1.7,-37860.0,-0.44,-106899.0,-1.26,153565.0,1.8,-8805.0,-0.1,-50.0,1.288,1.289,47722161.0,61513866,61513866,2026-01-20,2026-01-20 10:54:18+08:00
512570,证券ETF易方达,1.208,1.2078,-0.02,0.001,0.08,276296.0,33424709.0,1.205,1.214,1.205,1.207,0.75,1.35,1.4,3.15,144893.0,131403.0,-1045413.0,-3.13,-1088370.0,-3.26,42957.0,0.13,1221853.0,3.66,-176441.0,-0.53,1723.0,1.208,1.209,2048806096.0,2474957764,2474957764,2026-01-20,2026-01-20 10:54:20+08:00
159235,中证现金流ETF大成,1.318,1.3172,-0.06,0.001,0.08,422008.0,55631479.9,1.314,1.324,1.311,1.317,0.99,2.4,1.66,-16.02,168544.0,253464.0,-376495.0,-0.68,1175660.0,2.12,-1552155.0,-2.79,634200.0,1.14,-257705.0,-0.46,700.0,1.317,1.319,1761729552.0,2321959550,2321959550,2026-01-20,2026-01-20 10:54:24+08:00
530580,上证180ETF南方,1.216,1.2183,0.19,0.001,0.08,74777.0,9072992.0,1.224,1.226,1.209,1.215,1.4,10.81,2.43,9.55,41777.0,33000.0,780836.0,8.61,1901646.0,20.96,-1120810.0,-12.35,-983455.0,-10.84,202618.0,2.23,-15.0,1.216,1.217,69149000.0,84085184,84085184,2026-01-20,2026-01-20 10:54:16+08:00
159529,标普消费ETF,1.38,1.3383,-3.12,0.001,0.07,452032.0,62449343.3,1.381,1.385,1.377,1.379,0.58,6.57,0.69,-26.43,227233.0,224799.0,-1100970.0,-1.76,-2191791.0,-3.51,1090821.0,1.75,759185.0,1.22,341785.0,0.55,-763.0,1.38,1.381,688536784.0,950180762,950180762,2026-01-20,2026-01-20 10:54:21+08:00
512950,央企改革ETF华夏,1.531,1.5324,0.09,0.001,0.07,47941.0,7346981.0,1.53,1.543,1.521,1.53,1.44,0.12,1.92,7.62,22103.0,25838.0,874517.0,11.9,766135.0,10.43,108382.0,1.48,-283521.0,-3.86,-590995.0,-8.04,-120.0,1.531,1.532,4055551008.0,6209048593,6209048593,2026-01-20,2026-01-20 10:54:20+08:00
562530,中证1000价值ETF,1.381,1.3849,0.28,0.001,0.07,9904.0,1368759.0,1.379,1.388,1.376,1.38,0.87,2.74,1.93,1.23,3200.0,6704.0,24495.0,1.79,0.0,0.0,24495.0,1.79,12225.0,0.89,-36720.0,-2.68,-1570.0,1.38,1.382,36144000.0,49914864,49914864,2026-01-20,2026-01-20 10:54:16+08:00
513730,东南亚科技ETF,1.39,1.4161,1.84,0.001,0.07,77655.0,10806655.0,1.393,1.394,1.39,1.389,0.29,0.88,1.09,-9.07,25393.0,52262.0,-1271916.0,-11.77,874424.0,8.09,-2146340.0,-19.86,2114085.0,19.56,-842170.0,-7.79,-40.0,1.39,1.392,884355008.0,1229253461,1229253461,2026-01-20,2026-01-20 10:54:15+08:00
560880,家电ETF广发,1.701,1.7012,0.01,0.001,0.06,50806.0,8641077.0,1.712,1.712,1.691,1.7,1.24,1.33,1.63,-3.5,26788.0,24018.0,251664.0,2.91,0.0,0.0,251664.0,2.91,-281207.0,-3.25,29543.0,0.34,-1400.0,1.7,1.701,381232000.0,648475632,648475632,2026-01-20,2026-01-20 10:54:14+08:00
515110,一带一路ETF易方达,1.698,1.6963,-0.1,0.001,0.06,34734.0,5900034.0,1.7,1.709,1.687,1.697,1.3,1.58,2.24,-11.03,20965.0,13769.0,-993931.0,-16.85,1536376.0,26.04,-2530307.0,-42.89,-333489.0,-5.65,1327419.0,22.5,1.0,1.697,1.699,219295000.0,372362910,372362910,2026-01-20,2026-01-20 10:54:18+08:00
513140,港股金融ETF,1.647,1.6487,0.1,0.001,0.06,133962.0,22068188.0,1.647,1.653,1.638,1.646,0.91,13.83,1.7,-13.69,70292.0,63670.0,-216939.0,-0.98,-902609.0,-4.09,685670.0,3.11,551002.0,2.5,-334063.0,-1.51,1812.0,1.647,1.648,96868000.0,159541596,159541596,2026-01-20,2026-01-20 10:54:19+08:00
562820,集成电路ETF,2.561,2.5578,-0.13,0.001,0.04,42407.0,10936991.0,2.548,2.609,2.539,2.56,2.73,8.81,2.6,-0.1,24120.0,18287.0,299195.0,2.74,1688172.0,15.44,-1388977.0,-12.7,-631268.0,-5.77,332072.0,3.04,-120.0,2.561,2.563,48136000.0,123276296,123276296,2026-01-20,2026-01-20 10:54:10+08:00
159916,深F60ETF,5.236,5.2486,0.24,0.002,0.04,76.0,39770.9,5.214,5.261,5.214,5.234,0.9,0.02,0.11,1.12,8.0,68.0,3128.0,7.87,3128.0,7.87,0.0,0.0,29821.0,74.98,-32949.0,-82.85,-15.0,5.239,5.251,49566039.0,259527780,259527780,2026-01-20,2026-01-20 10:54:21+08:00
511910,融通货币ETF,100.017,,,0.017,0.02,13.0,128503.0,99.999,100.017,99.999,100.0,0.02,1.12,0.66,17.14,10.0,3.0,0.0,0.0,0.0,0.0,0.0,0.0,-8500.0,-6.61,8500.0,6.61,1.0,100.002,100.016,115000.0,11501955,11501955,2026-01-20,2026-01-20 10:54:10+08:00
159001,货币ETF易方达,100.0,,,0.0,0.0,15249.0,152486632.639,100.0,100.0,99.999,100.0,0.0,9.23,0.68,-37.56,9465.0,5784.0,2146081.0,1.41,366100.0,0.24,1779981.0,1.17,-1129989.0,-0.74,-1016091.0,-0.67,1.0,99.999,100.0,16522645.0,1652264500,1652264500,2026-01-20,2026-01-20 10:53:57+08:00
159223,现金流ETF永赢,1.235,1.2357,0.06,0.0,0.0,11671.0,1437946.9,1.235,1.242,1.228,1.235,1.13,0.36,0.21,5.34,7131.0,4540.0,51504.0,3.58,491600.0,34.19,-440096.0,-30.61,0.0,0.0,-51504.0,-3.58,-17.0,1.235,1.236,322844752.0,398713269,398713269,2026-01-20,2026-01-20 10:54:24+08:00
159005,汇添富快钱ETF,99.999,,,-0.001,0.0,323.0,3230198.198,99.999,100.0,99.999,100.0,0.0,4.94,0.79,19.87,195.0,128.0,220198.0,6.82,660000.0,20.43,-439802.0,-13.62,-29999.0,-0.93,-190199.0,-5.89,-1.0,99.999,100.0,653545.0,65353846,65353846,2026-01-20,2026-01-20 10:54:03+08:00
159318,恒生港股通ETF,1.403,1.408,0.36,0.0,0.0,22224.0,3117869.0,1.414,1.414,1.394,1.403,1.43,6.82,0.53,-1.76,10737.0,11487.0,252595.0,8.1,0.0,0.0,252595.0,8.1,-196858.0,-6.31,-55738.0,-1.79,20.0,1.401,1.403,32601647.0,45740111,45740111,2026-01-20,2026-01-20 10:54:18+08:00
159301,公用事业ETF,0.97,0.9706,0.06,0.0,0.0,90453.0,8781944.4,0.97,0.975,0.968,0.97,0.72,10.84,1.77,5.49,41986.0,48467.0,520552.0,5.93,-9924.0,-0.11,530476.0,6.04,-500742.0,-5.7,-19810.0,-0.23,-52.0,0.97,0.971,83458357.0,80954606,80954606,2026-01-20,2026-01-20 10:54:21+08:00
511800,易方达货币ETF,100.001,,,0.003,0.0,160.0,1597186.0,100.001,100.002,99.996,99.998,0.01,0.91,0.85,20.67,45.0,115.0,867209.0,54.3,369996.0,23.17,497213.0,31.13,-467105.0,-29.25,-400105.0,-25.05,-2.0,100.0,100.001,1748200.0,174821748,174821748,2026-01-20,2026-01-20 10:54:20+08:00
511770,金鹰增益货币ETF,100.001,,,0.0,0.0,58.0,580006.0,100.002,100.005,99.999,100.001,0.01,2.7,1.14,43.75,32.0,26.0,0.0,0.0,0.0,0.0,0.0,0.0,-8999.0,-1.55,8998.0,1.55,-1.0,100.0,100.004,214600.0,21460215,21460215,2026-01-20,2026-01-20 10:54:09+08:00
511700,场内货币ETF,99.998,,,-0.001,0.0,2867.0,28669097.0,99.998,100.0,99.998,99.999,0.0,2.48,0.83,-9.13,1828.0,1039.0,2116643.0,7.38,3836006.0,13.38,-1719363.0,-6.0,-1491760.0,-5.2,-624883.0,-2.18,-50.0,99.998,99.999,11571800.0,1157156856,1157156856,2026-01-20,2026-01-20 10:54:10+08:00
513650,标普500ETF南方,1.805,1.7506,-3.11,0.0,0.0,180632.0,32567453.0,1.807,1.808,1.801,1.805,0.39,0.66,1.13,58.54,68648.0,111984.0,-1306256.0,-4.04,-1101290.0,-3.4,-204966.0,-0.63,1283390.0,3.96,22866.0,0.07,1100.0,1.804,1.805,2720734000.0,4910924870,4910924870,2026-01-20,2026-01-20 10:54:17+08:00
511690,交易货币ETF大成,100.0,,,0.001,0.0,527.0,5270285.0,99.998,100.001,99.998,99.999,0.0,0.61,0.63,6.32,259.0,268.0,1120193.0,21.25,220284.0,4.18,899909.0,17.08,-860096.0,-16.32,-260097.0,-4.94,-30.0,99.999,100.0,8571000.0,857100000,857100000,2026-01-20,2026-01-20 10:53:55+08:00
511670,华泰天天金ETF,100.0,,,0.001,0.0,6.0,61000.0,99.997,100.0,99.997,99.999,0.0,0.39,0.35,59.91,6.0,0.0,0.0,0.0,0.0,0.0,0.0,0.0,100.0,0.16,-100.0,-0.16,6.0,100.0,100.003,156600.0,15660000,15660000,2026-01-20,2026-01-20 10:54:11+08:00
561560,电力ETF,1.264,1.2646,0.05,0.0,0.0,397063.0,50265739.0,1.265,1.271,1.26,1.264,0.87,6.34,1.86,-20.2,202035.0,195028.0,-3002281.0,-5.97,-5552831.0,-11.05,2550550.0,5.07,1219305.0,2.43,1782975.0,3.55,20.0,1.264,1.265,626124208.0,791420999,791420999,2026-01-20,2026-01-20 10:54:13+08:00
511660,货币ETF建信添益,99.998,,,0.001,0.0,38471.0,384700416.0,99.996,99.999,99.996,99.997,0.0,4.23,1.41,29.62,20947.0,17524.0,10066893.0,2.62,17663872.0,4.59,-7596979.0,-1.97,-8067257.0,-2.1,-1999636.0,-0.52,-2.0,99.998,99.999,90969600.0,9096778061,9096778061,2026-01-20,2026-01-20 10:54:18+08:00
511650,货币ETF华夏,99.998,,,0.0,0.0,4.0,39999.0,100.0,100.0,99.997,99.998,0.0,0.04,0.06,1.56,1.0,3.0,0.0,0.0,0.0,0.0,0.0,0.0,-1.0,0.0,0.0,0.0,-2.0,99.998,100.0,933600.0,93358133,93358133,2026-01-20,2026-01-20 10:54:10+08:00
511620,货币基金ETF,99.999,,,-0.001,0.0,1028.0,10276933.0,100.0,100.001,99.998,100.0,0.0,2.85,1.27,31.19,515.0,513.0,482693.0,4.7,-2708581.0,-26.36,3191274.0,31.05,-431295.0,-4.2,-51398.0,-0.5,-10.0,99.999,100.0,3607400.0,360736393,360736393,2026-01-20,2026-01-20 10:53:57+08:00
159003,招商快线ETF,100.0,,,0.001,0.0,1268.0,12679989.3,100.0,100.001,99.999,99.999,0.0,7.05,0.96,25.6,739.0,529.0,600201.0,4.73,-1179777.0,-9.3,1779978.0,14.04,-610200.0,-4.81,9999.0,0.08,273.0,99.999,100.0,1799855.0,179985500,179985500,2026-01-20,2026-01-20 10:53:33+08:00
159229,自由现金流ETF广发,1.273,1.2726,-0.03,0.0,0.0,39026.0,4966365.2,1.277,1.279,1.266,1.273,1.02,10.68,0.94,15.63,18885.0,20141.0,124759.0,2.51,0.0,0.0,124759.0,2.51,-130677.0,-2.63,5917.0,0.12,-1800.0,1.273,1.274,36556022.0,46535816,46535816,2026-01-20,2026-01-20 10:54:21+08:00
511160,国债ETF东财,101.08,,,0.004,0.0,2868.0,28989223.0,101.081,101.085,101.055,101.076,0.03,0.8,0.15,84.94,2735.0,133.0,323549.0,1.12,-555956.0,-1.92,879505.0,3.03,40354.0,0.14,-363903.0,-1.26,-1.0,101.08,101.081,36070900.0,3646046572,3646046572,2026-01-20,2026-01-20 10:54:16+08:00
511600,货币ETF,99.998,,,-0.001,0.0,287.0,2874238.0,99.998,99.998,99.997,99.999,0.0,4.23,1.52,-6.76,235.0,52.0,-1096077.0,-38.13,-2206058.0,-76.75,1109981.0,38.62,730184.0,25.4,365892.0,12.73,-1.0,99.998,99.999,679400.0,67938641,67938641,2026-01-20,2026-01-20 10:54:18+08:00
511930,国联日盈货币ETF,99.997,,,-0.002,0.0,15.0,150599.0,99.997,100.0,99.997,99.999,0.0,0.66,0.61,45.36,12.0,3.0,0.0,0.0,0.0,0.0,0.0,0.0,30099.0,19.99,-30099.0,-19.99,-1.0,99.998,100.001,228900.0,22889313,22889313,2026-01-20,2026-01-20 10:54:03+08:00
510990,180ESGETF,1.072,1.0732,0.11,0.0,0.0,66567.0,7132777.0,1.076,1.076,1.068,1.072,0.75,15.5,10.52,15.81,34002.0,32565.0,30420.0,0.43,0.0,0.0,30420.0,0.43,-27197.0,-0.38,-3222.0,-0.05,-2000.0,1.071,1.074,42948600.0,46040899,46040899,2026-01-20,2026-01-20 10:54:20+08:00
511920,广发货币ETF,100.0,,,0.002,0.0,4.0,40100.0,99.997,100.0,99.997,99.998,0.0,0.11,0.43,16.59,2.0,2.0,0.0,0.0,0.0,0.0,0.0,0.0,-9901.0,-24.69,9901.0,24.69,-1.0,99.998,100.001,374200.0,37420000,37420000,2026-01-20,2026-01-20 10:53:52+08:00
511900,富国货币ETF,99.999,,,0.0,0.0,78.0,780787.0,99.993,100.004,99.993,99.999,0.01,0.49,0.22,2.25,21.0,57.0,110696.0,14.18,310791.0,39.8,-200095.0,-25.63,-20692.0,-2.65,-90003.0,-11.53,1.0,99.998,99.999,1599900.0,159988400,159988400,2026-01-20,2026-01-20 10:54:18+08:00
517900,银行AH优选ETF,1.44,1.4435,0.24,0.0,0.0,124077.0,17834476.0,1.44,1.441,1.434,1.44,0.49,1.72,1.48,-8.48,42373.0,81704.0,-1569341.0,-8.8,-3999734.0,-22.43,2430393.0,13.63,-2052054.0,-11.51,3621394.0,20.31,5.0,1.439,1.44,719993504.0,1036790646,1036790646,2026-01-20,2026-01-20 10:54:16+08:00
520820,恒生港股通ETF,0.998,0.9995,0.15,0.0,0.0,47317.0,4718080.0,0.998,1.001,0.992,0.998,0.9,3.54,1.03,19.38,18530.0,28787.0,305134.0,6.47,933407.0,19.78,-628273.0,-13.32,-322325.0,-6.83,17191.0,0.36,2432.0,0.996,0.997,133682000.0,133414636,133414636,2026-01-20,2026-01-20 10:54:16+08:00
511820,鹏华添利ETF,100.0,,,0.001,0.0,57.0,569093.0,99.999,100.0,99.997,99.999,0.0,0.61,1.76,-46.93,48.0,9.0,0.0,0.0,0.0,0.0,0.0,0.0,-200.0,-0.04,200.0,0.04,0.0,100.0,100.007,938700.0,93870000,93870000,2026-01-20,2026-01-20 10:54:06+08:00
511810,货币ETF南方,99.999,,,-0.001,0.0,643.0,6428887.0,99.998,100.0,99.996,100.0,0.0,1.55,0.95,33.05,220.0,423.0,1149993.0,17.89,641088.0,9.97,508905.0,7.92,-471003.0,-7.33,-678991.0,-10.56,-2.0,99.999,100.0,4149500.0,414945851,414945851,2026-01-20,2026-01-20 10:54:06+08:00
530300,上证180ETF华泰柏瑞,1.265,1.2658,0.06,0.0,0.0,50885.0,6426659.0,1.269,1.27,1.258,1.265,0.95,11.66,4.28,25.61,26324.0,24561.0,277515.0,4.32,0.0,0.0,277515.0,4.32,-306259.0,-4.77,28744.0,0.45,1.0,1.261,1.265,43643000.0,55208395,55208395,2026-01-20,2026-01-20 10:54:14+08:00
530050,上证50ETF东财,1.211,1.2135,0.21,0.0,0.0,13610.0,1650301.0,1.211,1.218,1.207,1.211,0.91,0.99,1.74,8.23,5351.0,8259.0,312840.0,18.96,0.0,0.0,312840.0,18.96,-207263.0,-12.56,-105578.0,-6.4,10.0,1.21,1.211,136813000.0,165680543,165680543,2026-01-20,2026-01-20 10:54:14+08:00
159630,A100ETF汇添富,1.395,1.393,-0.14,0.0,0.0,823.0,115014.0,1.397,1.398,1.395,1.395,0.22,0.9,0.16,-2.43,408.0,415.0,56019.0,48.71,0.0,0.0,56019.0,48.71,-81044.0,-70.46,25023.0,21.76,-1.0,1.39,1.394,9113744.0,12713673,12713673,2026-01-20,2026-01-20 10:54:24+08:00
516670,畜牧养殖ETF,0.708,0.7082,0.03,0.0,0.0,190889.0,13565693.0,0.709,0.714,0.707,0.708,0.99,1.02,1.26,-14.59,93007.0,97882.0,791205.0,5.83,796220.0,5.87,-5015.0,-0.04,-605707.0,-4.46,-185498.0,-1.37,-1835.0,0.708,0.709,1876266304.0,1328396543,1328396543,2026-01-20,2026-01-20 10:54:17+08:00
511850,财富宝ETF,100.0,,,0.0,0.0,5225.0,52250499.0,99.999,100.0,99.998,100.0,0.0,4.83,1.08,26.36,2293.0,2932.0,646186.0,1.24,1111177.0,2.13,-464991.0,-0.89,-580989.0,-1.11,-65198.0,-0.12,3.0,99.999,100.0,10817900.0,1081790000,1081790000,2026-01-20,2026-01-20 10:54:17+08:00
517770,游戏传媒ETF浦银,1.35,1.3665,1.21,0.0,0.0,158483.0,21413888.0,1.352,1.37,1.333,1.35,2.74,5.87,0.62,12.64,82103.0,76380.0,-3557318.0,-16.61,-769592.0,-3.59,-2787726.0,-13.02,1533817.0,7.16,2023502.0,9.45,-1.0,1.35,1.352,269947808.0,364429541,364429541,2026-01-20,2026-01-20 10:54:16+08:00
512000,券商ETF,0.575,0.5755,0.09,0.0,0.0,8044071.0,463305778.0,0.576,0.579,0.574,0.575,0.87,1.18,0.69,-11.62,4143920.0,3900152.0,-11438925.0,-2.47,-3729971.0,-0.81,-7708954.0,-1.66,6257410.0,1.35,5181516.0,1.12,-202.0,0.575,0.576,68155835392.0,39189605350,39189605350,2026-01-20,2026-01-20 10:54:19+08:00
511990,华宝添益ETF,99.999,,,-0.001,0.0,414637.0,4146252259.0,99.996,100.001,99.995,100.0,0.01,5.81,0.72,52.48,237234.0,177403.0,19434203.0,0.47,15150672.0,0.37,4283531.0,0.1,-11772833.0,-0.28,-7661374.0,-0.18,-3.0,99.999,100.0,713191696.0,71318456408,71318456408,2026-01-20,2026-01-20 10:54:18+08:00
511970,国寿货币ETF,100.001,,,0.001,0.0,8.0,80000.0,99.997,100.001,99.997,100.0,0.0,0.21,0.44,33.17,5.0,3.0,0.0,0.0,0.0,0.0,0.0,0.0,-200.0,-0.25,200.0,0.25,-1.0,99.998,100.003,386200.0,38620386,38620386,2026-01-20,2026-01-20 10:54:00+08:00
511980,现金添富ETF,100.038,,,0.0,0.0,2.0,20008.0,100.039,100.039,100.038,100.038,0.0,0.08,0.21,-38.04,,2.0,0.0,0.0,0.0,0.0,0.0,0.0,0.0,0.0,0.0,0.0,-1.0,100.037,100.058,241200.0,24129166,24129166,2026-01-20,2026-01-20 10:54:12+08:00
563580,自由现金流800ETF万家,1.188,1.189,0.08,0.0,0.0,24777.0,2943211.0,1.185,1.196,1.183,1.188,1.09,0.66,0.59,18.46,11269.0,13508.0,125490.0,4.26,-89389.0,-3.04,214879.0,7.3,356513.0,12.11,-482003.0,-16.38,-131.0,1.188,1.189,374648000.0,445081824,445081824,2026-01-20,2026-01-20 10:54:13+08:00
560580,电力ETF南方,1.098,1.0962,-0.16,0.0,0.0,98208.0,10761149.0,1.099,1.103,1.093,1.098,0.91,6.5,3.21,5.18,27061.0,71147.0,617142.0,5.73,-64083.0,-0.6,681225.0,6.33,-622855.0,-5.79,5714.0,0.05,10.0,1.097,1.098,151003000.0,165801294,165801294,2026-01-20,2026-01-20 10:54:13+08:00
159993,证券ETF鹏华,1.298,1.3,0.15,0.0,0.0,274408.0,35678632.825,1.296,1.306,1.296,1.298,0.77,0.84,0.63,30.14,126989.0,147419.0,-549846.0,-1.54,-1121934.0,-3.14,572088.0,1.6,-440292.0,-1.23,990138.0,2.78,-107.0,1.298,1.299,3261197984.0,4233034983,4233034983,2026-01-20,2026-01-20 10:54:18+08:00
511950,添利货币ETF,100.0,,,0.0,0.0,6.0,60000.0,99.997,100.001,99.997,100.0,0.0,0.16,0.26,27.67,5.0,1.0,0.0,0.0,0.0,0.0,0.0,0.0,40000.0,66.67,-40001.0,-66.67,1.0,99.999,100.001,365600.0,36560000,36560000,2026-01-20,2026-01-20 10:54:12+08:00
159569,港股红利低波ETF,1.322,1.3221,0.01,0.0,0.0,49521.0,6539736.9,1.327,1.327,1.317,1.322,0.76,1.42,0.58,66.28,18580.0,30941.0,562905.0,8.61,779465.0,11.92,-216560.0,-3.31,-920282.0,-14.07,357377.0,5.46,-1.0,1.322,1.323,349147248.0,461572662,461572662,2026-01-20,2026-01-20 10:54:24+08:00
159302,港股高股息ETF,1.259,1.2622,0.25,0.0,0.0,43398.0,5466201.2,1.26,1.263,1.256,1.259,0.56,3.44,0.64,10.73,17167.0,26231.0,-292949.0,-5.36,0.0,0.0,-292949.0,-5.36,35675.0,0.65,257274.0,4.71,-121.0,1.259,1.26,126297609.0,159008690,159008690,2026-01-20,2026-01-20 10:54:24+08:00
563390,现金流ETF全指,1.317,1.3159,-0.08,0.0,0.0,345077.0,45398344.0,1.32,1.325,1.311,1.317,1.06,3.82,1.52,0.28,100639.0,244438.0,-124475.0,-0.27,-10874731.0,-23.95,10750256.0,23.68,-314204.0,-0.69,438679.0,0.97,10.0,1.316,1.318,904344000.0,1191021048,1191021048,2026-01-20,2026-01-20 10:54:13+08:00
516560,养老ETF,0.894,0.895,0.11,0.0,0.0,21636.0,1933998.0,0.894,0.896,0.89,0.894,0.67,1.46,1.01,-0.42,4006.0,17630.0,132176.0,6.83,0.0,0.0,132176.0,6.83,-165989.0,-8.58,33814.0,1.75,-83.0,0.893,0.895,147758000.0,132095652,132095652,2026-01-20,2026-01-20 10:54:16+08:00
561260,能源ETF,1.323,1.3212,-0.14,0.0,0.0,48843.0,6501703.0,1.354,1.36,1.313,1.323,3.55,16.12,3.13,-7.62,29088.0,19755.0,-695130.0,-10.69,944292.0,14.52,-1639422.0,-25.22,-3763.0,-0.06,698893.0,10.75,279.0,1.322,1.323,30295200.0,40080550,40080550,2026-01-20,2026-01-20 10:54:16+08:00
159711,港股通50ETF华夏,1.401,1.4043,0.23,0.0,0.0,5114.0,717908.2,1.4,1.406,1.392,1.401,1.0,0.97,0.34,-2.15,4440.0,674.0,-118520.0,-16.51,0.0,0.0,-118520.0,-16.51,101082.0,14.08,17438.0,2.43,1.0,1.398,1.399,52465157.0,73503685,73503685,2026-01-20,2026-01-20 10:54:21+08:00
159518,标普油气ETF,0.899,0.9049,0.65,0.0,0.0,840965.0,75755300.3,0.9,0.903,0.899,0.899,0.44,5.91,0.74,-22.3,350469.0,490496.0,-1360587.0,-1.8,-1780413.0,-2.35,419826.0,0.55,599756.0,0.79,760831.0,1.0,-58.0,0.899,0.9,1422325376.0,1278670513,1278670513,2026-01-20,2026-01-20 10:54:24+08:00
159119,800现金流ETF,1.055,1.0557,0.07,0.0,0.0,33636.0,3550543.788,1.054,1.061,1.05,1.055,1.04,2.83,1.32,5.97,17807.0,15829.0,-155521.0,-4.38,-777970.0,-21.91,622449.0,17.53,83485.0,2.35,72036.0,2.03,-74.0,1.056,1.057,119054229.0,125602212,125602212,2026-01-20,2026-01-20 10:54:24+08:00
511830,华泰货币ETF,100.01,,,-0.014,-0.01,4.0,40002.0,100.006,100.01,100.003,100.024,0.01,0.14,0.29,37.01,1.0,3.0,0.0,0.0,0.0,0.0,0.0,0.0,0.0,0.0,0.0,0.0,1.0,100.006,100.01,276100.0,27612761,27612761,2026-01-20,2026-01-20 10:54:20+08:00
511860,保证金货币ETF,99.999,,,-0.005,-0.01,68.0,679982.0,100.0,100.001,99.996,100.004,0.01,1.53,0.84,1.97,27.0,41.0,339993.0,50.0,619982.0,91.18,-279989.0,-41.18,-359992.0,-52.94,20000.0,2.94,-1.0,99.999,100.001,445400.0,44539555,44539555,2026-01-20,2026-01-20 10:53:52+08:00
511880,银华日利ETF,100.111,,,-0.011,-0.01,464618.0,4651220079.0,100.113,100.114,100.105,100.122,0.01,6.9,0.79,46.94,238920.0,225698.0,25878080.0,0.56,-135558224.0,-2.91,161436304.0,3.47,-18469183.0,-0.4,-7408897.0,-0.16,9.0,100.11,100.111,672939504.0,67368646685,67368646685,2026-01-20,2026-01-20 10:54:19+08:00
513210,恒生ETF易方达,1.615,1.6183,0.2,-0.001,-0.06,13476.0,2171073.0,1.611,1.621,1.604,1.616,1.05,3.37,1.05,29.19,5321.0,8155.0,-52923.0,-2.44,0.0,0.0,-52923.0,-2.44,-48055.0,-2.21,100977.0,4.65,10.0,1.611,1.614,39942000.0,64506330,64506330,2026-01-20,2026-01-20 10:54:17+08:00
159538,信创ETF富国,1.722,1.7191,-0.17,-0.001,-0.06,5072.0,878228.4,1.738,1.751,1.706,1.723,2.61,1.01,0.41,29.43,1586.0,3486.0,-104263.0,-11.87,241998.0,27.56,-346261.0,-39.43,88867.0,10.12,15395.0,1.75,250.0,1.715,1.719,50304483.0,86624320,86624320,2026-01-20,2026-01-20 10:54:24+08:00
515600,央企创新ETF,1.707,1.7069,-0.01,-0.001,-0.06,14844.0,2541653.0,1.712,1.725,1.694,1.708,1.81,0.13,1.21,13.76,8745.0,6099.0,151430.0,6.89,0.0,0.0,151430.0,6.89,-200642.0,-9.14,49212.0,2.24,2024.0,1.706,1.708,1127797408.0,1925150175,1925150175,2026-01-20,2026-01-20 10:54:19+08:00
159830,上海金ETF,10.42,10.4093,-0.1,-0.006,-0.06,10709.0,11160545.2,10.426,10.439,10.4,10.426,0.37,0.4,0.75,-16.44,4887.0,5822.0,-1097262.0,-9.83,0.0,0.0,-1097262.0,-9.83,290590.0,2.6,806673.0,7.23,10.0,10.411,10.42,264814066.0,2759362568,2759362568,2026-01-20,2026-01-20 10:54:18+08:00
520890,港股通红利低波ETF,1.432,1.4399,0.55,-0.001,-0.07,59225.0,8477055.0,1.428,1.435,1.427,1.433,0.56,5.95,1.49,-9.12,30898.0,28327.0,-396351.0,-4.68,0.0,0.0,-396351.0,-4.68,267889.0,3.16,128462.0,1.52,-3.0,1.432,1.433,99508000.0,142495456,142495456,2026-01-20,2026-01-20 10:54:14+08:00
159545,恒生红利低波ETF易方达,1.441,1.447,0.41,-0.001,-0.07,341539.0,49193458.4,1.44,1.445,1.435,1.442,0.69,0.66,1.02,-34.34,160561.0,180978.0,715716.0,1.45,-1445656.0,-2.94,2161372.0,4.39,58836.0,0.12,-774552.0,-1.57,1.0,1.44,1.441,5207803648.0,7504445057,7504445057,2026-01-20,2026-01-20 10:54:24+08:00
159222,自由现金流ETF易方达,1.347,1.3468,-0.01,-0.001,-0.07,469982.0,63385242.0,1.349,1.354,1.339,1.348,1.11,7.85,2.4,8.47,215636.0,254346.0,-1295651.0,-2.05,-3527121.0,-5.59,2231470.0,3.53,433006.0,0.69,862644.0,1.37,1800.0,1.347,1.348,598370400.0,806004929,806004929,2026-01-20,2026-01-20 10:54:24+08:00
513950,恒生红利ETF,1.385,1.3921,0.51,-0.001,-0.07,172617.0,23863707.0,1.385,1.386,1.379,1.386,0.51,0.73,1.18,-40.74,82102.0,90515.0,-338521.0,-1.42,561717.0,2.35,-900238.0,-3.77,-223040.0,-0.93,561560.0,2.35,191.0,1.384,1.385,2354619008.0,3261147326,3261147326,2026-01-20,2026-01-20 10:54:17+08:00
510980,上证指数ETF汇添富,1.417,1.4171,0.01,-0.001,-0.07,141241.0,20007865.0,1.418,1.422,1.411,1.418,0.78,5.54,1.49,-5.89,74954.0,66287.0,-2884589.0,-14.42,-44399.0,-0.22,-2840190.0,-14.2,1868920.0,9.34,1015669.0,5.08,12.0,1.417,1.418,254798000.0,361048766,361048766,2026-01-20,2026-01-20 10:54:18+08:00
561120,家电ETF,1.451,1.45,-0.07,-0.001,-0.07,19563.0,2837141.0,1.461,1.461,1.437,1.452,1.65,3.45,0.78,10.58,9967.0,9596.0,627471.0,22.12,0.0,0.0,627471.0,22.12,-472238.0,-16.64,-155233.0,-5.47,-3.0,1.45,1.451,56659900.0,82213515,82213515,2026-01-20,2026-01-20 10:54:15+08:00
159333,港股央企红利ETF万家,1.401,1.4051,0.29,-0.001,-0.07,51457.0,7204630.1,1.402,1.404,1.396,1.402,0.57,1.48,0.84,-5.24,21571.0,29886.0,-153668.0,-2.13,2804000.0,38.92,-2957668.0,-41.05,316955.0,4.4,-163288.0,-2.27,-13.0,1.401,1.402,347952832.0,487481918,487481918,2026-01-20,2026-01-20 10:54:18+08:00
159276,现金流ETF汇添富,1.188,1.1885,0.04,-0.001,-0.08,24108.0,2877031.104,1.186,1.21,1.183,1.189,2.27,1.07,1.61,0.08,17918.0,6190.0,-1299029.0,-45.15,-897327.0,-31.19,-401702.0,-13.96,707975.0,24.61,591054.0,20.54,-1000.0,1.187,1.188,224696658.0,266939630,266939630,2026-01-20,2026-01-20 10:54:24+08:00
159225,现金流ETF基金,1.326,1.3265,0.04,-0.001,-0.08,11953.0,1581691.9,1.325,1.337,1.32,1.327,1.28,0.54,0.44,-0.47,6694.0,5259.0,280837.0,17.76,205240.0,12.98,75597.0,4.78,-356878.0,-22.56,76040.0,4.81,5.0,1.326,1.327,222744804.0,295359610,295359610,2026-01-20,2026-01-20 10:54:21+08:00
159328,家电ETF易方达,1.184,1.185,0.08,-0.001,-0.08,5011.0,592618.4,1.2,1.2,1.173,1.185,2.28,0.48,0.37,28.34,1489.0,3522.0,94617.0,15.97,-414480.0,-69.94,509097.0,85.91,-68794.0,-11.61,-25823.0,-4.36,-172.0,1.184,1.186,103556700.0,122611133,122611133,2026-01-20,2026-01-20 10:54:24+08:00
159712,港股通50ETF,1.298,1.3035,0.42,-0.001,-0.08,42532.0,5528200.5,1.304,1.306,1.293,1.299,1.0,6.67,0.72,-23.74,21204.0,21328.0,134991.0,2.44,0.0,0.0,134991.0,2.44,-24464.0,-0.44,-110528.0,-2.0,-100.0,1.297,1.298,63778813.0,82784899,82784899,2026-01-20,2026-01-20 10:54:18+08:00
563630,A500增强ETF国联安,1.276,1.2754,-0.05,-0.001,-0.08,6937.0,882101.0,1.278,1.284,1.265,1.277,1.49,1.65,1.58,0.83,4035.0,2902.0,207381.0,23.51,0.0,0.0,207381.0,23.51,-86114.0,-9.76,-121267.0,-13.75,2.0,1.272,1.275,41947100.0,53524500,53524500,2026-01-20,2026-01-20 10:54:15+08:00
561960,央企回报ETF,1.22,1.2232,0.26,-0.001,-0.08,12162.0,1487650.0,1.228,1.228,1.22,1.221,0.66,2.25,2.09,-1.35,6718.0,5444.0,-48970.0,-3.29,-293374.0,-19.72,244404.0,16.43,41015.0,2.76,7955.0,0.53,2000.0,1.222,1.226,53985200.0,65861944,65861944,2026-01-20,2026-01-20 10:54:13+08:00
159331,红利港股ETF,1.258,1.2587,0.06,-0.001,-0.08,56768.0,7128943.7,1.264,1.264,1.253,1.259,0.87,2.36,1.14,-23.55,25319.0,31449.0,-1027669.0,-14.42,-1109259.0,-15.56,81590.0,1.14,82528.0,1.16,945142.0,13.26,-1000.0,1.258,1.259,240694179.0,302793277,302793277,2026-01-20,2026-01-20 10:54:24+08:00
159233,自由现金流ETF基金,1.268,1.2691,0.09,-0.001,-0.08,256738.0,32499974.5,1.273,1.278,1.262,1.269,1.26,5.68,2.16,1.65,98221.0,158517.0,6749508.0,20.9,6103909.0,18.9,645599.0,2.0,-2895514.0,-8.97,-3853993.0,-11.93,1600.0,1.267,1.268,451623424.0,572658502,572658502,2026-01-20,2026-01-20 10:54:24+08:00
159232,自由现金流ETF南方,1.301,1.3006,-0.03,-0.001,-0.08,425485.0,55413988.6,1.307,1.308,1.294,1.302,1.08,2.63,1.36,0.28,175118.0,250367.0,-5174325.0,-9.34,-10586330.0,-19.1,5412005.0,9.77,3574245.0,6.45,1600082.0,2.89,126.0,1.301,1.302,1618948560.0,2106252077,2106252077,2026-01-20,2026-01-20 10:54:24+08:00
516570,化工行业ETF易方达,1.062,1.0617,-0.03,-0.001,-0.09,287222.0,30695964.0,1.071,1.078,1.055,1.063,2.16,10.95,8.75,10.84,116753.0,170469.0,-5293430.0,-17.24,-8615210.0,-28.07,3321780.0,10.82,3934411.0,12.82,1359018.0,4.43,200.0,1.061,1.063,262357600.0,278623771,278623771,2026-01-20,2026-01-20 10:54:17+08:00
510710,上证50ETF博时,4.389,4.3972,0.19,-0.004,-0.09,8737.0,3835471.0,4.401,4.413,4.37,4.393,0.98,0.75,2.33,-3.88,2864.0,5873.0,-127822.0,-3.33,-220200.0,-5.74,92378.0,2.41,70417.0,1.84,57405.0,1.5,2.0,4.383,4.386,116618900.0,511840352,511840352,2026-01-20,2026-01-20 10:54:20+08:00
561170,绿色电力ETF,1.139,1.1365,-0.22,-0.001,-0.09,110945.0,12629199.0,1.14,1.144,1.133,1.14,0.96,6.28,1.55,18.84,49048.0,61897.0,-2311258.0,-18.3,-1708782.0,-13.53,-602476.0,-4.77,1770001.0,14.02,541256.0,4.29,3.0,1.137,1.138,176532700.0,201070745,201070745,2026-01-20,2026-01-20 10:54:16+08:00
563620,全指现金流ETF兴业,1.167,1.1682,0.1,-0.001,-0.09,22480.0,2621994.0,1.169,1.17,1.162,1.168,0.68,3.12,4.46,23.07,9565.0,12915.0,640583.0,24.43,1167673.0,44.53,-527090.0,-20.1,-557871.0,-21.28,-82711.0,-3.15,-110.0,1.166,1.168,72049000.0,84081183,84081183,2026-01-20,2026-01-20 10:54:15+08:00
516620,影视ETF,1.154,1.1504,-0.31,-0.001,-0.09,76207.0,8783291.0,1.166,1.17,1.138,1.155,2.77,13.31,1.05,-0.22,41438.0,34769.0,317682.0,3.62,0.0,0.0,317682.0,3.62,-493542.0,-5.62,175861.0,2.0,2.0,1.153,1.154,57267500.0,66086695,66086695,2026-01-20,2026-01-20 10:54:16+08:00
159560,芯片ETF景顺,1.916,1.9099,-0.32,-0.002,-0.1,55679.0,10719105.2,1.918,1.95,1.896,1.918,2.82,2.77,1.48,-9.52,20658.0,35021.0,454863.0,4.25,0.0,0.0,454863.0,4.25,-282385.0,-2.64,-172478.0,-1.61,50.0,1.912,1.916,200916460.0,384955937,384955937,2026-01-20,2026-01-20 10:54:24+08:00
563930,上证增强ETF,1.043,1.0406,-0.23,-0.001,-0.1,16179.0,1687063.0,1.048,1.05,1.036,1.044,1.34,3.26,0.88,43.02,7696.0,8483.0,-259424.0,-15.38,-1357.0,-0.08,-258067.0,-15.3,115832.0,6.87,143592.0,8.51,12.0,1.042,1.043,49592000.0,51724456,51724456,2026-01-20,2026-01-20 10:54:10+08:00
517000,沪港深500ETF,1.047,1.0519,0.47,-0.001,-0.1,3891.0,407959.0,1.048,1.053,1.041,1.048,1.15,0.2,0.3,7.54,1953.0,1938.0,-117221.0,-28.73,0.0,0.0,-117221.0,-28.73,75721.0,18.56,41500.0,10.17,32.0,1.045,1.047,197793000.0,207089271,207089271,2026-01-20,2026-01-20 10:54:16+08:00
520630,港股通互联网ETF广发,1.02,1.0182,-0.18,-0.001,-0.1,232139.0,23847055.0,1.021,1.035,1.014,1.021,2.06,10.92,2.08,-32.28,89168.0,142971.0,399187.0,1.67,1338964.0,5.61,-939777.0,-3.94,-581276.0,-2.44,182089.0,0.76,-4445.0,1.019,1.021,212610000.0,216862200,216862200,2026-01-20,2026-01-20 10:54:14+08:00
510180,上证180ETF,4.181,4.1887,0.18,-0.004,-0.1,69670.0,29129852.0,4.185,4.212,4.16,4.185,1.24,0.12,0.65,-41.97,40271.0,29399.0,-3423206.0,-11.75,-92987.0,-0.32,-3330219.0,-11.43,2948989.0,10.12,474216.0,1.63,118.0,4.18,4.182,5593557760.0,23386664995,23386664995,2026-01-20,2026-01-20 10:54:20+08:00
159980,有色ETF大成,2.101,2.1023,0.06,-0.002,-0.1,2812324.0,594077449.6,2.12,2.131,2.098,2.103,1.57,7.87,1.0,-12.48,1249647.0,1562677.0,-36143348.0,-6.08,-36611971.0,-6.16,468623.0,0.08,11301245.0,1.9,24842103.0,4.18,-127.0,2.101,2.102,3571824784.0,7504403871,7504403871,2026-01-20,2026-01-20 10:54:18+08:00
159985,豆粕ETF,1.959,1.8871,-3.81,-0.002,-0.1,249535.0,48863856.0,1.96,1.965,1.952,1.961,0.66,1.8,1.38,1.73,139682.0,109853.0,8787018.0,17.98,3548516.0,7.26,5238502.0,10.72,-2828272.0,-5.79,-5958747.0,-12.19,-32.0,1.959,1.96,1383124064.0,2709540041,2709540041,2026-01-20,2026-01-20 10:54:18+08:00
159266,港股通央企红利ETF,0.984,0.9877,0.37,-0.001,-0.1,34762.0,3411785.698,0.985,0.985,0.979,0.985,0.61,0.61,0.74,20.52,14634.0,20128.0,-450901.0,-13.22,0.0,0.0,-450901.0,-13.22,151511.0,4.44,299390.0,8.78,1.0,0.982,0.984,569710096.0,560594734,560594734,2026-01-20,2026-01-20 10:54:24+08:00
159127,港股通红利ETF南方,0.91,0.9139,0.43,-0.001,-0.11,68045.0,6182881.085,0.91,0.911,0.907,0.911,0.44,1.87,1.0,7.06,20489.0,47556.0,-676734.0,-10.95,590397.0,9.55,-1267131.0,-20.49,508244.0,8.22,168490.0,2.73,293.0,0.909,0.91,364844272.0,332008288,332008288,2026-01-20,2026-01-20 10:54:21+08:00
510060,央企ETF,2.669,2.6715,0.09,-0.003,-0.11,298.0,79369.0,2.65,2.683,2.65,2.672,1.24,0.07,0.26,-14.8,197.0,101.0,26064.0,32.84,24204.0,30.5,1860.0,2.34,11167.0,14.07,-37232.0,-46.91,10.0,2.664,2.67,40959200.0,109320105,109320105,2026-01-20,2026-01-20 10:54:19+08:00
159934,黄金ETF易方达,10.436,10.4311,-0.05,-0.013,-0.12,370536.0,386876428.661,10.447,10.453,10.428,10.449,0.24,0.99,0.85,2.19,159888.0,210649.0,-17579287.0,-4.54,-20791354.0,-5.37,3212067.0,0.83,8600624.0,2.22,8978663.0,2.32,-21.0,10.436,10.437,3730308992.0,38929504641,38929504641,2026-01-20,2026-01-20 10:54:21+08:00
159959,央企ETF,1.648,1.6511,0.19,-0.002,-0.12,4850.0,800245.4,1.65,1.662,1.64,1.65,1.33,0.03,0.95,67.8,968.0,3882.0,371549.0,46.43,247174.0,30.89,124375.0,15.54,-339423.0,-42.41,-32127.0,-4.01,-608.0,1.649,1.653,1830891776.0,3017309647,3017309647,2026-01-20,2026-01-20 10:54:18+08:00
518890,中银上海金ETF,10.006,10.0031,-0.03,-0.012,-0.12,15924.0,15945166.0,10.017,10.025,10.001,10.018,0.24,0.49,1.62,-8.99,7610.0,8314.0,-262660.0,-1.65,0.0,0.0,-262660.0,-1.65,25432.0,0.16,237228.0,1.49,49.0,10.004,10.006,325754800.0,3259502529,3259502529,2026-01-20,2026-01-20 10:54:15+08:00
159913,深价值ETF,2.514,2.5194,0.21,-0.003,-0.12,167.0,41991.8,2.526,2.526,2.508,2.517,0.72,0.07,1.48,11.56,1.0,166.0,0.0,0.0,0.0,0.0,0.0,0.0,-2023.0,-4.82,2023.0,4.82,-77.0,2.513,2.52,24429693.0,61416248,61416248,2026-01-20,2026-01-20 10:54:21+08:00
513580,恒生科技ETF指数,0.76,0.7469,-1.75,-0.001,-0.13,499578.0,37966474.0,0.759,0.766,0.756,0.761,1.31,0.69,0.9,-29.45,257161.0,242417.0,-4690308.0,-12.35,-3138293.0,-8.27,-1552015.0,-4.09,4227803.0,11.14,462504.0,1.22,346.0,0.759,0.76,7257117952.0,5515409644,5515409644,2026-01-20,2026-01-20 10:54:16+08:00
159599,芯片ETF东财,2.369,2.3659,-0.13,-0.003,-0.13,312492.0,74514826.65,2.37,2.416,2.348,2.372,2.87,6.64,1.66,3.78,159475.0,153017.0,-11462792.0,-15.38,-12937850.0,-17.36,1475058.0,1.98,4659489.0,6.25,6803304.0,9.13,5.0,2.368,2.369,470822064.0,1115377470,1115377470,2026-01-20,2026-01-20 10:54:24+08:00
518880,黄金ETF,9.993,9.9855,-0.08,-0.013,-0.13,1427445.0,1427044896.0,10.005,10.011,9.983,10.006,0.28,1.37,0.92,-14.02,600885.0,826560.0,-150364576.0,-10.54,-140302560.0,-9.84,-10062016.0,-0.71,76026064.0,5.33,74339511.0,5.21,702.0,9.992,9.993,10388540928.0,103812689494,103812689494,2026-01-20,2026-01-20 10:54:16+08:00
159834,金ETF南方,10.419,10.4155,-0.03,-0.015,-0.14,18095.0,18863792.7,10.433,10.453,10.404,10.434,0.47,1.3,0.66,55.11,5781.0,12314.0,968875.0,5.14,4435945.0,23.53,-3467070.0,-18.39,-843756.0,-4.47,-125120.0,-0.66,-8.0,10.419,10.42,138861376.0,1446796677,1446796677,2026-01-20,2026-01-20 10:54:18+08:00
518600,上海金ETF,10.409,10.4073,-0.02,-0.015,-0.14,54910.0,57211655.0,10.443,10.446,10.406,10.424,0.38,1.05,1.16,-55.12,28290.0,26619.0,-8440284.0,-14.76,-4063078.0,-7.1,-4377206.0,-7.65,6739095.0,11.78,1701190.0,2.97,-9.0,10.41,10.412,523816304.0,5452403908,5452403908,2026-01-20,2026-01-20 10:54:16+08:00
510800,50ETF基金,1.451,1.456,0.34,-0.002,-0.14,12710.0,1845873.0,1.453,1.46,1.445,1.453,1.03,0.58,0.97,8.68,4747.0,7963.0,242882.0,13.16,22557.0,1.22,220325.0,11.94,-186158.0,-10.09,-56725.0,-3.07,163.0,1.451,1.452,217576000.0,315702776,315702776,2026-01-20,2026-01-20 10:54:20+08:00
159941,纳指ETF,1.393,1.3424,-3.77,-0.002,-0.14,1850081.0,258009519.0,1.396,1.399,1.391,1.395,0.57,0.83,0.8,14.24,721936.0,1128145.0,-5295043.0,-2.05,-12858531.0,-4.98,7563488.0,2.93,-2687234.0,-1.04,7982277.0,3.09,14.0,1.392,1.393,22351210240.0,31135235864,31135235864,2026-01-20,2026-01-20 10:54:21+08:00
516350,芯片ETF易方达,1.378,1.3747,-0.24,-0.002,-0.14,344127.0,47649567.0,1.375,1.404,1.364,1.38,2.9,3.35,1.69,7.49,165308.0,178819.0,-1907739.0,-4.0,-731628.0,-1.54,-1176111.0,-2.47,894856.0,1.88,1012883.0,2.13,48.0,1.376,1.378,1028415296.0,1417156278,1417156278,2026-01-20,2026-01-20 10:54:15+08:00
518680,金ETF,10.438,10.4349,-0.03,-0.016,-0.15,54827.0,57296434.0,10.456,10.486,10.433,10.454,0.51,0.84,0.6,-4.84,23614.0,31213.0,-502627.0,-0.88,-2107125.0,-3.68,1604498.0,2.8,-3696081.0,-6.45,4198707.0,7.33,-9.0,10.438,10.439,651069504.0,6795863483,6795863483,2026-01-20,2026-01-20 10:54:14+08:00
516760,养殖ETF,0.678,0.6785,0.07,-0.001,-0.15,75425.0,5128102.0,0.679,0.683,0.677,0.679,0.88,3.1,1.66,2.2,43553.0,31872.0,124777.0,2.43,1041636.0,20.31,-916859.0,-17.88,-124861.0,-2.43,84.0,0.0,-802.0,0.678,0.679,243215100.0,164899838,164899838,2026-01-20,2026-01-20 10:54:17+08:00
562850,央企能源ETF,1.333,1.3317,-0.1,-0.002,-0.15,61937.0,8245560.0,1.345,1.349,1.323,1.335,1.95,10.87,3.41,-0.64,25381.0,36556.0,-487839.0,-5.92,-427251.0,-5.18,-60588.0,-0.73,247128.0,3.0,240710.0,2.92,20.0,1.331,1.333,56981500.0,75956340,75956340,2026-01-20,2026-01-20 10:54:14+08:00
518850,黄金ETF华夏,10.065,10.0576,-0.07,-0.016,-0.16,235065.0,236751647.0,10.082,10.087,10.058,10.081,0.29,1.74,1.27,-2.31,82885.0,152180.0,-23738528.0,-10.03,436386.0,0.18,-24174914.0,-10.21,17527272.0,7.4,6211255.0,2.62,-10.0,10.064,10.065,1352778704.0,13615717656,13615717656,2026-01-20,2026-01-20 10:54:15+08:00
563760,全指自由现金流ETF,1.259,1.2599,0.07,-0.002,-0.16,867077.0,109320709.0,1.257,1.267,1.254,1.261,1.03,11.59,3.1,15.96,368522.0,498555.0,89895.0,0.08,506356.0,0.46,-416461.0,-0.38,-97318.0,-0.09,7423.0,0.01,-2148.0,1.259,1.26,747913200.0,941622719,941622719,2026-01-20,2026-01-20 10:54:13+08:00
159312,恒指港股通ETF广发,1.258,1.2647,0.53,-0.002,-0.16,57949.0,7294319.6,1.26,1.263,1.251,1.26,0.95,4.7,0.82,-13.66,17799.0,40150.0,497813.0,6.82,860280.0,11.79,-362467.0,-4.97,-366622.0,-5.03,-131189.0,-1.8,-2725.0,1.257,1.258,123224353.0,155016236,155016236,2026-01-20,2026-01-20 10:54:18+08:00
159201,自由现金流ETF,1.269,1.2681,-0.07,-0.002,-0.16,1888323.0,239720058.4,1.272,1.276,1.261,1.271,1.18,2.44,1.41,-10.73,864258.0,1024065.0,-14098209.0,-5.88,-18552785.0,-7.74,4454576.0,1.86,8509480.0,3.55,5588729.0,2.33,-39.0,1.269,1.27,7750275840.0,9835100041,9835100041,2026-01-20,2026-01-20 10:54:27+08:00
159221,现金流ETF嘉实,1.266,1.2658,-0.02,-0.002,-0.16,47866.0,6069676.6,1.269,1.272,1.26,1.268,0.95,0.77,0.51,7.14,26346.0,21520.0,-571464.0,-9.42,0.0,0.0,-571464.0,-9.42,282825.0,4.66,288639.0,4.76,16.0,1.265,1.266,624013232.0,790000752,790000752,2026-01-20,2026-01-20 10:54:24+08:00
159813,半导体ETF,1.267,1.2653,-0.13,-0.002,-0.16,1775649.0,226262886.606,1.267,1.292,1.255,1.269,2.92,3.84,1.39,38.57,855839.0,919811.0,-3300487.0,-1.46,-4284106.0,-1.89,983619.0,0.43,-4058052.0,-1.79,7358538.0,3.25,40.0,1.266,1.267,4624862464.0,5859700742,5859700742,2026-01-20,2026-01-20 10:54:21+08:00
510050,上证50ETF,3.148,3.1479,0.0,-0.005,-0.16,11384567.0,3589256534.0,3.152,3.167,3.135,3.153,1.01,2.33,1.4,79.18,2750855.0,8633712.0,-21290848.0,-0.59,66223184.0,1.85,-87514032.0,-2.44,4493026.0,0.13,16797831.0,0.47,250.0,3.147,3.148,48948966912.0,154091347839,154091347839,2026-01-20,2026-01-20 10:54:20+08:00
159831,上海金ETF嘉实,10.082,10.081,-0.01,-0.016,-0.16,3750.0,3783990.2,10.098,10.113,10.069,10.098,0.44,0.25,0.31,-20.64,1970.0,1780.0,-295791.0,-7.82,0.0,0.0,-295791.0,-7.82,393774.0,10.41,-97983.0,-2.59,-15.0,10.082,10.091,147656243.0,1488670242,1488670242,2026-01-20,2026-01-20 10:54:18+08:00
510100,上证50ETF易方达,3.067,3.0668,-0.01,-0.005,-0.16,753968.0,231282487.0,3.076,3.086,3.054,3.072,1.04,5.01,1.26,14.84,342819.0,411149.0,3322324.0,1.44,7999411.0,3.46,-4677087.0,-2.02,-5580971.0,-2.41,2258647.0,0.98,650.0,3.067,3.068,1504406800.0,4614015656,4614015656,2026-01-20,2026-01-20 10:54:20+08:00
159865,养殖ETF,0.635,0.6352,0.03,-0.001,-0.16,1758634.0,112009570.2,0.636,0.64,0.633,0.636,1.1,2.11,1.71,47.93,604232.0,1154402.0,2939463.0,2.62,24619528.0,21.98,-21680065.0,-19.36,-2686197.0,-2.4,-253268.0,-0.23,41.0,0.634,0.635,8352455680.0,5303809357,5303809357,2026-01-20,2026-01-20 10:54:21+08:00
562660,中证2000ETF华夏,1.865,1.8624,-0.14,-0.003,-0.16,67601.0,12612043.0,1.879,1.879,1.855,1.868,1.28,3.09,1.77,4.57,23759.0,43842.0,2217577.0,17.58,3349954.0,26.56,-1132377.0,-8.98,-1450468.0,-11.5,-767109.0,-6.08,10.0,1.865,1.866,218874000.0,408200010,408200010,2026-01-20,2026-01-20 10:54:15+08:00
159867,畜牧ETF,0.644,0.6435,-0.08,-0.001,-0.16,180964.0,11698497.1,0.645,0.648,0.642,0.645,0.93,1.36,0.98,18.48,85537.0,95427.0,226271.0,1.93,330893.0,2.83,-104622.0,-0.89,-131242.0,-1.12,-95030.0,-0.81,2000.0,0.643,0.644,1334143600.0,859188478,859188478,2026-01-20,2026-01-20 10:54:21+08:00
513820,港股红利ETF基金,1.194,1.1996,0.47,-0.002,-0.17,434246.0,51824992.0,1.196,1.197,1.19,1.196,0.59,1.14,0.95,-3.4,177312.0,256934.0,-4136821.0,-7.98,-10237525.0,-19.75,6100704.0,11.77,679023.0,1.31,3457797.0,6.67,4.0,1.193,1.194,3800669008.0,4537998796,4537998796,2026-01-20,2026-01-20 10:54:17+08:00
159937,黄金ETF博时,9.967,9.9634,-0.04,-0.017,-0.17,268335.0,267623813.8,9.985,9.988,9.96,9.984,0.28,0.6,0.51,-22.18,118442.0,149893.0,-24249660.0,-9.06,-10762299.0,-4.02,-13487361.0,-5.04,12250891.0,4.58,11998768.0,4.48,67.0,9.966,9.967,4494321920.0,44794906577,44794906577,2026-01-20,2026-01-20 10:54:21+08:00
159540,信创ETF易方达,1.793,1.7912,-0.1,-0.003,-0.17,49000.0,8878772.6,1.797,1.829,1.781,1.796,2.67,5.13,1.48,52.8,27653.0,21347.0,-33789.0,-0.38,-93965.0,-1.06,60176.0,0.68,225264.0,2.54,-191475.0,-2.16,3.0,1.791,1.793,95505191.0,171240807,171240807,2026-01-20,2026-01-20 10:54:24+08:00
562030,信创ETF基金,0.603,0.6024,-0.1,-0.001,-0.17,113423.0,6838795.0,0.604,0.612,0.595,0.604,2.81,4.77,0.6,-11.99,55181.0,58242.0,39336.0,0.58,122793.0,1.8,-83457.0,-1.22,-110768.0,-1.62,71434.0,1.04,-2.0,0.603,0.604,237973900.0,143498262,143498262,2026-01-20,2026-01-20 10:54:14+08:00
513870,纳指ETF富国,1.75,1.6997,-2.96,-0.003,-0.17,131713.0,23058672.0,1.749,1.755,1.748,1.753,0.4,1.08,0.73,34.93,57347.0,74366.0,-448128.0,-1.94,853915.0,3.71,-1302043.0,-5.65,-1425670.0,-6.19,1873798.0,8.13,100.0,1.749,1.75,1217671008.0,2130924264,2130924264,2026-01-20,2026-01-20 10:54:18+08:00
159310,芯片ETF天弘,2.382,2.3787,-0.14,-0.004,-0.17,45655.0,10940016.1,2.409,2.426,2.362,2.386,2.68,0.93,1.52,13.06,14998.0,30657.0,-452531.0,-4.14,0.0,0.0,-452531.0,-4.14,-5904.0,-0.05,458434.0,4.19,2450.0,2.381,2.385,490981088.0,1169516952,1169516952,2026-01-20,2026-01-20 10:54:21+08:00
159696,纳指ETF易方达,1.723,1.6606,-3.76,-0.003,-0.17,73074.0,12593274.1,1.725,1.727,1.719,1.726,0.46,0.3,0.84,17.64,33577.0,39497.0,-286135.0,-2.27,-1941768.0,-15.42,1655633.0,13.15,38292.0,0.3,247844.0,1.97,100.0,1.722,1.723,2418824032.0,4167633807,4167633807,2026-01-20,2026-01-20 10:53:57+08:00
159588,石油天然气ETF,1.161,1.1597,-0.11,-0.002,-0.17,94743.0,11038491.6,1.186,1.189,1.157,1.163,2.75,5.09,1.4,9.93,34367.0,60376.0,-3397287.0,-30.78,-2438726.0,-22.09,-958561.0,-8.68,1167535.0,10.58,2229752.0,20.2,-47.0,1.16,1.162,186284857.0,216276719,216276719,2026-01-20,2026-01-20 10:54:24+08:00
520550,港股红利低波ETF,1.198,1.2042,0.51,-0.002,-0.17,150874.0,18064564.0,1.2,1.201,1.194,1.2,0.58,1.41,1.14,-22.4,86123.0,64751.0,-552383.0,-3.06,-1801796.0,-9.97,1249413.0,6.92,-602295.0,-3.33,1154678.0,6.39,-25.0,1.198,1.199,1070024000.0,1281888752,1281888752,2026-01-20,2026-01-20 10:54:15+08:00
513190,港股通金融ETF,1.784,1.7889,0.27,-0.003,-0.17,1231725.0,219420197.0,1.785,1.791,1.772,1.787,1.06,8.92,1.4,-2.03,636353.0,595372.0,2039528.0,0.93,5429826.0,2.47,-3390298.0,-1.55,570501.0,0.26,-2610028.0,-1.19,4411.0,1.784,1.785,1380936000.0,2463589824,2463589824,2026-01-20,2026-01-20 10:54:20+08:00
513830,港股红利ETF,1.14,1.146,0.52,-0.002,-0.18,25175.0,2868944.0,1.14,1.146,1.136,1.142,0.88,2.04,0.77,-3.59,10018.0,15157.0,-70673.0,-2.46,0.0,0.0,-70673.0,-2.46,-104928.0,-3.66,175602.0,6.12,-11.0,1.14,1.142,123311000.0,140574540,140574540,2026-01-20,2026-01-20 10:54:18+08:00
518660,黄金ETF基金,10.0,9.9936,-0.06,-0.018,-0.18,80169.0,80232199.0,10.019,10.055,9.993,10.018,0.62,1.05,0.8,-10.25,29233.0,50936.0,-1186643.0,-1.48,2749843.0,3.43,-3936486.0,-4.91,-4553294.0,-5.68,5739936.0,7.15,24.0,10.0,10.001,761252704.0,7612527040,7612527040,2026-01-20,2026-01-20 10:54:16+08:00
510190,上证50ETF华安,4.48,4.4801,0.0,-0.008,-0.18,1162.0,519984.0,4.478,4.502,4.46,4.488,0.94,0.35,0.58,4.38,1005.0,157.0,-199125.0,-38.29,0.0,0.0,-199125.0,-38.29,163228.0,31.39,35897.0,6.9,1.0,4.468,4.48,33150800.0,148515584,148515584,2026-01-20,2026-01-20 10:54:20+08:00
159669,绿电ETF,1.124,1.1235,-0.04,-0.002,-0.18,42038.0,4741439.3,1.148,1.148,1.121,1.126,2.4,4.11,2.67,20.28,20758.0,21280.0,-1005762.0,-21.21,-1671185.0,-35.25,665423.0,14.03,630200.0,13.29,375563.0,7.92,-1209.0,1.123,1.124,102254781.0,114934374,114934374,2026-01-20,2026-01-20 10:54:21+08:00
510150,消费ETF,0.566,0.5665,0.09,-0.001,-0.18,446167.0,25281276.0,0.567,0.57,0.564,0.567,1.06,1.39,0.9,15.92,183530.0,262637.0,-1448576.0,-5.73,-690650.0,-2.73,-757926.0,-3.0,396516.0,1.57,1052060.0,4.16,952.0,0.565,0.566,3209178608.0,1816395092,1816395092,2026-01-20,2026-01-20 10:54:21+08:00
560070,央企红利ETF基金,1.125,1.1277,0.24,-0.002,-0.18,17778.0,2002602.0,1.13,1.133,1.124,1.127,0.8,1.28,1.81,-0.88,5689.0,12089.0,282324.0,14.1,-587022.0,-29.31,869346.0,43.41,-190923.0,-9.53,-91401.0,-4.56,500.0,1.127,1.128,138862300.0,156220088,156220088,2026-01-20,2026-01-20 10:54:14+08:00
159996,家电ETF,1.625,1.6244,-0.04,-0.003,-0.18,164679.0,26742822.4,1.63,1.632,1.614,1.628,1.11,1.79,1.06,0.37,80337.0,84342.0,-1890145.0,-7.07,-3072043.0,-11.49,1181898.0,4.42,1263063.0,4.72,627083.0,2.34,12.0,1.622,1.625,922554848.0,1499151628,1499151628,2026-01-20,2026-01-20 10:54:18+08:00
513170,恒生央企ETF,1.558,1.5604,0.15,-0.003,-0.19,18294.0,2847995.0,1.564,1.566,1.55,1.561,1.02,0.8,0.78,-13.57,6144.0,12150.0,132527.0,4.65,3567.0,0.13,128960.0,4.53,-163578.0,-5.74,31049.0,1.09,-202.0,1.556,1.558,227573000.0,354558734,354558734,2026-01-20,2026-01-20 10:54:19+08:00
520940,港股通恒生ETF,1.072,1.0775,0.51,-0.002,-0.19,8536.0,916892.0,1.082,1.082,1.067,1.074,1.4,2.23,0.53,-45.38,4723.0,3813.0,309583.0,33.76,0.0,0.0,309583.0,33.76,-312134.0,-34.04,2552.0,0.28,2000.0,1.072,1.073,38297000.0,41054384,41054384,2026-01-20,2026-01-20 10:54:16+08:00
510850,上证50ETF工银,3.669,3.6647,-0.12,-0.007,-0.19,49172.0,18042280.0,3.686,3.688,3.652,3.676,0.98,5.29,2.44,20.09,40702.0,8470.0,-741653.0,-4.11,-1316725.0,-7.3,575072.0,3.19,184842.0,1.02,556811.0,3.09,-459.0,3.662,3.667,92898900.0,340846064,340846064,2026-01-20,2026-01-20 10:54:18+08:00
518800,黄金基金ETF,9.87,9.8639,-0.06,-0.019,-0.19,125206.0,123694923.0,9.9,9.91,9.863,9.889,0.48,0.37,1.28,-13.95,47909.0,77297.0,-12266771.0,-9.92,3003481.0,2.43,-15270252.0,-12.35,7397954.0,5.98,4868816.0,3.94,91.0,9.869,9.87,3393019904.0,33489106452,33489106452,2026-01-20,2026-01-20 10:54:16+08:00
520990,港股央企红利50ETF,0.992,0.9959,0.39,-0.002,-0.2,662909.0,65857513.0,0.995,0.997,0.99,0.994,0.7,1.17,0.98,-2.75,267693.0,395216.0,90459.0,0.14,-5978961.0,-9.08,6069420.0,9.22,1068408.0,1.62,-1158866.0,-1.76,-13.0,0.992,0.993,5685470464.0,5639986700,5639986700,2026-01-20,2026-01-20 10:54:16+08:00
159126,港股通50ETF南方,0.984,0.988,0.4,-0.002,-0.2,47040.0,4640390.196,1.004,1.008,0.98,0.986,2.84,2.91,0.73,-21.52,14208.0,32832.0,91485.0,1.97,-19574.0,-0.42,111059.0,2.39,260107.0,5.61,-351592.0,-7.58,-3600.0,0.983,0.984,161616546.0,159030681,159030681,2026-01-20,2026-01-20 10:54:18+08:00
159995,芯片ETF,1.976,1.9745,-0.08,-0.004,-0.2,2714791.0,539796481.425,1.977,2.015,1.958,1.98,2.88,2.07,1.43,35.08,1189104.0,1525687.0,-9661264.0,-1.79,-5191673.0,-0.96,-4469591.0,-0.83,-5690565.0,-1.05,15351830.0,2.85,1171.0,1.976,1.977,13091163136.0,25868138357,25868138357,2026-01-20,2026-01-20 10:54:18+08:00
520960,恒指港股通ETF,0.982,0.9853,0.33,-0.002,-0.2,19457.0,1914425.0,0.984,0.987,0.979,0.984,0.81,1.88,1.56,11.23,2918.0,16539.0,-231393.0,-12.09,0.0,0.0,-231393.0,-12.09,235699.0,12.31,-4306.0,-0.22,100.0,0.981,0.983,103603400.0,101738539,101738539,2026-01-20,2026-01-20 10:54:14+08:00
159117,港股通红利低波ETF,1.023,1.0272,0.41,-0.002,-0.2,19216.0,1963946.057,1.024,1.029,1.018,1.025,1.07,1.79,0.71,-29.58,10500.0,8716.0,299651.0,15.26,0.0,0.0,299651.0,15.26,-318782.0,-16.23,19131.0,0.97,1.0,1.021,1.022,107401153.0,109871380,109871380,2026-01-20,2026-01-20 10:54:18+08:00
159577,美国50ETF,1.477,1.4398,-2.58,-0.003,-0.2,70277.0,10378721.5,1.481,1.481,1.474,1.48,0.47,1.42,1.2,-44.53,24174.0,46103.0,541458.0,5.22,-1208812.0,-11.65,1750270.0,16.86,-989786.0,-9.54,448329.0,4.32,70.0,1.475,1.477,495665792.0,732098375,732098375,2026-01-20,2026-01-20 10:54:18+08:00
159659,纳斯达克100ETF,1.98,1.9247,-2.87,-0.004,-0.2,578472.0,114665502.7,1.984,1.988,1.978,1.984,0.5,1.37,1.16,27.03,199542.0,378930.0,-1571275.0,-1.37,-5172337.0,-4.51,3601062.0,3.14,-1125361.0,-0.98,2696635.0,2.35,151.0,1.979,1.98,4226744064.0,8368953247,8368953247,2026-01-20,2026-01-20 10:54:24+08:00
563960,兴全沪深300质量ETF,0.989,0.9905,0.15,-0.002,-0.2,197382.0,19528382.0,0.991,0.994,0.987,0.991,0.71,3.62,1.13,-28.84,140068.0,57314.0,267845.0,1.37,-714996.0,-3.66,982841.0,5.03,-407787.0,-2.09,139943.0,0.72,-2000.0,0.989,0.99,544512000.0,538522368,538522368,2026-01-20,2026-01-20 10:54:14+08:00
518860,黄金ETFAU,10.002,10.0034,0.01,-0.021,-0.21,9345.0,9355485.0,10.038,10.038,9.994,10.023,0.44,0.23,0.74,4.0,3807.0,5538.0,411845.0,4.4,0.0,0.0,411845.0,4.4,-470226.0,-5.03,58381.0,0.62,-30.0,10.002,10.01,402159808.0,4022402400,4022402400,2026-01-20,2026-01-20 10:54:14+08:00
159788,港股通100ETF易方达,1.354,1.3611,0.52,-0.003,-0.22,18554.0,2514234.9,1.361,1.361,1.346,1.357,1.11,1.49,0.4,21.71,8569.0,9985.0,22678.0,0.9,0.0,0.0,22678.0,0.9,-20684.0,-0.82,-1993.0,-0.08,-61.0,1.353,1.355,124424965.0,168471403,168471403,2026-01-20,2026-01-20 10:54:18+08:00
159827,农业50ETF,0.909,0.9081,-0.1,-0.002,-0.22,3695.0,336959.9,0.913,0.916,0.906,0.911,1.1,0.43,1.08,-13.9,1082.0,2613.0,36549.0,10.85,8607.0,2.55,27942.0,8.29,-18795.0,-5.58,-17754.0,-5.27,1.0,0.907,0.908,86716463.0,78825265,78825265,2026-01-20,2026-01-20 10:54:18+08:00
159936,可选消费ETF,2.271,2.2728,0.08,-0.005,-0.22,5081.0,1157554.1,2.276,2.287,2.261,2.276,1.14,0.32,0.6,7.55,2606.0,2475.0,-137942.0,-11.92,-10998.0,-0.95,-126944.0,-10.97,-23573.0,-2.04,161516.0,13.95,-44.0,2.271,2.273,160156094.0,363714489,363714489,2026-01-20,2026-01-20 10:54:18+08:00
159726,恒生红利ETF,1.318,1.3225,0.34,-0.003,-0.23,54384.0,7163322.0,1.319,1.322,1.312,1.321,0.76,1.46,0.76,-19.5,21958.0,32426.0,709562.0,9.91,-429721.0,-6.0,1139283.0,15.9,-237274.0,-3.31,-472288.0,-6.59,-585.0,1.318,1.319,371911376.0,490179194,490179194,2026-01-20,2026-01-20 10:54:21+08:00
510760,上证综指ETF,1.328,1.329,0.08,-0.003,-0.23,334303.0,44417924.0,1.331,1.337,1.321,1.331,1.2,2.37,1.22,-18.89,146078.0,188225.0,-4467992.0,-10.06,-2091279.0,-4.71,-2376713.0,-5.35,2453423.0,5.52,2014568.0,4.54,10.0,1.327,1.328,1412503696.0,1875804908,1875804908,2026-01-20,2026-01-20 10:54:20+08:00
159812,黄金ETF前海开源,9.945,9.9483,0.03,-0.023,-0.23,6653.0,6630113.8,9.989,9.989,9.94,9.968,0.49,0.43,1.19,-57.2,3523.0,3130.0,-510329.0,-7.7,0.0,0.0,-510329.0,-7.7,399592.0,6.03,110737.0,1.67,-60.0,9.944,9.955,153913149.0,1530666267,1530666267,2026-01-20,2026-01-20 10:54:21+08:00
561770,中证A100指数ETF,1.273,1.2708,-0.17,-0.003,-0.24,7268.0,928744.0,1.285,1.285,1.263,1.276,1.72,1.41,2.49,-68.42,3277.0,3991.0,113059.0,12.17,0.0,0.0,113059.0,12.17,-63146.0,-6.8,-49913.0,-5.37,1.0,1.269,1.274,51550000.0,65623150,65623150,2026-01-20,2026-01-20 10:54:14+08:00
159910,基本面120ETF,2.46,2.4639,0.16,-0.006,-0.24,3357.0,828840.5,2.496,2.496,2.459,2.466,1.5,0.3,0.84,0.21,1324.0,2033.0,-339252.0,-40.93,0.0,0.0,-339252.0,-40.93,334568.0,40.37,4684.0,0.57,-1.0,2.46,2.463,110906143.0,272829112,272829112,2026-01-20,2026-01-20 10:54:21+08:00
563200,中证2000ETF富国,1.634,1.6287,-0.33,-0.004,-0.24,14741.0,2413841.0,1.638,1.652,1.623,1.638,1.77,8.44,2.08,2.82,6032.0,8709.0,-80039.0,-3.32,0.0,0.0,-80039.0,-3.32,115644.0,4.79,-35606.0,-1.48,62.0,1.631,1.634,17458800.0,28527679,28527679,2026-01-20,2026-01-20 10:54:09+08:00
159697,石油ETF鹏华,1.235,1.2334,-0.13,-0.003,-0.24,91400.0,11309131.4,1.241,1.25,1.23,1.238,1.62,2.1,0.51,26.42,20589.0,70811.0,-293458.0,-2.59,-1552002.0,-13.72,1258544.0,11.13,-760034.0,-6.72,1053491.0,9.32,-11.0,1.234,1.235,436022000.0,538487170,538487170,2026-01-20,2026-01-20 10:54:21+08:00
159621,MSCIESGETF,1.183,1.1814,-0.14,-0.003,-0.25,15225.0,1800047.1,1.189,1.19,1.177,1.186,1.1,10.55,1.05,0.02,8767.0,6458.0,65646.0,3.65,0.0,0.0,65646.0,3.65,-73451.0,-4.08,7805.0,0.43,1.0,1.181,1.182,14434717.0,17076270,17076270,2026-01-20,2026-01-20 10:54:21+08:00
512040,价值100ETF,1.209,1.2097,0.06,-0.003,-0.25,191685.0,23181710.0,1.216,1.216,1.202,1.212,1.16,0.98,1.4,17.32,86902.0,104783.0,1452534.0,6.27,-1874292.0,-8.09,3326826.0,14.35,2407566.0,10.39,-3860101.0,-16.65,-1130.0,1.208,1.209,1962715904.0,2372923528,2372923528,2026-01-20,2026-01-20 10:54:19+08:00
530680,上证180ETF兴业,1.199,1.2028,0.32,-0.003,-0.25,41220.0,4935927.0,1.205,1.207,1.193,1.202,1.16,1.94,2.19,-4.06,18333.0,22887.0,1442499.0,29.22,1455394.0,29.49,-12895.0,-0.26,-1041311.0,-21.1,-401187.0,-8.13,-146.0,1.198,1.2,212891900.0,255257388,255257388,2026-01-20,2026-01-20 10:54:15+08:00
513910,港股央企红利ETF,1.575,1.5828,0.49,-0.004,-0.25,667450.0,105047603.0,1.579,1.579,1.568,1.579,0.7,2.09,1.08,-5.08,310843.0,356607.0,-541381.0,-0.52,-11162486.0,-10.63,10621105.0,10.11,471372.0,0.45,70009.0,0.07,-50.0,1.575,1.576,3198276000.0,5037284700,5037284700,2026-01-20,2026-01-20 10:54:17+08:00
159920,恒生ETF,1.596,1.6024,0.4,-0.004,-0.25,1871559.0,298755641.704,1.596,1.605,1.588,1.6,1.06,2.19,1.37,-9.27,919008.0,952551.0,-7315220.0,-2.45,-4131243.0,-1.38,-3183977.0,-1.07,6199515.0,2.08,1115705.0,0.37,-1.0,1.596,1.597,8543559168.0,13635520432,13635520432,2026-01-20,2026-01-20 10:54:21+08:00
159945,能源ETF广发,1.204,1.2021,-0.16,-0.003,-0.25,2407.0,289703.2,1.201,1.21,1.199,1.207,0.91,1.12,0.34,2.86,535.0,1872.0,-3361.0,-1.16,0.0,0.0,-3361.0,-1.16,-5961.0,-2.06,9322.0,3.22,1.0,1.202,1.204,21572327.0,25973082,25973082,2026-01-20,2026-01-20 10:54:21+08:00
515150,一带一路ETF富国,1.604,1.6053,0.08,-0.004,-0.25,5764.0,924657.0,1.61,1.615,1.596,1.608,1.18,0.11,0.88,-7.75,1804.0,3960.0,261549.0,28.29,179553.0,19.42,81996.0,8.87,-95743.0,-10.35,-165806.0,-17.93,-120.0,1.604,1.605,541703200.0,868891933,868891933,2026-01-20,2026-01-20 10:54:17+08:00
562900,农业ETF易方达,0.786,0.7855,-0.06,-0.002,-0.25,34147.0,2697439.0,0.789,0.793,0.785,0.788,1.02,2.88,1.13,10.76,13652.0,20495.0,-192434.0,-7.13,0.0,0.0,-192434.0,-7.13,113187.0,4.2,79246.0,2.94,-115.0,0.785,0.786,118706300.0,93303152,93303152,2026-01-20,2026-01-20 10:54:14+08:00
560850,信创50ETF,1.601,1.6023,0.08,-0.004,-0.25,53458.0,8591961.0,1.604,1.629,1.584,1.605,2.8,4.72,1.33,8.51,25251.0,28207.0,364201.0,4.24,-326738.0,-3.8,690939.0,8.04,-434256.0,-5.05,70055.0,0.82,-30.0,1.6,1.601,113164000.0,181175564,181175564,2026-01-20,2026-01-20 10:54:13+08:00
588690,科创指数增强ETF,1.171,1.1679,-0.27,-0.003,-0.26,14976.0,1754405.0,1.174,1.19,1.162,1.174,2.39,1.57,1.05,-24.36,7673.0,7303.0,60673.0,3.46,-593806.0,-33.85,654479.0,37.3,-98254.0,-5.6,37581.0,2.14,12.0,1.168,1.171,95636000.0,111989756,111989756,2026-01-20,2026-01-20 10:54:13+08:00
560220,中证2000ETF广发,1.542,1.544,0.13,-0.004,-0.26,32575.0,5025089.0,1.548,1.552,1.532,1.546,1.29,7.13,5.06,-0.42,13743.0,18832.0,1692565.0,33.68,2628275.0,52.3,-935710.0,-18.62,-1585184.0,-31.55,-107381.0,-2.14,630.0,1.541,1.543,45717000.0,70495614,70495614,2026-01-20,2026-01-20 10:54:15+08:00
159513,纳斯达克100ETF大成,1.539,1.4979,-2.74,-0.004,-0.26,229633.0,35389839.3,1.543,1.546,1.537,1.543,0.58,0.57,1.06,17.68,108092.0,121541.0,94398.0,0.27,1455428.0,4.11,-1361030.0,-3.85,-1451833.0,-4.1,1357436.0,3.84,35.0,1.538,1.539,4017549104.0,6183008071,6183008071,2026-01-20,2026-01-20 10:54:24+08:00
562350,电力指数ETF,1.098,1.0976,-0.04,-0.003,-0.27,56302.0,6180777.0,1.1,1.103,1.092,1.101,1.0,8.23,1.26,-27.65,32740.0,23562.0,-638982.0,-10.34,-656461.0,-10.62,17479.0,0.28,346522.0,5.61,292461.0,4.73,-30.0,1.097,1.1,68410900.0,75115168,75115168,2026-01-20,2026-01-20 10:54:14+08:00
561700,电力ETF基金,1.092,1.0936,0.15,-0.003,-0.27,84914.0,9286196.0,1.098,1.098,1.088,1.095,0.91,3.79,3.08,-15.8,52445.0,32469.0,-242287.0,-2.61,1626738.0,17.52,-1869025.0,-20.13,-113539.0,-1.22,355826.0,3.83,-1.0,1.092,1.094,224313600.0,244950451,244950451,2026-01-20,2026-01-20 10:54:15+08:00
159822,新经济ETF,0.732,0.7366,0.62,-0.002,-0.27,87285.0,6381022.6,0.73,0.736,0.727,0.734,1.23,2.75,1.04,-8.42,38848.0,48437.0,-433744.0,-6.8,-855319.0,-13.4,421575.0,6.61,32705.0,0.51,401039.0,6.28,-1.0,0.732,0.733,317734320.0,232581522,232581522,2026-01-20,2026-01-20 10:54:21+08:00
513660,恒生ETF,3.224,3.2259,0.06,-0.009,-0.28,228338.0,73631051.0,3.225,3.239,3.208,3.233,0.96,1.54,1.92,-18.88,79046.0,149292.0,1395638.0,1.9,12305604.0,16.71,-10909966.0,-14.82,359506.0,0.49,-1755143.0,-2.38,296.0,3.223,3.225,1479000096.0,4768296310,4768296310,2026-01-20,2026-01-20 10:54:16+08:00
159501,纳指ETF嘉实,1.746,1.6761,-4.17,-0.005,-0.29,216530.0,37835234.0,1.75,1.753,1.744,1.751,0.51,0.35,1.16,14.26,62987.0,153543.0,-5332289.0,-14.09,-3944790.0,-10.43,-1387499.0,-3.67,1844095.0,4.87,3488195.0,9.22,23.0,1.745,1.746,6103986688.0,10657560757,10657560757,2026-01-20,2026-01-20 10:54:18+08:00
159665,半导体龙头ETF,2.045,2.0483,0.16,-0.006,-0.29,110317.0,22739304.1,2.048,2.088,2.029,2.051,2.88,5.53,1.51,29.73,48101.0,62216.0,-519135.0,-2.28,-1383745.0,-6.09,864610.0,3.8,453588.0,1.99,65546.0,0.29,-36.0,2.045,2.049,199576860.0,408134679,408134679,2026-01-20,2026-01-20 10:54:24+08:00
513720,香港互联网ETF,1.015,1.0167,0.17,-0.003,-0.29,146198.0,14866833.0,1.017,1.027,1.008,1.018,1.87,10.38,1.25,9.25,66185.0,80013.0,-36393.0,-0.24,1993561.0,13.41,-2029954.0,-13.65,-294621.0,-1.98,331014.0,2.23,-214.0,1.014,1.015,140859000.0,142971885,142971885,2026-01-20,2026-01-20 10:54:18+08:00
520900,港股通红利ETF广发,1.028,1.033,0.48,-0.003,-0.29,170762.0,17573909.0,1.029,1.033,1.024,1.031,0.87,0.95,0.77,-29.31,81494.0,89268.0,-1604969.0,-9.13,-517377.0,-2.94,-1087592.0,-6.19,945786.0,5.38,659182.0,3.75,-4322.0,1.028,1.029,1798675008.0,1849037908,1849037908,2026-01-20,2026-01-20 10:54:15+08:00
561180,A100ETF,1.352,1.3506,-0.1,-0.004,-0.29,19288.0,2604078.0,1.356,1.361,1.342,1.356,1.4,3.35,3.54,0.11,6148.0,13140.0,-541230.0,-20.78,0.0,0.0,-541230.0,-20.78,508168.0,19.51,33062.0,1.27,500.0,1.347,1.35,57609600.0,77888179,77888179,2026-01-20,2026-01-20 10:54:16+08:00
516830,300ESGETF,1.027,1.0283,0.13,-0.003,-0.29,23508.0,2424917.0,1.034,1.036,1.022,1.03,1.36,1.68,1.37,12.92,6219.0,17289.0,-128435.0,-5.3,-638598.0,-26.33,510163.0,21.04,-19677.0,-0.81,148112.0,6.11,-1.0,1.026,1.027,139676900.0,143448176,143448176,2026-01-20,2026-01-20 10:54:17+08:00
159537,信创ETF,1.706,1.708,0.12,-0.005,-0.29,19838.0,3410528.11,1.711,1.741,1.692,1.711,2.86,2.69,1.1,34.95,6781.0,13057.0,903217.0,26.48,647010.0,18.97,256207.0,7.51,-380537.0,-11.16,-522680.0,-15.33,-389.0,1.704,1.706,73642602.0,125634279,125634279,2026-01-20,2026-01-20 10:54:24+08:00
512180,MSCIA股ETF基金,1.726,1.727,0.06,-0.005,-0.29,56.0,9619.0,1.728,1.728,1.716,1.731,0.69,0.01,0.15,-29.7,11.0,45.0,5825.0,60.56,0.0,0.0,5825.0,60.56,0.0,0.0,-5825.0,-60.56,5.0,1.722,1.726,54048000.0,93286848,93286848,2026-01-20,2026-01-20 10:54:16+08:00
159519,港股国企ETF,1.711,1.7182,0.42,-0.005,-0.29,69033.0,11802104.168,1.727,1.727,1.701,1.716,1.52,9.84,1.19,21.63,38256.0,30777.0,1119216.0,9.48,747288.0,6.33,371928.0,3.15,-1206457.0,-10.22,87241.0,0.74,3050.0,1.711,1.712,70157854.0,120040088,120040088,2026-01-20,2026-01-20 10:54:18+08:00
510600,申万上证50ETF,4.041,4.041,0.0,-0.012,-0.3,2591.0,1047505.0,4.015,4.078,4.015,4.053,1.55,2.14,1.42,0.24,1179.0,1412.0,406684.0,38.82,0.0,0.0,406684.0,38.82,-304025.0,-29.02,-102659.0,-9.8,10.0,4.029,4.037,12115100.0,48957119,48957119,2026-01-20,2026-01-20 10:54:20+08:00
159660,纳指ETF汇添富,2.01,1.9506,-3.05,-0.006,-0.3,195851.0,39366049.7,2.016,2.019,2.005,2.016,0.69,1.01,1.37,24.54,77997.0,117854.0,2377124.0,6.04,3171975.0,8.06,-794851.0,-2.02,-3818109.0,-9.7,1440985.0,3.66,15.0,2.009,2.01,1948151360.0,3915784234,3915784234,2026-01-20,2026-01-20 10:54:21+08:00
159143,港股通央企红利ETF平安,0.998,0.9965,-0.15,-0.003,-0.3,73205.0,7292342.811,1.001,1.002,0.993,1.001,0.9,3.99,0.32,-17.54,58669.0,14536.0,-81692.0,-1.12,-498500.0,-6.84,416808.0,5.72,-16721.0,-0.23,98413.0,1.35,-489.0,0.998,0.999,183554456.0,183187347,183187347,2026-01-20,2026-01-20 10:54:27+08:00
159275,农牧渔ETF,0.982,0.9799,-0.21,-0.003,-0.3,25307.0,2493433.3,0.986,0.988,0.98,0.985,0.81,1.48,0.98,4.93,11328.0,13979.0,124784.0,5.0,986084.0,39.55,-861300.0,-34.54,-246056.0,-9.87,121272.0,4.86,15.0,0.981,0.982,171302909.0,168219457,168219457,2026-01-20,2026-01-20 10:54:18+08:00
562330,中证500价值ETF,1.268,1.2678,-0.02,-0.004,-0.31,5039.0,639621.0,1.284,1.286,1.259,1.272,2.12,2.1,0.94,-19.92,1810.0,3229.0,5195.0,0.81,0.0,0.0,5195.0,0.81,-9835.0,-1.54,4639.0,0.73,2.0,1.263,1.269,24018900.0,30455965,30455965,2026-01-20,2026-01-20 10:54:13+08:00
159118,港股通红利低波ETF基金,0.974,0.9787,0.48,-0.003,-0.31,7073.0,688959.6,0.977,0.98,0.971,0.977,0.92,0.28,0.27,59.34,1188.0,5885.0,45129.0,6.55,0.0,0.0,45129.0,6.55,-55318.0,-8.03,10189.0,1.48,195.0,0.974,0.975,251677020.0,245133417,245133417,2026-01-20,2026-01-20 10:54:21+08:00
513530,港股通红利ETF,1.585,1.5924,0.46,-0.005,-0.31,375032.0,59458295.0,1.587,1.591,1.58,1.59,0.69,1.66,1.02,-19.99,153540.0,221492.0,-6174531.0,-10.38,-2870414.0,-4.83,-3304117.0,-5.56,1045944.0,1.76,5128589.0,8.63,-4.0,1.585,1.586,2260438704.0,3582795346,3582795346,2026-01-20,2026-01-20 10:54:17+08:00
562580,可选消费ETF,1.305,1.3044,-0.05,-0.004,-0.31,7240.0,945113.0,1.305,1.312,1.296,1.309,1.22,2.52,2.3,-4.12,747.0,6493.0,621803.0,70.67,0.0,0.0,621803.0,70.67,-178551.0,-20.29,-443252.0,-50.38,-500.0,1.303,1.306,28723300.0,37483907,37483907,2026-01-20,2026-01-20 10:54:10+08:00
159801,芯片ETF广发,0.979,0.9791,0.01,-0.003,-0.31,932158.0,91886470.1,0.98,0.999,0.97,0.982,2.95,2.11,1.31,57.83,410666.0,521492.0,-904365.0,-0.98,-1420076.0,-1.55,515711.0,0.56,-289931.0,-0.32,1194296.0,1.3,64.0,0.978,0.979,4412120064.0,4319465543,4319465543,2026-01-20,2026-01-20 10:54:21+08:00
159277,港股通红利ETF富国,0.946,0.9452,-0.08,-0.003,-0.32,51296.0,4847044.2,0.947,0.948,0.943,0.949,0.53,4.22,0.97,-13.21,21359.0,29937.0,-832065.0,-17.17,-204253.0,-4.21,-627812.0,-12.95,618630.0,12.76,213436.0,4.4,5.0,0.945,0.946,121557011.0,114992932,114992932,2026-01-20,2026-01-20 10:54:24+08:00
159612,标普500ETF,1.866,1.8016,-3.57,-0.006,-0.32,25893.0,4838701.3,1.87,1.874,1.865,1.872,0.48,0.58,0.75,-1.44,7479.0,18414.0,-569726.0,-11.77,0.0,0.0,-569726.0,-11.77,-361904.0,-7.48,931630.0,19.25,-1.0,1.866,1.867,444898656.0,830180892,830180892,2026-01-20,2026-01-20 10:54:24+08:00
159616,农牧ETF,0.926,0.9248,-0.13,-0.003,-0.32,62137.0,5780273.6,0.939,0.939,0.923,0.929,1.72,10.09,1.27,15.69,29596.0,32541.0,12430.0,0.22,0.0,0.0,12430.0,0.22,-121928.0,-2.11,109498.0,1.9,24.0,0.925,0.926,61561112.0,57005590,57005590,2026-01-20,2026-01-20 10:54:24+08:00
561570,油气ETF华泰柏瑞,1.227,1.225,-0.16,-0.004,-0.32,12014.0,1476482.0,1.232,1.241,1.22,1.231,1.71,4.43,1.24,-0.17,3440.0,8574.0,39099.0,2.65,0.0,0.0,39099.0,2.65,-122081.0,-8.27,82982.0,5.62,81.0,1.224,1.228,27147000.0,33309369,33309369,2026-01-20,2026-01-20 10:54:14+08:00
513350,标普油气ETF,0.944,0.9494,0.57,-0.003,-0.32,361577.0,34229313.0,0.947,0.949,0.944,0.947,0.53,5.64,0.72,-43.44,114450.0,247127.0,-3722157.0,-10.87,-9892494.0,-28.9,6170337.0,18.03,3159426.0,9.23,562732.0,1.64,-10000.0,0.944,0.945,640746000.0,604864224,604864224,2026-01-20,2026-01-20 10:54:19+08:00
513100,纳指ETF,1.881,1.7867,-5.28,-0.006,-0.32,853974.0,160609191.0,1.887,1.89,1.877,1.887,0.69,0.9,1.15,54.25,325077.0,528896.0,-22334712.0,-13.91,-14393700.0,-8.96,-7941012.0,-4.94,3691824.0,2.3,18642887.0,11.61,1.0,1.88,1.881,9466110720.0,17805754264,17805754264,2026-01-20,2026-01-20 10:54:18+08:00
513110,纳斯达克100ETF,2.113,2.0558,-2.78,-0.007,-0.33,246262.0,52104132.0,2.121,2.122,2.109,2.12,0.61,1.2,1.11,18.34,96905.0,149357.0,-3482973.0,-6.68,6367696.0,12.22,-9850669.0,-18.91,-799982.0,-1.54,4282956.0,8.22,10.0,2.112,2.113,2055435008.0,4343134172,4343134172,2026-01-20,2026-01-20 10:54:15+08:00
513500,标普500ETF,2.433,2.2969,-5.93,-0.008,-0.33,281020.0,68453409.0,2.44,2.44,2.432,2.441,0.33,0.29,0.88,46.32,96556.0,184464.0,-6798527.0,-9.93,-3640381.0,-5.32,-3158146.0,-4.61,-631050.0,-0.92,7429575.0,10.85,8.0,2.432,2.433,9810638592.0,23869283694,23869283694,2026-01-20,2026-01-20 10:54:17+08:00
159960,恒生中国企业ETF,0.908,0.91,0.22,-0.003,-0.33,11941.0,1085981.6,0.908,0.914,0.904,0.911,1.1,0.21,0.46,12.8,7934.0,4007.0,-149390.0,-13.76,0.0,0.0,-149390.0,-13.76,110051.0,10.13,39339.0,3.62,1301.0,0.907,0.908,557573968.0,506277163,506277163,2026-01-20,2026-01-20 10:54:21+08:00
515360,方正沪深300ETF,6.647,6.6441,-0.04,-0.022,-0.33,65.0,43419.0,6.681,6.691,6.647,6.669,0.66,0.02,0.06,14.77,41.0,24.0,-11356.0,-26.15,0.0,0.0,-11356.0,-26.15,0.0,0.0,11356.0,26.15,8.0,6.647,6.665,37279300.0,247795507,247795507,2026-01-20,2026-01-20 10:54:16+08:00
159220,港股通红利低波ETF华宝,0.605,0.6071,0.35,-0.002,-0.33,171580.0,10376939.9,0.606,0.606,0.603,0.607,0.49,3.7,0.61,11.24,79377.0,92203.0,430497.0,4.15,-195226.0,-1.88,625723.0,6.03,-249381.0,-2.4,-181115.0,-1.75,-924.0,0.605,0.606,463569520.0,280459560,280459560,2026-01-20,2026-01-20 10:54:21+08:00
513550,港股通50ETF,1.179,1.182,0.25,-0.004,-0.34,202420.0,23900453.0,1.178,1.186,1.175,1.183,0.93,0.82,0.7,-4.61,99038.0,103382.0,588106.0,2.46,-1120001.0,-4.69,1708107.0,7.15,-37292.0,-0.16,-550815.0,-2.3,2486.0,1.178,1.179,2469992000.0,2912120568,2912120568,2026-01-20,2026-01-20 10:54:16+08:00
159555,2000增强ETF,1.764,1.766,0.11,-0.006,-0.34,16106.0,2845739.6,1.775,1.782,1.754,1.77,1.58,4.3,0.88,-2.54,9210.0,6896.0,426837.0,15.0,0.0,0.0,426837.0,15.0,-248675.0,-8.74,-178162.0,-6.26,-7.0,1.763,1.765,37462705.0,66084212,66084212,2026-01-20,2026-01-20 10:54:18+08:00
515900,央企创新驱动ETF,1.702,1.703,0.06,-0.006,-0.35,22395.0,3820652.0,1.708,1.724,1.691,1.708,1.93,0.1,0.99,2.23,8474.0,13921.0,473366.0,12.39,55680.0,1.46,417686.0,10.93,-648195.0,-16.97,174828.0,4.58,70.0,1.702,1.705,2278646496.0,3878256336,3878256336,2026-01-20,2026-01-20 10:54:17+08:00
512990,MSCIA股ETF华夏,2.015,2.0162,0.06,-0.007,-0.35,5886.0,1188203.0,2.026,2.03,2.005,2.022,1.24,0.5,1.39,18.56,2714.0,3172.0,-85446.0,-7.19,0.0,0.0,-85446.0,-7.19,98364.0,8.28,-12918.0,-1.09,-113.0,2.013,2.014,117015400.0,235786031,235786031,2026-01-20,2026-01-20 10:54:18+08:00
516810,农业ETF华夏,0.861,0.8611,0.01,-0.003,-0.35,136588.0,11780190.0,0.866,0.869,0.859,0.864,1.16,5.24,2.61,-9.62,49818.0,86770.0,-42284.0,-0.36,0.0,0.0,-42284.0,-0.36,-117063.0,-0.99,159348.0,1.35,-58.0,0.86,0.861,260478900.0,224272333,224272333,2026-01-20,2026-01-20 10:54:17+08:00
159793,线上消费ETF基金,1.153,1.1566,0.31,-0.004,-0.35,22781.0,2640973.2,1.157,1.186,1.142,1.157,3.8,6.55,1.08,6.0,8620.0,14161.0,-799749.0,-30.28,-953889.0,-36.12,154140.0,5.84,535741.0,20.29,264008.0,10.0,-3.0,1.152,1.154,34758908.0,40077021,40077021,2026-01-20,2026-01-20 10:54:18+08:00
512380,MSCI中国ETF,1.638,1.6381,0.01,-0.006,-0.36,7757.0,1274804.0,1.647,1.648,1.633,1.644,0.91,0.85,1.19,-0.83,3236.0,4521.0,-29320.0,-2.3,0.0,0.0,-29320.0,-2.3,0.0,0.0,29321.0,2.3,100.0,1.634,1.638,90805600.0,148739573,148739573,2026-01-20,2026-01-20 10:54:15+08:00
563280,A50增强ETF富国,1.392,1.3889,-0.22,-0.005,-0.36,1833.0,256224.0,1.399,1.399,1.391,1.397,0.57,2.23,1.38,-24.39,386.0,1447.0,-56172.0,-21.92,0.0,0.0,-56172.0,-21.92,50743.0,19.8,5429.0,2.12,2.0,1.386,1.392,8206600.0,11423587,11423587,2026-01-20,2026-01-20 10:54:13+08:00
513630,港股红利指数ETF,1.62,1.6273,0.45,-0.006,-0.37,754397.0,122202835.0,1.62,1.625,1.614,1.626,0.68,0.77,0.74,4.82,332246.0,422151.0,3002215.0,2.46,-1149228.0,-0.94,4151443.0,3.4,-1951676.0,-1.6,-1050538.0,-0.86,-173.0,1.62,1.621,9828358912.0,15921941437,15921941437,2026-01-20,2026-01-20 10:54:18+08:00
513600,恒生指数ETF南方,2.995,3.0014,0.21,-0.011,-0.37,230316.0,69053890.0,3.001,3.012,2.982,3.006,1.0,2.73,0.99,-9.05,106003.0,124313.0,41066.0,0.06,-1073633.0,-1.55,1114699.0,1.61,-1449493.0,-2.1,1408427.0,2.04,-167.0,2.995,2.997,843829504.0,2527269364,2527269364,2026-01-20,2026-01-20 10:54:18+08:00
159591,中证A50ETF,1.342,1.3422,0.01,-0.005,-0.37,178313.0,23856120.8,1.353,1.353,1.334,1.347,1.41,3.75,1.53,55.34,80517.0,97796.0,-2630522.0,-11.03,6940170.0,29.09,-9570692.0,-40.12,2284501.0,9.58,346021.0,1.45,-600.0,1.341,1.342,474905680.0,637323423,637323423,2026-01-20,2026-01-20 10:54:24+08:00
562890,A50ETF嘉实,1.345,1.3455,0.04,-0.005,-0.37,92612.0,12451476.0,1.35,1.355,1.337,1.35,1.33,3.95,3.19,-6.52,38008.0,54604.0,-957803.0,-7.69,2302491.0,18.49,-3260294.0,-26.18,736787.0,5.92,221016.0,1.78,1834.0,1.344,1.346,234551000.0,315471095,315471095,2026-01-20,2026-01-20 10:54:14+08:00
512760,芯片ETF,1.853,1.8535,0.03,-0.007,-0.38,1147219.0,214131430.0,1.855,1.891,1.838,1.86,2.85,2.13,1.32,0.66,537789.0,609430.0,-7090530.0,-3.31,-4696581.0,-2.19,-2393949.0,-1.12,1579293.0,0.74,5511237.0,2.57,-224.0,1.853,1.854,5381122816.0,9971220578,9971220578,2026-01-20,2026-01-20 10:54:17+08:00
159974,央企创新ETF富国,1.844,1.8482,0.23,-0.007,-0.38,6433.0,1185366.2,1.852,1.865,1.834,1.851,1.67,1.33,1.45,56.9,3204.0,3229.0,12976.0,1.09,12976.0,1.09,0.0,0.0,92885.0,7.84,-105862.0,-8.93,-239.0,1.846,1.849,48432422.0,89309386,89309386,2026-01-20,2026-01-20 10:54:18+08:00
562570,信创ETF,1.583,1.5864,0.21,-0.006,-0.38,153981.0,24531814.0,1.6,1.61,1.569,1.589,2.58,4.99,0.86,-1.64,57084.0,96897.0,733704.0,2.99,4774976.0,19.46,-4041272.0,-16.47,-1695966.0,-6.91,962262.0,3.92,-43.0,1.583,1.585,308281008.0,488008836,488008836,2026-01-20,2026-01-20 10:54:15+08:00
561230,中证A50ETF基金,1.311,1.3109,-0.01,-0.005,-0.38,131760.0,17253999.0,1.312,1.321,1.304,1.316,1.29,2.03,2.66,1.66,50800.0,80960.0,-2322701.0,-13.46,3983212.0,23.09,-6305913.0,-36.55,2066466.0,11.98,256235.0,1.49,35.0,1.31,1.311,650477808.0,852776406,852776406,2026-01-20,2026-01-20 10:54:16+08:00
517100,沪港深500ETF富国,1.056,1.0596,0.34,-0.004,-0.38,793.0,83749.0,1.062,1.062,1.052,1.06,0.94,0.04,0.05,-17.81,197.0,596.0,-57283.0,-68.4,0.0,0.0,-57283.0,-68.4,39728.0,47.44,17554.0,20.96,2.0,1.055,1.057,188602100.0,199163818,199163818,2026-01-20,2026-01-20 10:54:16+08:00
512620,农业ETF天弘,1.022,1.0223,0.03,-0.004,-0.39,25298.0,2585409.0,1.026,1.032,1.019,1.026,1.27,0.58,1.2,-12.81,11120.0,14178.0,3644.0,0.14,-520012.0,-20.11,523656.0,20.25,-14468.0,-0.56,10825.0,0.42,-3.0,1.02,1.022,434666000.0,444228652,444228652,2026-01-20,2026-01-20 10:54:19+08:00
512130,全指现金流ETF鹏华,1.265,1.2733,0.65,-0.005,-0.39,1020.0,129231.0,1.277,1.277,1.264,1.27,1.02,0.35,0.14,-1.32,560.0,460.0,34720.0,26.87,0.0,0.0,34720.0,26.87,-30107.0,-23.3,-4612.0,-3.57,144.0,1.27,1.273,28895000.0,36552175,36552175,2026-01-20,2026-01-20 10:54:20+08:00
517550,消费ETF沪港深,0.766,0.7679,0.25,-0.003,-0.39,39615.0,3036240.0,0.769,0.769,0.764,0.769,0.65,4.09,2.15,22.52,17398.0,22217.0,-41813.0,-1.38,-790368.0,-26.03,748555.0,24.65,25460.0,0.84,16353.0,0.54,-1.0,0.765,0.766,96917400.0,74238728,74238728,2026-01-20,2026-01-20 10:54:15+08:00
561300,300增强ETF,1.016,1.0161,0.01,-0.004,-0.39,314708.0,31936363.0,1.018,1.023,1.009,1.02,1.37,5.18,2.51,23.84,95751.0,218957.0,1243562.0,3.89,4667685.0,14.62,-3424123.0,-10.72,-1427543.0,-4.47,183981.0,0.58,2.0,1.015,1.016,607965008.0,617692448,617692448,2026-01-20,2026-01-20 10:54:14+08:00
159240,中证A500增强ETF天弘,1.288,1.2893,0.1,-0.005,-0.39,1089.0,140607.3,1.296,1.302,1.282,1.293,1.55,0.74,0.38,-19.47,246.0,843.0,65533.0,46.61,0.0,0.0,65533.0,46.61,-36574.0,-26.01,-28960.0,-20.6,118.0,1.288,1.289,14619776.0,18830271,18830271,2026-01-20,2026-01-20 10:54:21+08:00
159655,标普ETF,1.805,1.7546,-2.87,-0.007,-0.39,122123.0,22078100.9,1.81,1.814,1.804,1.812,0.55,0.6,0.83,10.72,44717.0,77406.0,-5285623.0,-23.96,-363909.0,-1.65,-4921714.0,-22.31,3055205.0,13.85,2230418.0,10.11,-103.0,1.805,1.806,2022143040.0,3649968187,3649968187,2026-01-20,2026-01-20 10:54:24+08:00
530080,上证180ETF天弘,1.262,1.2663,0.34,-0.005,-0.39,2346.0,298402.0,1.272,1.272,1.262,1.267,0.79,0.81,0.15,0.13,19.0,2327.0,-1901.0,-0.64,0.0,0.0,-1901.0,-0.64,127.0,0.04,1774.0,0.59,8.0,1.264,1.266,28917000.0,36493254,36493254,2026-01-20,2026-01-20 10:54:15+08:00
520580,新兴亚洲ETF,1.019,1.0234,0.43,-0.004,-0.39,33173.0,3386121.0,1.023,1.023,1.019,1.023,0.39,1.2,0.7,-8.45,7369.0,25804.0,77512.0,2.29,-655996.0,-19.37,733508.0,21.66,-90936.0,-2.69,13423.0,0.4,-365.0,1.019,1.02,275983904.0,281227598,281227598,2026-01-20,2026-01-20 10:54:15+08:00
510670,上证180ETF华夏,1.02,1.0203,0.03,-0.004,-0.39,48771.0,4979136.0,1.029,1.029,1.016,1.024,1.27,1.05,1.34,25.21,3997.0,44774.0,-2181529.0,-43.81,-185590.0,-3.73,-1995939.0,-40.09,2018158.0,40.53,163372.0,3.28,-600.0,1.02,1.021,462993008.0,472252868,472252868,2026-01-20,2026-01-20 10:54:20+08:00
159271,恒生ETF鹏华,1.032,1.0376,0.54,-0.004,-0.39,38615.0,3994467.3,1.038,1.042,1.028,1.036,1.35,4.86,1.49,-19.56,12528.0,26087.0,-88384.0,-2.21,183655.0,4.6,-272039.0,-6.81,223072.0,5.58,-134688.0,-3.37,-100.0,1.032,1.033,79386731.0,81927106,81927106,2026-01-20,2026-01-20 10:54:24+08:00
510210,上证指数ETF,1.024,1.0256,0.16,-0.004,-0.39,2168584.0,222165983.0,1.027,1.031,1.019,1.028,1.17,3.87,1.9,25.88,811874.0,1356710.0,-28906504.0,-13.01,-45760764.0,-20.6,16854260.0,7.59,16707621.0,7.52,12198883.0,5.49,-51.0,1.024,1.025,5597192704.0,5731525329,5731525329,2026-01-20,2026-01-20 10:54:18+08:00
159553,中证2000增强ETF海富通,2.002,1.9888,-0.66,-0.008,-0.4,8522.0,1703799.2,2.0,2.023,1.988,2.01,1.74,4.65,1.3,-10.94,2891.0,5631.0,-157655.0,-9.25,2001.0,0.12,-159656.0,-9.37,-63517.0,-3.73,221172.0,12.98,1.0,2.0,2.002,18326751.0,36690156,36690156,2026-01-20,2026-01-20 10:54:18+08:00
159568,港股互联网ETF博时,1.749,1.7527,0.21,-0.007,-0.4,428471.0,75089638.9,1.751,1.772,1.738,1.756,1.94,13.7,1.04,-0.14,211297.0,217174.0,-1536716.0,-2.05,-978104.0,-1.3,-558612.0,-0.74,1517418.0,2.02,19298.0,0.03,-27.0,1.749,1.75,312857904.0,547188474,547188474,2026-01-20,2026-01-20 10:54:24+08:00
520810,港股通红利ETF易方达,0.988,0.9909,0.29,-0.004,-0.4,44023.0,4351423.0,0.993,0.993,0.983,0.992,1.01,2.36,0.89,-1.49,19388.0,24635.0,-362754.0,-8.34,-911425.0,-20.95,548671.0,12.61,132299.0,3.04,230454.0,5.3,-149.0,0.987,0.989,186360000.0,184123680,184123680,2026-01-20,2026-01-20 10:54:16+08:00
561900,沪深300ESGETF,0.993,0.9931,0.01,-0.004,-0.4,15431.0,1530254.0,0.995,1.01,0.989,0.997,2.11,4.77,2.86,-4.39,10011.0,5420.0,-159392.0,-10.42,0.0,0.0,-159392.0,-10.42,99358.0,6.49,60034.0,3.92,-12.0,0.993,0.994,32334400.0,32108059,32108059,2026-01-20,2026-01-20 10:54:15+08:00
513400,道琼斯ETF,1.257,1.2515,-0.44,-0.005,-0.4,300433.0,37790011.0,1.259,1.262,1.256,1.262,0.48,1.54,0.82,-18.15,59232.0,241201.0,-4487922.0,-11.88,-4941269.0,-13.08,453347.0,1.2,2224522.0,5.89,2263399.0,5.99,200.0,1.256,1.257,1947062000.0,2447456934,2447456934,2026-01-20,2026-01-20 10:54:19+08:00
512060,中证A100ETF天弘,1.22,1.2203,0.02,-0.005,-0.41,18113.0,2210992.0,1.225,1.23,1.213,1.225,1.39,12.13,2.38,-0.45,4545.0,13568.0,94503.0,4.27,0.0,0.0,94503.0,4.27,-97354.0,-4.4,2851.0,0.13,1.0,1.218,1.22,14928000.0,18212160,18212160,2026-01-20,2026-01-20 10:54:18+08:00
159539,信创ETF广发,1.691,1.6955,0.27,-0.007,-0.41,7211.0,1231521.0,1.713,1.732,1.679,1.698,3.12,1.43,1.14,-0.67,1791.0,5420.0,636689.0,51.7,0.0,0.0,636689.0,51.7,-586658.0,-47.64,-50030.0,-4.06,-6.0,1.691,1.695,50565182.0,85505723,85505723,2026-01-20,2026-01-20 10:54:24+08:00
530180,上证180ETF易方达,1.225,1.2303,0.43,-0.005,-0.41,45254.0,5550942.0,1.235,1.237,1.221,1.23,1.3,6.66,2.01,8.03,23601.0,21653.0,111955.0,2.02,0.0,0.0,111955.0,2.02,-115081.0,-2.08,3126.0,0.06,-45.0,1.225,1.228,67952000.0,83241200,83241200,2026-01-20,2026-01-20 10:54:14+08:00
512390,平安MSCI低波ETF,1.226,1.2298,0.31,-0.005,-0.41,1887.0,231404.0,1.231,1.235,1.225,1.231,0.81,0.11,0.24,13.63,98.0,1789.0,18898.0,8.17,0.0,0.0,18898.0,8.17,-123.0,-0.05,-18775.0,-8.11,-1601.0,1.225,1.23,171682000.0,210482132,210482132,2026-01-20,2026-01-20 10:54:20+08:00
159578,深证主板50ETF南方,1.21,1.2145,0.37,-0.005,-0.41,1453.0,176413.0,1.21,1.216,1.207,1.215,0.74,0.48,1.03,-6.05,53.0,1400.0,48037.0,27.23,0.0,0.0,48037.0,27.23,-48400.0,-27.44,363.0,0.21,-400.0,1.21,1.213,29998831.0,36298586,36298586,2026-01-20,2026-01-20 10:54:24+08:00
512520,MSCIETF,1.475,1.4764,0.09,-0.006,-0.41,2079.0,306189.0,1.48,1.487,1.468,1.481,1.28,0.38,0.47,-1.01,1469.0,610.0,-29591.0,-9.66,0.0,0.0,-29591.0,-9.66,4286.0,1.4,25305.0,8.26,8.0,1.473,1.475,54056400.0,79733190,79733190,2026-01-20,2026-01-20 10:54:20+08:00
159280,港股通互联网ETF汇添富,0.972,0.9722,0.02,-0.004,-0.41,19471.0,1891523.0,0.972,0.981,0.964,0.976,1.74,2.33,0.52,1.76,5550.0,13921.0,-338259.0,-17.88,0.0,0.0,-338259.0,-17.88,262086.0,13.86,76172.0,4.03,153.0,0.97,0.971,83717171.0,81373090,81373090,2026-01-20,2026-01-20 10:54:24+08:00
159281,港股通央企红利ETF天弘,0.982,0.9895,0.76,-0.004,-0.41,125063.0,12272759.704,0.984,0.985,0.979,0.986,0.61,3.56,1.05,-10.78,79561.0,45502.0,-998797.0,-8.14,-2633405.0,-21.46,1634608.0,13.32,635246.0,5.18,363552.0,2.96,-3753.0,0.981,0.982,351233056.0,344910861,344910861,2026-01-20,2026-01-20 10:54:18+08:00
159610,500ETF增强,1.207,1.2068,-0.02,-0.005,-0.41,54400.0,6617811.516,1.212,1.222,1.199,1.212,1.9,3.03,1.41,5.65,20476.0,33924.0,682639.0,10.32,1342005.0,20.28,-659366.0,-9.96,-766538.0,-11.58,83899.0,1.27,153.0,1.205,1.206,179568207.0,216738826,216738826,2026-01-20,2026-01-20 10:54:24+08:00
159109,恒生50ETF,0.939,0.9425,0.37,-0.004,-0.42,35929.0,3370000.984,0.943,0.946,0.934,0.943,1.27,0.66,0.55,-20.59,11724.0,24205.0,-79210.0,-2.35,0.0,0.0,-79210.0,-2.35,4552.0,0.14,74658.0,2.22,22.0,0.938,0.939,543163856.0,510030861,510030861,2026-01-20,2026-01-20 10:54:21+08:00
513850,美国50ETF易方达,1.643,1.6061,-2.3,-0.007,-0.42,108627.0,17884269.0,1.65,1.652,1.642,1.65,0.61,0.99,0.73,-14.74,24033.0,84594.0,2421248.0,13.54,-1607184.0,-8.99,4028432.0,22.53,-3644690.0,-20.38,1223442.0,6.84,-57.0,1.643,1.644,1098892608.0,1805480555,1805480555,2026-01-20,2026-01-20 10:54:18+08:00
516920,芯片50ETF,1.19,1.1889,-0.09,-0.005,-0.42,385531.0,46148278.0,1.194,1.214,1.178,1.195,3.01,6.01,1.72,7.21,181378.0,204153.0,-4792786.0,-10.39,-9824423.0,-21.29,5031637.0,10.9,2132024.0,4.62,2660764.0,5.77,240.0,1.189,1.19,641963008.0,763935980,763935980,2026-01-20,2026-01-20 10:54:16+08:00
512150,A50ETF,1.889,1.891,0.11,-0.008,-0.42,2209.0,417311.0,1.9,1.903,1.883,1.897,1.05,0.63,0.33,7.32,677.0,1532.0,-114386.0,-27.41,0.0,0.0,-114386.0,-27.41,-68937.0,-16.52,183324.0,43.93,49.0,1.888,1.889,35073400.0,66253653,66253653,2026-01-20,2026-01-20 10:54:18+08:00
517300,沪港深300ETF,0.956,0.9598,0.4,-0.004,-0.42,9494.0,904021.0,0.957,0.961,0.949,0.96,1.25,0.03,0.46,-11.22,2584.0,6910.0,-100462.0,-11.11,0.0,0.0,-100462.0,-11.11,-25286.0,-2.8,125749.0,13.91,1.0,0.955,0.956,3120434496.0,2983135378,2983135378,2026-01-20,2026-01-20 10:54:16+08:00
513090,香港证券ETF易方达,2.075,2.0834,0.4,-0.009,-0.43,17503692.0,3641211937.0,2.075,2.096,2.066,2.084,1.44,12.72,1.06,-7.56,8707083.0,8796609.0,-131469312.0,-3.61,-45620880.0,-1.25,-85848432.0,-2.36,48932112.0,1.34,82535105.0,2.27,-47.0,2.075,2.076,13764987904.0,28562349901,28562349901,2026-01-20,2026-01-20 10:54:19+08:00
159645,疫苗ETF富国,0.693,0.6913,-0.25,-0.003,-0.43,8584.0,595528.7,0.693,0.699,0.69,0.696,1.29,2.35,1.59,20.57,2603.0,5981.0,44532.0,7.48,-3390.0,-0.57,47922.0,8.05,-71983.0,-12.09,27451.0,4.61,30.0,0.69,0.692,36540740.0,25322733,25322733,2026-01-20,2026-01-20 10:54:06+08:00
159632,纳斯达克ETF,2.086,2.0277,-2.88,-0.009,-0.43,234742.0,49038197.1,2.095,2.098,2.081,2.095,0.81,0.49,0.91,31.9,91057.0,143685.0,-12434015.0,-25.36,-37981.0,-0.08,-12396034.0,-25.28,7829836.0,15.97,4604179.0,9.39,-77.0,2.086,2.087,4828720640.0,10072711255,10072711255,2026-01-20,2026-01-20 10:54:24+08:00
520650,港股通互联网ETF南方,0.93,0.9299,-0.01,-0.004,-0.43,41160.0,3838497.0,0.934,0.941,0.924,0.934,1.82,1.31,0.47,-14.32,17839.0,23321.0,-8087.0,-0.21,-934350.0,-24.34,926263.0,24.13,17423.0,0.45,-9336.0,-0.24,-210.0,0.93,0.932,315255008.0,293187157,293187157,2026-01-20,2026-01-20 10:54:15+08:00
512240,A50ETF鹏华,1.157,1.157,0.0,-0.005,-0.43,3805.0,439570.0,1.162,1.162,1.151,1.162,0.95,3.0,0.51,-2.51,2514.0,1291.0,10427.0,2.37,0.0,0.0,10427.0,2.37,-61006.0,-13.88,50580.0,11.51,2.0,1.156,1.157,12686000.0,14677702,14677702,2026-01-20,2026-01-20 10:54:15+08:00
515310,沪深300ETF汇添富,1.403,1.4038,0.06,-0.006,-0.43,105099.0,14739427.0,1.412,1.415,1.394,1.409,1.49,4.36,2.24,7.17,57972.0,47127.0,-3140649.0,-21.31,2841925.0,19.28,-5982574.0,-40.59,1921416.0,13.04,1219233.0,8.27,5.0,1.402,1.403,241111200.0,338279014,338279014,2026-01-20,2026-01-20 10:54:17+08:00
513390,纳指100ETF,2.069,2.0035,-3.27,-0.009,-0.43,72803.0,15085291.0,2.077,2.08,2.065,2.078,0.72,0.41,0.8,30.69,25656.0,47147.0,110616.0,0.73,32937.0,0.22,77679.0,0.51,-1436445.0,-9.52,1325829.0,8.79,-400.0,2.069,2.07,1790379104.0,3704294366,3704294366,2026-01-20,2026-01-20 10:54:17+08:00
520560,香港大盘30ETF,0.929,0.931,0.21,-0.004,-0.43,66340.0,6162575.0,0.941,0.941,0.923,0.933,1.93,0.77,0.96,14.13,20427.0,45913.0,-1466586.0,-23.8,-637463.0,-10.34,-829123.0,-13.45,756087.0,12.27,710500.0,11.53,-660.0,0.928,0.929,862419008.0,801187258,801187258,2026-01-20,2026-01-20 10:54:16+08:00
510350,沪深300ETF工银,4.908,4.9128,0.1,-0.021,-0.43,60160.0,29539352.0,4.954,4.954,4.882,4.929,1.46,0.78,2.01,35.05,27447.0,32713.0,-6455586.0,-21.85,13630999.0,46.15,-20086585.0,-68.0,5630929.0,19.06,824657.0,2.79,402.0,4.905,4.909,770514704.0,3781686167,3781686167,2026-01-20,2026-01-20 10:54:19+08:00
560100,中证500增强ETF南方,1.357,1.3563,-0.05,-0.006,-0.44,169218.0,22910440.0,1.368,1.375,1.344,1.363,2.27,25.23,7.18,16.99,84715.0,84503.0,-740707.0,-3.23,-3572028.0,-15.59,2831321.0,12.36,543133.0,2.37,197575.0,0.86,652.0,1.353,1.356,67080300.0,91027967,91027967,2026-01-20,2026-01-20 10:54:15+08:00
159976,湾创ETF,1.37,1.376,0.44,-0.006,-0.44,716.0,98029.0,1.376,1.379,1.365,1.376,1.02,0.08,0.22,-0.74,624.0,92.0,-37670.0,-38.43,0.0,0.0,-37670.0,-38.43,49582.0,50.58,-11912.0,-12.15,290.0,1.368,1.371,87885872.0,120403645,120403645,2026-01-20,2026-01-20 10:54:12+08:00
510010,180治理ETF,1.81,1.8086,-0.08,-0.008,-0.44,71.0,12848.0,1.818,1.818,1.8,1.818,0.99,0.0,0.09,89.52,51.0,20.0,-11586.0,-90.18,0.0,0.0,-11586.0,-90.18,0.0,0.0,11586.0,90.18,50.0,1.8,1.816,142524400.0,257969164,257969164,2026-01-20,2026-01-20 10:54:19+08:00
159850,恒生国企ETF,0.907,0.91,0.33,-0.004,-0.44,50575.0,4586504.499,0.908,0.911,0.902,0.911,0.99,0.68,0.82,31.8,24952.0,25623.0,-649285.0,-14.16,-906000.0,-19.75,256715.0,5.6,2877.0,0.06,646408.0,14.09,-2.0,0.906,0.907,748706496.0,679076792,679076792,2026-01-20,2026-01-20 10:54:21+08:00
159792,港股通互联网ETF,0.897,0.8955,-0.17,-0.004,-0.44,11011631.0,989821244.74,0.897,0.909,0.89,0.901,2.11,1.1,0.89,-0.81,5118940.0,5892691.0,2114365.0,0.21,38383856.0,3.88,-36269491.0,-3.66,-8362872.0,-0.84,6248504.0,0.63,-378.0,0.897,0.898,99841855488.0,89558144373,89558144373,2026-01-20,2026-01-20 10:54:21+08:00
516600,消费服务ETF,0.665,0.6642,-0.12,-0.003,-0.45,22683.0,1509352.0,0.668,0.67,0.662,0.668,1.2,1.81,1.67,0.92,8258.0,14425.0,-656499.0,-43.5,-215316.0,-14.27,-441183.0,-29.23,212022.0,14.05,444477.0,29.45,-30.0,0.664,0.665,125332100.0,83345847,83345847,2026-01-20,2026-01-20 10:54:16+08:00
510360,沪深300ETF广发,1.788,1.79,0.11,-0.008,-0.45,154268.0,27583174.0,1.798,1.802,1.778,1.796,1.34,0.77,1.2,17.57,69098.0,85170.0,-744537.0,-2.7,5809697.0,21.09,-6554234.0,-23.79,-89899.0,-0.33,834436.0,3.03,209.0,1.788,1.789,1991381200.0,3560589586,3560589586,2026-01-20,2026-01-20 10:54:19+08:00
512090,MSCIA股ETF易方达,1.978,1.9777,-0.02,-0.009,-0.45,508088.0,100662327.0,1.987,2.002,1.968,1.987,1.71,15.42,2.43,-2.49,254416.0,253672.0,132608.0,0.13,-1825063.0,-1.81,1957671.0,1.94,367976.0,0.37,-500583.0,-0.5,-1500.0,1.976,1.977,329592304.0,651933577,651933577,2026-01-20,2026-01-20 10:54:19+08:00
159870,化工ETF,0.883,0.8814,-0.18,-0.004,-0.45,12059144.0,1072043535.786,0.891,0.9,0.876,0.887,2.71,4.43,2.21,34.27,7011019.0,5048125.0,-226416240.0,-21.14,-294414112.0,-27.49,67997872.0,6.35,170301068.0,15.9,56115167.0,5.24,13114.0,0.882,0.883,27197606912.0,24015486903,24015486903,2026-01-20,2026-01-20 10:54:21+08:00
520920,恒生科技ETF天弘,0.888,0.8782,-1.12,-0.004,-0.45,1813012.0,160688175.0,0.891,0.895,0.88,0.892,1.68,1.24,1.17,17.28,1077035.0,735977.0,-25212964.0,-15.69,-27112158.0,-16.87,1899194.0,1.18,19947321.0,12.41,5265642.0,3.28,2045.0,0.886,0.888,14609019136.0,12972808993,12972808993,2026-01-20,2026-01-20 10:54:16+08:00
159535,中证2000ETF嘉实,1.537,1.5364,-0.04,-0.007,-0.45,12590.0,1939356.8,1.544,1.55,1.527,1.544,1.49,11.47,0.98,20.61,4643.0,7947.0,-62419.0,-3.22,0.0,0.0,-62419.0,-3.22,41594.0,2.14,20826.0,1.07,-100.0,1.536,1.538,10981088.0,16877932,16877932,2026-01-20,2026-01-20 10:54:21+08:00
159791,300ESGETF华夏,1.112,1.1161,0.37,-0.005,-0.45,61.0,6780.2,1.12,1.12,1.111,1.117,0.81,0.02,0.06,-0.34,10.0,51.0,4111.0,60.63,0.0,0.0,4111.0,60.63,0.0,0.0,-4111.0,-60.63,1.0,1.115,1.118,27083347.0,30116682,30116682,2026-01-20,2026-01-20 10:54:21+08:00
510950,上证50ETF广发,1.312,1.3162,0.32,-0.006,-0.46,31263.0,4113538.0,1.319,1.322,1.309,1.318,0.99,5.11,1.78,5.14,12680.0,18583.0,-580136.0,-14.1,0.0,0.0,-580136.0,-14.1,578973.0,14.07,1163.0,0.03,-3.0,1.312,1.314,61200000.0,80294400,80294400,2026-01-20,2026-01-20 10:54:19+08:00
159677,1000增强ETF,1.499,1.4975,-0.1,-0.007,-0.46,50378.0,7542379.8,1.514,1.514,1.491,1.506,1.53,18.73,2.05,19.76,22510.0,27868.0,2089695.0,27.71,3635104.0,48.2,-1545409.0,-20.49,-1618024.0,-21.45,-471671.0,-6.25,-198.0,1.497,1.499,26904091.0,40329232,40329232,2026-01-20,2026-01-20 10:54:21+08:00
563000,中国A50ETF易方达,1.074,1.0725,-0.14,-0.005,-0.46,382988.0,41100340.0,1.079,1.082,1.07,1.079,1.11,1.67,3.22,25.33,185904.0,197083.0,1919416.0,4.67,20381619.0,49.59,-18462203.0,-44.92,-2360571.0,-5.74,441155.0,1.07,-10.0,1.074,1.075,2288451104.0,2457796486,2457796486,2026-01-20,2026-01-20 10:54:15+08:00
159686,A100ETF易方达,1.296,1.2975,0.12,-0.006,-0.46,13642.0,1769137.9,1.302,1.307,1.289,1.302,1.38,2.01,0.54,0.42,5707.0,7935.0,127670.0,7.22,0.0,0.0,127670.0,7.22,-101368.0,-5.73,-26302.0,-1.49,-1.0,1.296,1.297,67815386.0,87888740,87888740,2026-01-20,2026-01-20 10:54:24+08:00
159758,红利质量ETF,1.093,1.0926,-0.04,-0.005,-0.46,1022848.0,112234072.971,1.099,1.103,1.088,1.098,1.37,7.24,1.87,1.31,504130.0,518718.0,419345.0,0.37,5714642.0,5.09,-5295297.0,-4.72,-746717.0,-0.67,327371.0,0.29,43.0,1.092,1.093,1412290784.0,1543633827,1543633827,2026-01-20,2026-01-20 10:54:21+08:00
159523,沪深300成长ETF华夏,1.293,1.2926,-0.03,-0.006,-0.46,28304.0,3664200.0,1.298,1.303,1.287,1.299,1.23,3.9,1.77,-9.0,9667.0,18637.0,-53141.0,-1.45,0.0,0.0,-53141.0,-1.45,-17234.0,-0.47,70375.0,1.92,-5.0,1.292,1.293,72517348.0,93764931,93764931,2026-01-20,2026-01-20 10:54:21+08:00
515220,煤炭ETF,1.064,1.0646,0.06,-0.005,-0.47,1489272.0,158600749.0,1.068,1.071,1.06,1.069,1.03,1.98,0.92,39.52,721711.0,767561.0,-6018141.0,-3.79,13764491.0,8.68,-19782632.0,-12.47,2198305.0,1.39,3819837.0,2.41,4089.0,1.064,1.065,7525176832.0,8006788149,8006788149,2026-01-20,2026-01-20 10:54:19+08:00
560350,中证A50ETF指数基金,1.276,1.276,0.0,-0.006,-0.47,251588.0,32064938.0,1.288,1.288,1.268,1.282,1.56,1.61,1.49,-0.01,114468.0,137120.0,-3465911.0,-10.81,3858635.0,12.03,-7324546.0,-22.84,2263000.0,7.06,1202911.0,3.75,120.0,1.275,1.276,1563532096.0,1995066954,1995066954,2026-01-20,2026-01-20 10:54:16+08:00
512480,半导体ETF,1.686,1.6847,-0.08,-0.008,-0.47,5017772.0,850193892.0,1.685,1.717,1.67,1.694,2.77,3.9,1.31,26.19,2232443.0,2785329.0,-39985992.0,-4.7,-75684360.0,-8.9,35698368.0,4.2,5187914.0,0.61,34798761.0,4.09,1165.0,1.686,1.687,12853003520.0,21670163935,21670163935,2026-01-20,2026-01-20 10:54:19+08:00
513810,港股国企ETF,1.688,1.6947,0.4,-0.008,-0.47,10935.0,1844723.0,1.696,1.696,1.679,1.696,1.0,2.43,1.17,-4.47,2269.0,8666.0,-82636.0,-4.48,0.0,0.0,-82636.0,-4.48,-213070.0,-11.55,295708.0,16.03,-95.0,1.687,1.689,44992000.0,75946496,75946496,2026-01-20,2026-01-20 10:54:15+08:00
510370,沪深300ETF兴业,1.052,1.0501,-0.18,-0.005,-0.47,7113.0,747639.0,1.057,1.058,1.044,1.057,1.32,0.64,1.17,-15.62,397.0,6716.0,226720.0,30.32,0.0,0.0,226720.0,30.32,-306068.0,-40.94,79348.0,10.61,180.0,1.048,1.052,111258100.0,117043521,117043521,2026-01-20,2026-01-20 10:54:20+08:00
513040,港股通互联网ETF易方达,1.464,1.4619,-0.14,-0.007,-0.48,5109375.0,749638444.0,1.467,1.481,1.454,1.471,1.84,7.67,1.7,-24.34,2573759.0,2535616.0,2403659.0,0.32,1665264.0,0.22,738395.0,0.1,-3789361.0,-0.51,1385710.0,0.18,-224.0,1.464,1.465,6663841280.0,9755863634,9755863634,2026-01-20,2026-01-20 10:54:18+08:00
517080,沪港深500ETF汇添富,1.036,1.0411,0.49,-0.005,-0.48,9164.0,947926.0,1.036,1.044,1.031,1.041,1.25,0.39,0.51,-9.03,5977.0,3187.0,-174751.0,-18.44,0.0,0.0,-174751.0,-18.44,66804.0,7.05,107948.0,11.39,907.0,1.035,1.037,237166000.0,245703976,245703976,2026-01-20,2026-01-20 10:54:17+08:00
516110,汽车ETF,1.449,1.4496,0.04,-0.007,-0.48,157247.0,22883510.0,1.45,1.467,1.444,1.456,1.58,3.69,1.62,-9.15,76587.0,80660.0,2182787.0,9.54,941953.0,4.12,1240834.0,5.42,-1462743.0,-6.39,-720046.0,-3.15,230.0,1.449,1.45,425623104.0,616727878,616727878,2026-01-20,2026-01-20 10:54:16+08:00
159981,能源化工ETF,1.249,1.2509,0.15,-0.006,-0.48,506571.0,63299446.8,1.254,1.255,1.246,1.255,0.72,4.05,1.08,35.38,178490.0,328081.0,741860.0,1.17,1523172.0,2.41,-781312.0,-1.24,-3235296.0,-5.12,2493435.0,3.95,-1032.0,1.249,1.25,1250536960.0,1561920663,1561920663,2026-01-20,2026-01-20 10:54:18+08:00
159209,中证红利质量ETF,1.249,1.2478,-0.1,-0.006,-0.48,191869.0,23943974.2,1.254,1.257,1.241,1.255,1.27,2.72,0.92,11.71,78229.0,113640.0,-7141036.0,-29.82,-6507757.0,-27.18,-633279.0,-2.64,4886290.0,20.41,2254747.0,9.42,44.0,1.249,1.25,706635056.0,882587185,882587185,2026-01-20,2026-01-20 10:54:27+08:00
562050,药ETF,1.031,1.0294,-0.16,-0.005,-0.48,16990.0,1756546.0,1.036,1.041,1.029,1.036,1.16,1.88,0.73,4.32,4062.0,12928.0,-268114.0,-15.26,-393256.0,-22.39,125142.0,7.12,51367.0,2.92,216747.0,12.34,-50.0,1.03,1.032,90468000.0,93272508,93272508,2026-01-20,2026-01-20 10:54:14+08:00
159643,疫苗ETF,0.611,0.6098,-0.2,-0.003,-0.49,16706.0,1026520.1,0.615,0.618,0.609,0.614,1.47,0.94,1.05,7.48,8012.0,8694.0,-219527.0,-21.39,-202349.0,-19.71,-17178.0,-1.67,83165.0,8.1,136363.0,13.28,30.0,0.61,0.611,177390617.0,108385667,108385667,2026-01-20,2026-01-20 10:54:21+08:00
510330,沪深300ETF华夏,4.906,4.9091,0.06,-0.024,-0.49,5859382.0,2876724565.0,4.929,4.943,4.88,4.93,1.28,1.45,1.1,79.34,1329098.0,4530284.0,-8960300.0,-0.31,56742576.0,1.97,-65702876.0,-2.28,2244821.0,0.08,6715483.0,0.23,703.0,4.906,4.907,40457049856.0,198482286594,198482286594,2026-01-20,2026-01-20 10:54:18+08:00
159919,沪深300ETF,4.913,4.9134,0.01,-0.024,-0.49,8594038.0,4224247473.3,4.937,4.951,4.885,4.937,1.34,2.33,1.93,73.32,1238697.0,7355341.0,174965201.0,4.14,182728064.0,4.33,-7762863.0,-0.18,-199981349.0,-4.74,25016149.0,0.59,-2432.0,4.912,4.913,36875016704.0,181166957067,181166957067,2026-01-20,2026-01-20 10:54:21+08:00
520660,XD港股通央企红利ETF南方,1.014,1.0138,-0.02,-0.005,-0.49,206588.0,20995701.0,1.029,1.031,1.01,1.019,2.06,0.76,1.04,-9.98,66480.0,140108.0,-1985681.0,-9.46,-6105457.0,-29.08,4119776.0,19.62,1121882.0,5.34,863800.0,4.11,2.0,1.013,1.014,2711485504.0,2749446301,2749446301,2026-01-20,2026-01-20 10:54:16+08:00
516640,芯片龙头ETF,1.222,1.2214,-0.05,-0.006,-0.49,474194.0,58359575.0,1.222,1.247,1.211,1.228,2.93,4.14,1.43,0.54,225355.0,248839.0,464717.0,0.8,-5119462.0,-8.77,5584179.0,9.57,-791414.0,-1.36,331098.0,0.57,-56.0,1.222,1.223,1146482800.0,1401001982,1401001982,2026-01-20,2026-01-20 10:54:18+08:00
515160,MSCI中国ETF招商,1.612,1.6122,0.01,-0.008,-0.49,2968.0,481092.0,1.621,1.631,1.604,1.62,1.67,0.1,1.46,-4.17,43.0,2925.0,23008.0,4.78,0.0,0.0,23008.0,4.78,-2437.0,-0.51,-20571.0,-4.28,-1.0,1.611,1.612,287955104.0,464183628,464183628,2026-01-20,2026-01-20 10:54:16+08:00
588890,科创芯片ETF南方,3.015,3.0114,-0.12,-0.015,-0.5,334469.0,101821302.0,3.036,3.082,2.983,3.03,3.27,5.36,2.23,-13.95,156463.0,178006.0,-2619424.0,-2.57,-1621991.0,-1.59,-997433.0,-0.98,1681123.0,1.65,938301.0,0.92,-164.0,3.01,3.015,623810000.0,1880787150,1880787150,2026-01-20,2026-01-20 10:54:13+08:00
510020,超大盘ETF,3.972,3.9723,0.01,-0.02,-0.5,888.0,353649.0,3.992,4.013,3.968,3.992,1.13,0.24,0.41,-0.44,159.0,729.0,186143.0,52.63,0.0,0.0,186143.0,52.63,-157680.0,-44.59,-28461.0,-8.05,53.0,3.972,3.974,36848000.0,146360256,146360256,2026-01-20,2026-01-20 10:54:18+08:00
510310,XD沪深300ETF易方达,4.558,4.5615,0.08,-0.023,-0.5,4741693.0,2163592462.0,4.586,4.594,4.534,4.581,1.31,0.77,1.21,81.28,893002.0,3848692.0,-7850976.0,-0.36,5439984.0,0.25,-13290960.0,-0.61,-3647144.0,-0.17,11498126.0,0.53,3.0,4.559,4.56,61218643968.0,279034579206,279034579206,2026-01-20,2026-01-20 10:54:19+08:00
563520,沪深300ETF永赢,1.205,1.206,0.08,-0.006,-0.5,90718.0,10924764.0,1.211,1.222,1.198,1.211,1.98,2.17,2.24,6.17,47722.0,42996.0,-12926.0,-0.12,4042222.0,37.0,-4055148.0,-37.12,3504.0,0.03,9422.0,0.09,-500.0,1.204,1.205,418065008.0,503768335,503768335,2026-01-20,2026-01-20 10:54:13+08:00
515390,沪深300ETF指数基金,1.366,1.3677,0.12,-0.007,-0.51,95640.0,13061937.0,1.372,1.377,1.358,1.373,1.38,2.55,1.48,6.71,38033.0,57607.0,-3046737.0,-23.33,0.0,0.0,-3046737.0,-23.33,1804488.0,13.81,1242247.0,9.51,56.0,1.365,1.366,374683008.0,511816989,511816989,2026-01-20,2026-01-20 10:54:18+08:00
563350,中证A50ETF,1.372,1.3724,0.03,-0.007,-0.51,122718.0,16816441.0,1.378,1.387,1.364,1.379,1.67,4.83,2.68,49.51,78118.0,44600.0,-1104741.0,-6.57,-1327696.0,-7.9,222955.0,1.33,730089.0,4.34,374653.0,2.23,-8.0,1.371,1.372,253997600.0,348484707,348484707,2026-01-20,2026-01-20 10:54:13+08:00
159249,A500增强ETF工银,1.33,1.3293,-0.05,-0.007,-0.52,134447.0,17871645.8,1.337,1.343,1.321,1.337,1.65,16.56,1.35,11.99,57622.0,76825.0,560032.0,3.13,508086.0,2.84,51946.0,0.29,-633128.0,-3.54,73096.0,0.41,751.0,1.328,1.33,81191923.0,107985258,107985258,2026-01-20,2026-01-20 10:54:24+08:00
159627,A100ETF华夏,1.333,1.3348,0.13,-0.007,-0.52,4955.0,662443.1,1.342,1.347,1.327,1.34,1.49,1.59,0.45,-0.07,1599.0,3356.0,-111235.0,-16.79,0.0,0.0,-111235.0,-16.79,123729.0,18.68,-12494.0,-1.89,2000.0,1.332,1.334,31116776.0,41478662,41478662,2026-01-20,2026-01-20 10:54:18+08:00
510900,恒生中国企业ETF易方达,1.154,1.158,0.35,-0.006,-0.52,1046502.0,120849175.0,1.16,1.16,1.147,1.16,1.12,1.53,1.14,-15.08,449314.0,597188.0,-1799628.0,-1.49,-6510651.0,-5.39,4711023.0,3.9,1446730.0,1.2,352899.0,0.29,1.0,1.153,1.154,6859021824.0,7915311185,7915311185,2026-01-20,2026-01-20 10:54:19+08:00
512870,杭州湾区ETF,1.518,1.5179,-0.01,-0.008,-0.52,3412.0,524141.0,1.546,1.616,1.508,1.526,7.08,1.29,4.93,-6.13,623.0,2789.0,-294568.0,-56.2,6413.0,1.22,-300981.0,-57.42,237112.0,45.24,57456.0,10.96,1.0,1.514,1.518,26410600.0,40091291,40091291,2026-01-20,2026-01-20 10:54:17+08:00
159379,A500ETF融通,1.342,1.3435,0.11,-0.007,-0.52,1865.0,250839.8,1.348,1.356,1.336,1.349,1.48,0.09,1.17,-23.9,1761.0,104.0,-40311.0,-16.07,-6326.0,-2.52,-33985.0,-13.55,-8247.0,-3.29,48558.0,19.36,-20.0,1.341,1.342,203821471.0,273528414,273528414,2026-01-20,2026-01-20 10:54:21+08:00
588920,科创芯片ETF鹏华,1.719,1.7171,-0.11,-0.009,-0.52,158359.0,27453963.0,1.729,1.757,1.704,1.728,3.07,7.88,1.76,26.99,82067.0,76292.0,2511914.0,9.15,4418076.0,16.09,-1906162.0,-6.94,-2525621.0,-9.2,13707.0,0.05,-10.0,1.718,1.719,200938000.0,345412422,345412422,2026-01-20,2026-01-20 10:54:14+08:00
513300,纳斯达克ETF,2.293,2.2176,-3.4,-0.012,-0.52,332917.0,76555111.0,2.308,2.308,2.293,2.305,0.65,0.65,0.73,6.09,102101.0,230816.0,-10563999.0,-13.8,-2526100.0,-3.3,-8037899.0,-10.5,3433383.0,4.48,7130615.0,9.31,-109.0,2.293,2.294,5115671040.0,11730233695,11730233695,2026-01-20,2026-01-20 10:54:19+08:00
563080,中证A50ETF易方达,1.35,1.3507,0.05,-0.007,-0.52,187399.0,25299275.0,1.361,1.362,1.343,1.357,1.4,1.36,1.35,-0.68,78526.0,108873.0,-358262.0,-1.42,10020722.0,39.61,-10378984.0,-41.02,422224.0,1.67,-63963.0,-0.25,-6.0,1.35,1.351,1378588400.0,1861094340,1861094340,2026-01-20,2026-01-20 10:54:13+08:00
517030,沪港深300ETF易方达,1.15,1.1546,0.4,-0.006,-0.52,467.0,53721.0,1.156,1.156,1.149,1.156,0.61,0.05,0.5,1.1,203.0,264.0,32321.0,60.16,0.0,0.0,32321.0,60.16,0.0,0.0,-32321.0,-60.16,-189.0,1.15,1.154,90040300.0,103546345,103546345,2026-01-20,2026-01-20 10:54:16+08:00
159325,半导体ETF南方,1.714,1.7134,-0.04,-0.009,-0.52,140423.0,24229195.1,1.723,1.748,1.7,1.723,2.79,8.05,1.41,1.43,72073.0,68350.0,-1408231.0,-5.81,0.0,0.0,-1408231.0,-5.81,888745.0,3.67,519486.0,2.14,38.0,1.714,1.715,174460528.0,299025345,299025345,2026-01-20,2026-01-20 10:54:24+08:00
516020,化工ETF,0.938,0.9365,-0.16,-0.005,-0.53,1959686.0,184933291.0,0.95,0.957,0.93,0.943,2.86,3.47,1.96,2.11,831388.0,1128298.0,-19463903.0,-10.52,-25699608.0,-13.9,6235705.0,3.37,8355580.0,4.52,11107385.0,6.01,20.0,0.937,0.938,5649326336.0,5299068103,5299068103,2026-01-20,2026-01-20 10:54:17+08:00
159592,A50ETF基金,1.323,1.3239,0.07,-0.007,-0.53,345571.0,45660526.1,1.327,1.335,1.316,1.33,1.43,2.63,1.43,55.01,136236.0,209335.0,-4555260.0,-9.98,-5799005.0,-12.7,1243745.0,2.72,5742160.0,12.58,-1186900.0,-2.6,-94.0,1.323,1.324,1316310464.0,1741478744,1741478744,2026-01-20,2026-01-20 10:54:24+08:00
159925,沪深300ETF南方,4.734,4.739,0.11,-0.025,-0.53,131782.0,62399974.048,4.754,4.775,4.71,4.759,1.37,2.3,1.25,74.48,31696.0,100085.0,-8079689.0,-12.95,33962445.0,54.43,-42042134.0,-67.38,5916300.0,9.48,2163389.0,3.47,-125.0,4.735,4.737,572720864.0,2711260570,2711260570,2026-01-20,2026-01-20 10:54:21+08:00
588810,科创芯片ETF富国,1.887,1.8878,0.04,-0.01,-0.53,252079.0,48093772.0,1.904,1.931,1.87,1.897,3.22,8.48,1.98,5.57,97588.0,154491.0,-10238.0,-0.02,1311327.0,2.73,-1321565.0,-2.75,-999894.0,-2.08,1010132.0,2.1,-100.0,1.887,1.89,297324000.0,561050388,561050388,2026-01-20,2026-01-20 10:54:12+08:00
513360,教育ETF,0.559,0.566,1.24,-0.003,-0.53,897987.0,50350039.0,0.564,0.566,0.556,0.562,1.78,16.37,1.09,2.51,427268.0,470719.0,-3201169.0,-6.36,-2603197.0,-5.17,-597972.0,-1.19,1929945.0,3.83,1271224.0,2.52,500.0,0.558,0.559,548713904.0,306731072,306731072,2026-01-20,2026-01-20 10:54:17+08:00
510300,沪深300ETF华泰柏瑞,4.713,4.7153,0.05,-0.025,-0.53,18879846.0,8899691554.0,4.735,4.751,4.688,4.738,1.33,2.42,1.58,71.32,4445064.0,14434782.0,-124670320.0,-1.4,496277760.0,5.58,-620948080.0,-6.98,20258768.0,0.23,104412574.0,1.17,158.0,4.713,4.714,77863088128.0,366968734347,366968734347,2026-01-20,2026-01-20 10:54:20+08:00
561000,沪深300ETF增强基金,1.309,1.3112,0.17,-0.007,-0.53,16274.0,2132870.0,1.319,1.319,1.304,1.316,1.14,2.72,1.27,8.61,6745.0,9529.0,-91235.0,-4.28,125728.0,5.89,-216963.0,-10.17,-31189.0,-1.46,122424.0,5.74,-79.0,1.309,1.31,59920000.0,78435280,78435280,2026-01-20,2026-01-20 10:54:13+08:00
561200,中证A100ETF工银,1.487,1.4878,0.05,-0.008,-0.54,3427.0,508912.0,1.495,1.495,1.48,1.495,1.0,1.02,0.77,-26.77,2002.0,1425.0,62223.0,12.23,0.0,0.0,62223.0,12.23,-60588.0,-11.91,-1635.0,-0.32,-1.0,1.485,1.488,33470500.0,49770634,49770634,2026-01-20,2026-01-20 10:54:16+08:00
515800,800ETF,1.299,1.2996,0.05,-0.007,-0.54,222879.0,28989906.0,1.308,1.313,1.291,1.306,1.68,0.53,0.84,-10.19,74266.0,148613.0,-386291.0,-1.33,335131.0,1.16,-721422.0,-2.49,307788.0,1.06,78504.0,0.27,10.0,1.298,1.299,4227437200.0,5491440923,5491440923,2026-01-20,2026-01-20 10:54:18+08:00
517050,互联网ETF华泰柏瑞,0.922,0.9207,-0.14,-0.005,-0.54,27387.0,2533165.0,0.928,0.946,0.912,0.927,3.67,0.73,0.72,3.28,11567.0,15820.0,114730.0,4.53,0.0,0.0,114730.0,4.53,470933.0,18.59,-585663.0,-23.12,4.0,0.919,0.922,373605008.0,344463817,344463817,2026-01-20,2026-01-20 10:54:17+08:00
159330,沪深300ETF东财,1.445,1.447,0.14,-0.008,-0.55,105491.0,15258513.5,1.455,1.457,1.438,1.453,1.31,2.98,1.43,0.45,45772.0,59719.0,-1418604.0,-9.3,2930826.0,19.21,-4349430.0,-28.5,-272142.0,-1.78,1690746.0,11.08,179.0,1.445,1.446,353801008.0,511242457,511242457,2026-01-20,2026-01-20 10:54:21+08:00
513690,港股红利ETF博时,1.087,1.0931,0.56,-0.006,-0.55,708329.0,77068747.0,1.089,1.093,1.084,1.093,0.82,1.52,0.97,-33.0,307644.0,400685.0,5019044.0,6.51,-1458972.0,-1.89,6478016.0,8.41,-3684183.0,-4.78,-1334862.0,-1.73,-13.0,1.087,1.088,4648480000.0,5052897760,5052897760,2026-01-20,2026-01-20 10:54:17+08:00
515380,沪深300ETF泰康,5.421,5.431,0.18,-0.03,-0.55,31732.0,17212569.0,5.45,5.481,5.397,5.451,1.54,0.47,2.15,4.8,16697.0,15035.0,-1900928.0,-11.04,4076379.0,23.68,-5977307.0,-34.73,1445779.0,8.4,455149.0,2.64,-5.0,5.418,5.421,679599808.0,3684110559,3684110559,2026-01-20,2026-01-20 10:54:17+08:00
510320,沪深300ETF中金,1.269,1.2677,-0.1,-0.007,-0.55,46916.0,5953440.0,1.275,1.281,1.263,1.276,1.41,1.16,3.08,33.92,14345.0,32571.0,84272.0,1.42,-1118379.0,-18.79,1202651.0,20.2,-101731.0,-1.71,17459.0,0.29,45.0,1.267,1.269,406068496.0,515300921,515300921,2026-01-20,2026-01-20 10:54:16+08:00
513920,港股通央企红利ETF,1.621,1.6177,-0.2,-0.009,-0.55,489000.0,79273714.0,1.626,1.627,1.613,1.63,0.86,1.23,0.86,1.44,217467.0,271533.0,-313017.0,-0.39,757130.0,0.96,-1070147.0,-1.35,-2759920.0,-3.48,3072937.0,3.88,-13.0,1.621,1.622,3971231008.0,6437365464,6437365464,2026-01-20,2026-01-20 10:54:16+08:00
563600,A500增强ETF易方达,1.077,1.0789,0.18,-0.006,-0.55,23632.0,2554518.0,1.083,1.087,1.07,1.083,1.57,4.34,2.11,36.93,11959.0,11673.0,149579.0,5.86,891783.0,34.91,-742204.0,-29.05,-129943.0,-5.09,-19634.0,-0.77,-250.0,1.076,1.077,54483000.0,58678191,58678191,2026-01-20,2026-01-20 10:54:14+08:00
513330,恒生互联网ETF,0.54,0.5379,-0.39,-0.003,-0.55,25360163.0,1370775043.0,0.542,0.546,0.536,0.543,1.84,3.78,1.1,0.54,11938720.0,13421443.0,-66220006.0,-4.83,-104877856.0,-7.65,38657850.0,2.82,45282703.0,3.3,20937305.0,1.53,2164.0,0.539,0.54,67151480064.0,36261799235,36261799235,2026-01-20,2026-01-20 10:54:19+08:00
515770,摩根MSCIAETF,1.434,1.4338,-0.01,-0.008,-0.55,8448.0,1213624.0,1.45,1.452,1.426,1.442,1.8,1.73,0.51,0.22,2738.0,5710.0,-26428.0,-2.18,0.0,0.0,-26428.0,-2.18,12201.0,1.01,14227.0,1.17,-80.0,1.434,1.435,48727300.0,69874948,69874948,2026-01-20,2026-01-20 10:54:16+08:00
512260,中证500低波动ETF,1.984,1.9863,0.12,-0.011,-0.55,2690.0,534137.0,2.001,2.004,1.973,1.995,1.55,0.94,1.62,1.32,164.0,2526.0,26970.0,5.05,0.0,0.0,26970.0,5.05,-10975.0,-2.05,-15995.0,-2.99,-5.0,1.978,1.984,28497700.0,56539437,56539437,2026-01-20,2026-01-20 10:54:17+08:00
530000,上证50ETF天弘,1.425,1.4267,0.12,-0.008,-0.56,12150.0,1730033.0,1.433,1.437,1.419,1.433,1.26,0.12,1.75,21.32,8367.0,3783.0,-155162.0,-8.97,0.0,0.0,-155162.0,-8.97,147674.0,8.54,7488.0,0.43,1.0,1.421,1.424,1051029408.0,1497716906,1497716906,2026-01-20,2026-01-20 10:54:14+08:00
510130,上证中盘ETF易方达,7.313,7.3598,0.64,-0.041,-0.56,507.0,372516.0,7.355,7.37,7.303,7.354,0.91,0.15,0.36,67.83,357.0,150.0,-218160.0,-58.56,1462.0,0.39,-219622.0,-58.96,102034.0,27.39,116124.0,31.17,-3.0,7.315,7.419,34685100.0,253652136,253652136,2026-01-20,2026-01-20 10:54:18+08:00
588990,科创芯片ETF博时,2.781,2.7835,0.09,-0.016,-0.57,105771.0,29721001.0,2.796,2.846,2.757,2.797,3.18,6.02,1.33,15.84,49743.0,56028.0,-152445.0,-0.51,-432481.0,-1.46,280036.0,0.94,-249855.0,-0.84,402300.0,1.35,-16.0,2.781,2.782,175745400.0,488747957,488747957,2026-01-20,2026-01-20 10:54:14+08:00
563330,A股ETF,4.375,4.3771,0.05,-0.025,-0.57,52030.0,22799076.0,4.413,4.421,4.353,4.4,1.55,17.66,2.08,-30.95,25086.0,26944.0,-167792.0,-0.74,0.0,0.0,-167792.0,-0.74,-350105.0,-1.54,517896.0,2.27,-93.0,4.376,4.378,29460600.0,128890125,128890125,2026-01-20,2026-01-20 10:54:13+08:00
510380,国寿300ETF,1.39,1.3919,0.14,-0.008,-0.57,886646.0,122548587.0,1.4,1.4,1.38,1.398,1.43,5.66,117.25,95.35,167627.0,719019.0,12501486.0,10.2,40458655.0,33.01,-27957169.0,-22.81,-12231999.0,-9.98,-269486.0,-0.22,-1.0,1.389,1.391,1566802400.0,2177855336,2177855336,2026-01-20,2026-01-20 10:54:18+08:00
513990,港股通ETF,1.224,1.2359,0.96,-0.007,-0.57,87741.0,10755989.0,1.226,1.233,1.218,1.231,1.22,14.15,1.75,-3.71,38868.0,48873.0,-246690.0,-2.29,219715.0,2.04,-466405.0,-4.34,84484.0,0.79,162205.0,1.51,-10.0,1.223,1.224,62000000.0,75888000,75888000,2026-01-20,2026-01-20 10:54:17+08:00
588370,科创50增强ETF南方,1.58,1.5808,0.05,-0.009,-0.57,24160.0,3829382.0,1.588,1.615,1.57,1.589,2.83,3.67,2.23,2.84,10871.0,13289.0,143100.0,3.74,984412.0,25.71,-841312.0,-21.97,-157085.0,-4.1,13985.0,0.37,-505.0,1.577,1.581,65772000.0,103919760,103919760,2026-01-20,2026-01-20 10:54:13+08:00
159390,A50指数ETF,1.227,1.2284,0.11,-0.007,-0.57,55732.0,6840615.563,1.236,1.238,1.221,1.234,1.38,2.45,1.12,2.32,27803.0,27929.0,-615547.0,-9.0,0.0,0.0,-615547.0,-9.0,426181.0,6.23,189366.0,2.77,1103.0,1.226,1.228,227768771.0,279472282,279472282,2026-01-20,2026-01-20 10:54:24+08:00
562070,沪深300指增ETF,1.025,1.0242,-0.08,-0.006,-0.58,318958.0,32653981.0,1.029,1.032,1.019,1.031,1.26,11.05,9.11,12.05,19715.0,299243.0,-51190.0,-0.16,4534418.0,13.89,-4585608.0,-14.04,-120075.0,-0.37,171265.0,0.52,-3000.0,1.025,1.026,288542000.0,295755550,295755550,2026-01-20,2026-01-20 10:54:15+08:00
560820,中证A50ETF新华,1.195,1.1995,0.38,-0.007,-0.58,80.0,9578.0,1.2,1.2,1.195,1.202,0.42,0.02,0.14,-0.09,20.0,60.0,-5978.0,-62.41,-5978.0,-62.41,0.0,0.0,0.0,0.0,5978.0,62.41,20.0,1.196,1.201,40926000.0,48906570,48906570,2026-01-20,2026-01-20 10:54:16+08:00
159300,300ETF,4.974,4.9814,0.15,-0.029,-0.58,65650.0,32680682.8,4.994,5.021,4.952,5.003,1.38,3.0,1.17,84.07,26046.0,39604.0,-2874746.0,-8.8,5959429.0,18.24,-8834175.0,-27.03,897542.0,2.75,1977203.0,6.05,-3.0,4.976,4.978,218758097.0,1088102774,1088102774,2026-01-20,2026-01-20 10:54:24+08:00
159602,中国A50ETF南方,1.029,1.0293,0.03,-0.006,-0.58,77097.0,7950703.4,1.036,1.039,1.025,1.035,1.35,1.38,0.56,0.67,29330.0,47767.0,991979.0,12.48,0.0,0.0,991979.0,12.48,-1016277.0,-12.78,24297.0,0.31,-2.0,1.028,1.03,560542944.0,576798689,576798689,2026-01-20,2026-01-20 10:54:24+08:00
515680,央企创新ETF嘉实,1.714,1.7156,0.09,-0.01,-0.58,5799.0,996605.0,1.717,1.73,1.702,1.724,1.62,0.05,0.45,1.58,4711.0,1088.0,-16573.0,-1.66,0.0,0.0,-16573.0,-1.66,-46231.0,-4.64,62804.0,6.3,3.0,1.715,1.716,1124264704.0,1926989703,1926989703,2026-01-20,2026-01-20 10:54:16+08:00
515960,医药ETF嘉实,0.862,0.861,-0.12,-0.005,-0.58,24488.0,2112633.0,0.869,0.869,0.859,0.867,1.15,1.0,1.66,-1.12,9055.0,15433.0,26108.0,1.24,591245.0,27.99,-565137.0,-26.75,-108059.0,-5.11,81950.0,3.88,3500.0,0.86,0.862,245991900.0,212045018,212045018,2026-01-20,2026-01-20 10:54:16+08:00
159376,A500ETF浦银,1.354,1.3527,-0.1,-0.008,-0.59,68291.0,9280747.9,1.365,1.366,1.344,1.362,1.62,6.1,2.41,18.37,36565.0,31726.0,24652.0,0.27,-4656055.0,-50.17,4680707.0,50.43,-245322.0,-2.64,220669.0,2.38,3515.0,1.352,1.355,111922317.0,151542817,151542817,2026-01-20,2026-01-20 10:54:18+08:00
159136,A50ETF广发,1.007,1.0079,0.09,-0.006,-0.59,13448.0,1354479.2,1.013,1.016,1.003,1.013,1.28,0.84,0.56,-6.08,9012.0,4436.0,-364293.0,-26.9,-1286517.0,-94.98,922224.0,68.09,280371.0,20.7,83921.0,6.2,-1.0,1.007,1.008,160414074.0,161536973,161536973,2026-01-20,2026-01-20 10:54:27+08:00
159509,纳指科技ETF,2.201,1.8976,-15.99,-0.013,-0.59,1039057.0,227974831.506,2.209,2.212,2.179,2.214,1.49,1.59,1.02,34.62,515059.0,523998.0,-13117918.0,-5.76,-12609225.0,-5.53,-508693.0,-0.22,-1174812.0,-0.52,14292730.0,6.27,523.0,2.2,2.201,6540564224.0,14395781857,14395781857,2026-01-20,2026-01-20 10:54:24+08:00
512160,MSCI中国A股ETF南方,1.513,1.5123,-0.05,-0.009,-0.59,5275.0,799007.0,1.522,1.526,1.506,1.522,1.31,0.37,2.02,17.42,1025.0,4250.0,6774.0,0.85,0.0,0.0,6774.0,0.85,-13038.0,-1.63,6264.0,0.78,-1.0,1.511,1.514,141777800.0,214509811,214509811,2026-01-20,2026-01-20 10:54:16+08:00
159825,农业ETF,0.842,0.842,0.0,-0.005,-0.59,359926.0,30398458.9,0.849,0.85,0.84,0.847,1.18,1.4,0.9,26.47,126753.0,233173.0,-88313.0,-0.29,806859.0,2.65,-895172.0,-2.94,-147816.0,-0.49,236130.0,0.78,26.0,0.841,0.842,2580077408.0,2172425178,2172425178,2026-01-20,2026-01-20 10:54:21+08:00
588200,科创芯片ETF,2.679,2.68,0.04,-0.016,-0.59,7770650.0,2096542134.0,2.691,2.74,2.654,2.695,3.19,4.6,1.37,14.16,3612289.0,4158361.0,-10537680.0,-0.5,-36156624.0,-1.72,25618944.0,1.22,-27072672.0,-1.29,37623743.0,1.79,-2026.0,2.679,2.68,16893894912.0,45258744469,45258744469,2026-01-20,2026-01-20 10:54:15+08:00
159595,中证A50ETF大成,1.343,1.3439,0.07,-0.008,-0.59,766215.0,102821240.252,1.348,1.355,1.336,1.351,1.41,4.43,1.52,61.87,385750.0,380465.0,-2414415.0,-2.35,-4400335.0,-4.28,1985920.0,1.93,2056963.0,2.0,357452.0,0.35,-958.0,1.343,1.344,1731113248.0,2324885092,2324885092,2026-01-20,2026-01-20 10:54:21+08:00
561500,漂亮50ETF,0.849,0.8475,-0.18,-0.005,-0.59,18856.0,1599127.0,0.862,0.862,0.844,0.854,2.11,2.9,1.95,-15.98,11384.0,7472.0,365411.0,22.85,0.0,0.0,365411.0,22.85,-373722.0,-23.37,8310.0,0.52,1.0,0.845,0.848,65100300.0,55270155,55270155,2026-01-20,2026-01-20 10:54:14+08:00
159657,疫苗ETF鹏华,0.67,0.6697,-0.04,-0.004,-0.59,17633.0,1189501.444,0.677,0.677,0.668,0.674,1.34,1.13,1.05,4.05,9422.0,8211.0,-280388.0,-23.57,-1049910.0,-88.26,769522.0,64.69,242727.0,20.41,37662.0,3.17,-1325.0,0.669,0.67,155514819.0,104194929,104194929,2026-01-20,2026-01-20 10:54:21+08:00
512650,长三角ETF汇添富,1.338,1.3346,-0.25,-0.008,-0.59,21583.0,2885748.0,1.345,1.349,1.327,1.346,1.63,5.84,6.67,21.07,13332.0,8251.0,118931.0,4.12,0.0,0.0,118931.0,4.12,-22229.0,-0.77,-96703.0,-3.35,32.0,1.333,1.335,36941600.0,49427861,49427861,2026-01-20,2026-01-20 10:54:19+08:00
159552,中证2000增强ETF,2.203,2.1996,-0.15,-0.013,-0.59,179998.0,39724999.2,2.214,2.22,2.189,2.216,1.4,6.34,2.26,-17.72,86748.0,93250.0,-1655192.0,-4.17,-1768233.0,-4.45,113041.0,0.28,520777.0,1.31,1134415.0,2.86,-189.0,2.203,2.206,283790320.0,625190075,625190075,2026-01-20,2026-01-20 10:54:24+08:00
159129,化工ETF嘉实,1.152,1.1501,-0.17,-0.007,-0.6,403621.0,47014937.855,1.164,1.175,1.143,1.159,2.76,5.04,3.57,51.83,287996.0,115625.0,-5493231.0,-11.68,-18111614.0,-38.52,12618383.0,26.84,4362182.0,9.28,1131049.0,2.41,-100.0,1.151,1.153,800906592.0,922644394,922644394,2026-01-20,2026-01-20 10:54:27+08:00
159930,能源ETF,1.481,1.4827,0.11,-0.009,-0.6,100115.0,14862695.47,1.484,1.493,1.478,1.49,1.01,3.3,0.82,18.12,43822.0,56293.0,-1675731.0,-11.27,-1383802.0,-9.31,-291929.0,-1.96,665335.0,4.48,1010395.0,6.8,-40.0,1.481,1.483,303398144.0,449332651,449332651,2026-01-20,2026-01-20 10:54:18+08:00
563860,A500ETF海富通,1.299,1.3,0.08,-0.008,-0.61,91611.0,11901762.0,1.312,1.312,1.292,1.307,1.53,3.22,4.31,6.98,37832.0,53779.0,1335247.0,11.22,-841219.0,-7.07,2176466.0,18.29,-1193444.0,-10.03,-141804.0,-1.19,-381.0,1.298,1.299,284844304.0,370012751,370012751,2026-01-20,2026-01-20 10:54:15+08:00
510680,上证50ETF万家,3.28,3.2868,0.21,-0.02,-0.61,10261.0,3361808.0,3.3,3.318,3.269,3.3,1.48,3.44,1.42,-26.04,4037.0,6224.0,145377.0,4.32,0.0,0.0,145377.0,4.32,-139073.0,-4.14,-6304.0,-0.19,34.0,3.276,3.28,29824700.0,97825016,97825016,2026-01-20,2026-01-20 10:54:20+08:00
159691,港股红利ETF,1.314,1.3209,0.52,-0.008,-0.61,1055452.0,138534253.1,1.32,1.322,1.306,1.322,1.21,1.64,1.14,-7.17,481157.0,574295.0,5716432.0,4.13,-1556606.0,-1.13,7273038.0,5.26,-5366021.0,-3.88,-350411.0,-0.25,-1710.0,1.314,1.315,6441301504.0,8463870176,8463870176,2026-01-20,2026-01-20 10:54:21+08:00
512550,富时A50ETF嘉实,1.788,1.7894,0.08,-0.011,-0.61,44166.0,7918407.0,1.8,1.803,1.784,1.799,1.06,3.11,2.26,1.56,18025.0,26141.0,-594455.0,-7.51,0.0,0.0,-594455.0,-7.51,102675.0,1.3,491781.0,6.21,5.0,1.787,1.788,141906000.0,253727928,253727928,2026-01-20,2026-01-20 10:54:20+08:00
159673,沪深300ETF鹏华,1.286,1.2887,0.21,-0.008,-0.62,420978.0,54201635.2,1.294,1.297,1.279,1.294,1.39,2.45,1.04,55.72,149952.0,271026.0,-2424467.0,-4.47,11064212.0,20.41,-13488679.0,-24.89,2154027.0,3.97,270440.0,0.5,-2.0,1.286,1.287,1719528384.0,2211313502,2211313502,2026-01-20,2026-01-20 10:54:24+08:00
159631,中证A100ETF,1.278,1.2782,0.02,-0.008,-0.62,30882.0,3963735.6,1.288,1.29,1.271,1.286,1.48,7.13,1.62,-0.01,14262.0,16620.0,99959.0,2.52,0.0,0.0,99959.0,2.52,-146169.0,-3.69,46210.0,1.17,1.0,1.277,1.278,43332605.0,55379069,55379069,2026-01-20,2026-01-20 10:54:21+08:00
516120,化工50ETF,0.958,0.9577,-0.03,-0.006,-0.62,1685074.0,163170660.0,0.972,0.978,0.952,0.964,2.7,4.68,2.83,10.81,645884.0,1039190.0,-14357769.0,-8.8,-19235144.0,-11.79,4877375.0,2.99,6996843.0,4.29,7360926.0,4.51,-3.0,0.958,0.959,3597582000.0,3446483556,3446483556,2026-01-20,2026-01-20 10:54:15+08:00
159502,标普生物科技ETF,1.284,1.2882,0.33,-0.008,-0.62,660210.0,84980223.4,1.293,1.293,1.283,1.292,0.77,3.77,0.79,26.49,196067.0,464143.0,-9013861.0,-10.61,-14776725.0,-17.39,5762864.0,6.78,3937938.0,4.63,5075924.0,5.97,-20.0,1.284,1.285,1752323024.0,2249982763,2249982763,2026-01-20,2026-01-20 10:54:24+08:00
510390,沪深300ETF平安,5.259,5.2713,0.23,-0.033,-0.62,11706.0,6174243.0,5.213,5.398,5.213,5.292,3.5,1.23,2.09,-1.58,5713.0,5993.0,-1327793.0,-21.51,-32618.0,-0.53,-1295175.0,-20.98,421730.0,6.83,906064.0,14.67,-456.0,5.258,5.261,95150000.0,500393850,500393850,2026-01-20,2026-01-20 10:54:21+08:00
159596,A50ETF华宝,0.639,0.6394,0.06,-0.004,-0.62,371659.0,23715736.9,0.643,0.645,0.635,0.643,1.56,4.04,1.04,32.58,200739.0,170920.0,-2090491.0,-8.81,781605.0,3.3,-2872096.0,-12.11,1767823.0,7.45,322669.0,1.36,80.0,0.638,0.639,920683040.0,588316463,588316463,2026-01-20,2026-01-20 10:54:21+08:00
520950,港股通50ETF摩根,0.969,0.9722,0.33,-0.006,-0.62,81219.0,7858882.0,0.975,0.975,0.963,0.975,1.23,1.42,0.83,-4.77,34807.0,46412.0,-324814.0,-4.13,-1395173.0,-17.75,1070359.0,13.62,72707.0,0.93,252108.0,3.21,-240.0,0.968,0.969,573421008.0,555644957,555644957,2026-01-20,2026-01-20 10:54:14+08:00
513220,中概互联ETF,1.272,1.2801,0.63,-0.008,-0.63,228103.0,29076891.0,1.28,1.284,1.268,1.28,1.25,6.77,0.98,11.53,103290.0,124813.0,-3965678.0,-13.64,-4972466.0,-17.1,1006788.0,3.46,2234954.0,7.69,1730724.0,5.95,205.0,1.271,1.272,337109408.0,428803167,428803167,2026-01-20,2026-01-20 10:54:20+08:00
560380,A100ETF南方,1.263,1.2651,0.17,-0.008,-0.63,71240.0,9019260.0,1.269,1.275,1.257,1.271,1.42,4.48,3.28,1.58,33686.0,37554.0,457564.0,5.07,-750480.0,-8.32,1208044.0,13.39,-321151.0,-3.56,-136413.0,-1.51,-102.0,1.263,1.264,158861000.0,200641443,200641443,2026-01-20,2026-01-20 10:54:15+08:00
159605,中概互联ETF,1.097,1.094,-0.27,-0.007,-0.63,1292805.0,142159816.0,1.1,1.107,1.094,1.104,1.18,3.26,0.89,38.09,558191.0,734614.0,-17782897.0,-12.51,-4749912.0,-3.34,-13032985.0,-9.17,9528700.0,6.7,8254197.0,5.81,-2.0,1.097,1.098,3962486160.0,4346847318,4346847318,2026-01-20,2026-01-20 10:54:24+08:00
516550,农业ETF,0.786,0.7869,0.11,-0.005,-0.63,34036.0,2683081.0,0.793,0.794,0.784,0.791,1.26,1.64,1.02,-0.31,15581.0,18455.0,90153.0,3.36,38222.0,1.42,51931.0,1.94,-86380.0,-3.22,-3773.0,-0.14,-3600.0,0.786,0.787,207414400.0,163027718,163027718,2026-01-20,2026-01-20 10:54:17+08:00
159226,中证A500增强ETF,1.272,1.2711,-0.07,-0.008,-0.63,90866.0,11550253.504,1.281,1.285,1.264,1.28,1.64,13.15,2.09,14.16,54678.0,36188.0,-424480.0,-3.68,1830952.0,15.85,-2255432.0,-19.53,340873.0,2.95,83607.0,0.72,8.0,1.271,1.272,69094840.0,87888636,87888636,2026-01-20,2026-01-20 10:54:24+08:00
588290,科创芯片ETF基金,2.624,2.6247,0.03,-0.017,-0.64,910191.0,241260909.0,2.642,2.683,2.599,2.641,3.18,6.25,2.22,24.49,406769.0,503422.0,-18144566.0,-7.52,-2765283.0,-1.15,-15379283.0,-6.37,15686806.0,6.5,2457761.0,1.02,1230.0,2.623,2.625,1456397008.0,3821585749,3821585749,2026-01-20,2026-01-20 10:54:13+08:00
560530,中证A500ETF摩根,1.25,1.2524,0.19,-0.008,-0.64,503699.0,63203585.0,1.262,1.265,1.244,1.258,1.67,1.36,1.92,51.4,254910.0,248789.0,-1237434.0,-1.96,-474996.0,-0.75,-762438.0,-1.21,653323.0,1.03,584111.0,0.92,-293.0,1.25,1.252,3691623696.0,4614529620,4614529620,2026-01-20,2026-01-20 10:54:16+08:00
588260,科创信息ETF,2.166,2.1638,-0.1,-0.014,-0.64,13546.0,2952342.0,2.19,2.211,2.147,2.18,2.94,2.19,1.01,15.5,6288.0,7258.0,-207776.0,-7.04,11835.0,0.4,-219611.0,-7.44,174780.0,5.92,32995.0,1.12,7.0,2.161,2.165,61746000.0,133741836,133741836,2026-01-20,2026-01-20 10:54:13+08:00
588170,科创半导体ETF,1.872,1.8715,-0.03,-0.012,-0.64,3901486.0,733492171.0,1.87,1.905,1.85,1.884,2.92,10.91,1.58,2.35,1975996.0,1925490.0,-53090725.0,-7.24,44247179.0,6.04,-97337904.0,-13.28,14444886.0,1.97,38645835.0,5.27,2942.0,1.871,1.873,3577149008.0,6696422943,6696422943,2026-01-20,2026-01-20 10:54:13+08:00
530280,上证180ETF指数基金,1.251,1.2593,0.66,-0.008,-0.64,483.0,60600.0,1.256,1.26,1.251,1.259,0.71,0.1,0.74,-0.3,14.0,469.0,60474.0,99.79,1758.0,2.9,58716.0,96.89,-35028.0,-57.8,-25447.0,-41.99,-280.0,1.255,1.259,47934000.0,59965434,59965434,2026-01-20,2026-01-20 10:54:15+08:00
159625,绿色电力ETF,1.229,1.228,-0.08,-0.008,-0.65,1354879.0,166952022.8,1.229,1.237,1.226,1.237,0.89,6.11,1.95,48.01,906536.0,448343.0,-9441033.0,-5.65,20787690.0,12.45,-30228723.0,-18.11,5751963.0,3.45,3689069.0,2.21,-1.0,1.229,1.23,2217713776.0,2725570231,2725570231,2026-01-20,2026-01-20 10:54:24+08:00
159601,A50ETF,1.068,1.0701,0.2,-0.007,-0.65,449086.0,48063525.797,1.076,1.08,1.064,1.075,1.49,2.48,1.34,-3.84,248455.0,200631.0,-1496961.0,-3.11,122713.0,0.26,-1619674.0,-3.37,572288.0,1.19,924674.0,1.92,26.0,1.068,1.069,1809388080.0,1932426469,1932426469,2026-01-20,2026-01-20 10:54:24+08:00
561990,沪深300增强ETF,1.067,1.0688,0.17,-0.007,-0.65,111289.0,11898977.0,1.073,1.076,1.063,1.074,1.21,2.09,1.08,-1.21,62060.0,49229.0,-1359246.0,-11.42,0.0,0.0,-1359246.0,-11.42,1237621.0,10.4,121625.0,1.02,5.0,1.066,1.068,532649200.0,568336696,568336696,2026-01-20,2026-01-20 10:54:14+08:00
159365,恒指ETF,1.07,1.0732,0.3,-0.007,-0.65,51546.0,5511771.0,1.073,1.075,1.064,1.077,1.02,3.2,3.4,8.34,18830.0,32716.0,-322185.0,-5.85,870186.0,15.79,-1192371.0,-21.63,278716.0,5.06,43469.0,0.79,-6.0,1.068,1.07,161162398.0,172443766,172443766,2026-01-20,2026-01-20 10:54:24+08:00
589020,科创半导体ETF鹏华,1.512,1.5123,0.02,-0.01,-0.66,734577.0,111688454.0,1.514,1.541,1.496,1.522,2.96,17.99,2.35,13.35,321961.0,412616.0,-11509153.0,-10.3,-8910996.0,-7.98,-2598157.0,-2.33,2255253.0,2.02,9253901.0,8.29,-72.0,1.511,1.512,408219008.0,617227140,617227140,2026-01-20,2026-01-20 10:54:13+08:00
159593,中证A50指数ETF,1.345,1.3464,0.1,-0.009,-0.66,416680.0,56038422.53,1.355,1.358,1.339,1.354,1.4,1.01,1.47,75.33,144967.0,271713.0,-3577635.0,-6.38,-6437624.0,-11.49,2859989.0,5.1,2661206.0,4.75,916431.0,1.64,-6000.0,1.345,1.346,4116696048.0,5536956185,5536956185,2026-01-20,2026-01-20 10:54:21+08:00
159570,港股通创新药ETF,1.661,1.6555,-0.33,-0.011,-0.66,4068315.0,679601747.212,1.669,1.688,1.654,1.672,2.03,2.68,0.94,-11.22,1872975.0,2195340.0,-7149626.0,-1.05,5698294.0,0.84,-12847920.0,-1.89,-9531338.0,-1.4,16680975.0,2.45,3079.0,1.66,1.661,15159597056.0,25180090710,25180090710,2026-01-20,2026-01-20 10:54:24+08:00
159517,800增强ETF,1.36,1.3655,0.4,-0.009,-0.66,22420.0,3064248.8,1.375,1.378,1.356,1.369,1.61,19.09,1.59,-1.36,10386.0,12034.0,226856.0,7.4,0.0,0.0,226856.0,7.4,-249135.0,-8.13,22279.0,0.73,186.0,1.363,1.364,11742624.0,15969969,15969969,2026-01-20,2026-01-20 10:54:24+08:00
515330,沪深300ETF天弘,1.351,1.3526,0.12,-0.009,-0.66,56039.0,7582384.0,1.365,1.365,1.344,1.36,1.54,0.09,1.49,13.44,23540.0,32499.0,-1448438.0,-19.1,-1290394.0,-17.02,-158044.0,-2.08,882324.0,11.64,566113.0,7.47,-134.0,1.351,1.353,6017709568.0,8129925626,8129925626,2026-01-20,2026-01-20 10:54:18+08:00
562000,中证A100ETF基金,0.605,0.6063,0.21,-0.004,-0.66,109864.0,6670234.0,0.61,0.611,0.602,0.609,1.48,1.35,1.09,9.36,24469.0,85395.0,585004.0,8.77,806386.0,12.09,-221382.0,-3.32,-632884.0,-9.49,47882.0,0.72,505.0,0.604,0.605,816737904.0,494126432,494126432,2026-01-20,2026-01-20 10:54:14+08:00
589130,科创芯片ETF易方达,1.06,1.0592,-0.08,-0.007,-0.66,490558.0,52431252.0,1.068,1.081,1.05,1.067,2.91,8.26,3.66,5.66,70436.0,420122.0,-1557637.0,-2.97,-3904477.0,-7.45,2346840.0,4.48,794238.0,1.51,763399.0,1.46,-241.0,1.059,1.061,593780000.0,629406800,629406800,2026-01-20,2026-01-20 10:54:13+08:00
560180,沪深300ESGETF南方,1.193,1.1949,0.16,-0.008,-0.67,10568.0,1266453.0,1.2,1.204,1.187,1.201,1.42,5.84,1.94,29.78,1307.0,9261.0,205333.0,16.21,-214614.0,-16.95,419947.0,33.16,-196724.0,-15.53,-8608.0,-0.68,312.0,1.193,1.195,18103000.0,21596879,21596879,2026-01-20,2026-01-20 10:54:16+08:00
159133,化工ETF天弘,1.184,1.1847,0.06,-0.008,-0.67,174011.0,20734414.565,1.193,1.208,1.178,1.192,2.52,2.17,1.81,46.21,70845.0,103166.0,-1034217.0,-4.99,-716615.0,-3.46,-317602.0,-1.53,-427998.0,-2.06,1462215.0,7.05,-86.0,1.185,1.187,802913344.0,950649399,950649399,2026-01-20,2026-01-20 10:54:27+08:00
589110,科创人工智能ETF国泰,1.033,1.031,-0.19,-0.007,-0.67,113276.0,11732474.0,1.04,1.049,1.022,1.04,2.6,6.49,1.23,4.38,71109.0,42167.0,716376.0,6.11,513624.0,4.38,202752.0,1.73,-633161.0,-5.4,-83216.0,-0.71,-20.0,1.031,1.032,174413000.0,180168629,180168629,2026-01-20,2026-01-20 10:54:13+08:00
512910,中证A100ETF,1.313,1.3168,0.29,-0.009,-0.68,41534.0,5474070.0,1.321,1.328,1.307,1.322,1.59,2.24,1.72,-1.62,14917.0,26617.0,241227.0,4.41,0.0,0.0,241227.0,4.41,-225356.0,-4.12,-15871.0,-0.29,-120.0,1.313,1.315,185128800.0,243074114,243074114,2026-01-20,2026-01-20 10:54:16+08:00
513080,法国CAC40ETF,1.76,1.7391,-1.2,-0.012,-0.68,123556.0,21751095.0,1.763,1.768,1.753,1.772,0.85,2.11,1.72,12.54,54474.0,69082.0,-4676635.0,-21.5,-1436702.0,-6.61,-3239933.0,-14.9,971915.0,4.47,3704720.0,17.03,90.0,1.759,1.76,586416000.0,1032092160,1032092160,2026-01-20,2026-01-20 10:54:18+08:00
159778,工业互联网ETF鹏华,1.162,1.1596,-0.21,-0.008,-0.68,58883.0,6892035.1,1.169,1.176,1.15,1.17,2.22,7.22,1.32,12.92,19997.0,38886.0,1034258.0,15.01,2980689.0,43.25,-1946431.0,-28.24,-1017071.0,-14.76,-17189.0,-0.25,70.0,1.158,1.16,81505382.0,94709254,94709254,2026-01-20,2026-01-20 10:54:21+08:00
159362,A500ETF工银,1.31,1.3109,0.07,-0.009,-0.68,275615.0,36248314.4,1.319,1.325,1.303,1.319,1.67,2.14,1.59,36.08,115186.0,160429.0,-3255315.0,-8.98,-2994230.0,-8.26,-261085.0,-0.72,2893070.0,7.98,362246.0,1.0,-1.0,1.309,1.311,1289180192.0,1688826052,1688826052,2026-01-20,2026-01-20 10:54:24+08:00
159358,中证A500ETF大成,1.318,1.3199,0.14,-0.009,-0.68,925894.0,122353064.9,1.329,1.333,1.31,1.327,1.73,6.45,2.7,58.42,531735.0,394159.0,1477758.0,1.21,21051298.0,17.21,-19573540.0,-16.0,-1402024.0,-1.15,-75733.0,-0.06,2000.0,1.317,1.318,1436106416.0,1892788256,1892788256,2026-01-20,2026-01-20 10:54:24+08:00
512370,A500增强ETF华夏,1.162,1.1653,0.28,-0.008,-0.68,3140.0,364525.0,1.17,1.17,1.156,1.17,1.2,0.59,0.51,3.92,1184.0,1956.0,5331.0,1.46,0.0,0.0,5331.0,1.46,-77152.0,-21.17,71821.0,19.7,-9.0,1.161,1.164,53313000.0,61949706,61949706,2026-01-20,2026-01-20 10:54:15+08:00
159293,创业板综增强ETF建信,1.015,1.0153,0.03,-0.007,-0.68,27626.0,2813671.774,1.023,1.03,1.01,1.022,1.96,3.4,0.15,42.13,13493.0,14133.0,81071.0,2.88,574773.0,20.43,-493702.0,-17.55,-65409.0,-2.32,-15662.0,-0.56,199.0,1.013,1.015,81159397.0,82376788,82376788,2026-01-20,2026-01-20 10:54:24+08:00
588100,科创信息技术ETF,2.2,2.1983,-0.08,-0.015,-0.68,125802.0,28007460.0,2.215,2.247,2.18,2.215,3.02,11.9,1.6,1.84,63627.0,62175.0,-600758.0,-2.14,0.0,0.0,-600758.0,-2.14,504099.0,1.8,96660.0,0.35,-3.0,2.196,2.2,105748700.0,232647140,232647140,2026-01-20,2026-01-20 10:54:13+08:00
513520,日经ETF,1.868,1.8149,-2.93,-0.013,-0.69,341135.0,63942321.0,1.87,1.881,1.867,1.881,0.74,3.39,0.92,60.1,144997.0,196138.0,-1904847.0,-2.98,1704653.0,2.67,-3609500.0,-5.64,223375.0,0.35,1681470.0,2.63,-1785.0,1.868,1.869,1005387200.0,1878063290,1878063290,2026-01-20,2026-01-20 10:54:18+08:00
560500,500质量成长ETF,1.299,1.2982,-0.06,-0.009,-0.69,38363.0,5000573.0,1.316,1.32,1.29,1.308,2.29,1.0,3.81,0.86,20789.0,17574.0,49945.0,1.0,781200.0,15.62,-731255.0,-14.62,-17017.0,-0.34,-32929.0,-0.66,-154.0,1.297,1.3,383339008.0,497957371,497957371,2026-01-20,2026-01-20 10:54:16+08:00
589100,科创芯片ETF国泰,1.72,1.7174,-0.15,-0.012,-0.69,224352.0,38769977.0,1.72,1.758,1.702,1.732,3.23,6.24,2.32,6.33,116927.0,107425.0,1111187.0,2.87,-176817.0,-0.46,1288004.0,3.32,-576962.0,-1.49,-534225.0,-1.38,30.0,1.717,1.72,359777008.0,618816454,618816454,2026-01-20,2026-01-20 10:54:13+08:00
159352,A500ETF南方,1.288,1.2893,0.1,-0.009,-0.69,54898385.0,7093572667.154,1.3,1.305,1.281,1.297,1.85,16.02,2.27,36.12,28180099.0,26718285.0,-6223712.0,-0.09,55869440.0,0.79,-62093152.0,-0.88,1742240.0,0.02,4481634.0,0.06,-1000.0,1.288,1.289,34278101760.0,44150195067,44150195067,2026-01-20,2026-01-20 10:54:24+08:00
159357,A500ETF博时,1.296,1.2965,0.04,-0.009,-0.69,117970.0,15299992.9,1.308,1.314,1.288,1.305,1.99,0.74,1.66,15.79,54238.0,63732.0,3507382.0,22.92,2517065.0,16.45,990317.0,6.47,-3096120.0,-20.24,-411262.0,-2.69,40.0,1.294,1.296,1597833840.0,2070792657,2070792657,2026-01-20,2026-01-20 10:54:24+08:00
520690,港股创新药ETF博时,0.863,0.8644,0.16,-0.006,-0.69,243636.0,21165644.0,0.869,0.876,0.859,0.869,1.96,4.24,1.15,32.51,89961.0,153675.0,-1505141.0,-7.11,3572338.0,16.88,-5077479.0,-23.99,625757.0,2.96,879382.0,4.15,-44.0,0.862,0.863,574454000.0,495753802,495753802,2026-01-20,2026-01-20 10:54:14+08:00
159337,中证500ETF东财,1.842,1.8342,-0.43,-0.013,-0.7,63301.0,11710513.0,1.855,1.867,1.827,1.855,2.16,1.82,1.32,10.21,35981.0,27320.0,-1090339.0,-9.31,144393.0,1.23,-1234732.0,-10.54,-74824.0,-0.64,1165162.0,9.95,10.0,1.839,1.84,347710608.0,640482940,640482940,2026-01-20,2026-01-20 10:54:24+08:00
561130,国货ETF富国,0.993,0.993,0.0,-0.007,-0.7,54939.0,5451823.0,0.998,1.0,0.988,1.0,1.2,4.16,3.36,4.04,28095.0,26844.0,-248963.0,-4.57,1423064.0,26.1,-1672027.0,-30.67,224125.0,4.11,24839.0,0.46,-1000.0,0.992,0.993,131935200.0,131011654,131011654,2026-01-20,2026-01-20 10:54:14+08:00
159550,互联网ETF东财,1.118,1.1196,0.14,-0.008,-0.71,23982.0,2694379.5,1.129,1.135,1.11,1.126,2.22,1.7,0.5,-1.24,8244.0,15738.0,61263.0,2.27,0.0,0.0,61263.0,2.27,213078.0,7.91,-274340.0,-10.18,-1.0,1.118,1.119,140828785.0,157446582,157446582,2026-01-20,2026-01-20 10:54:24+08:00
159361,A500ETF易方达,1.262,1.2634,0.11,-0.009,-0.71,30738140.0,3886021368.975,1.271,1.276,1.254,1.271,1.73,12.1,1.86,46.0,14371248.0,16366893.0,-24666704.0,-0.63,40221808.0,1.04,-64888512.0,-1.67,20165089.0,0.52,4501608.0,0.12,10814.0,1.261,1.262,25403090176.0,32058699802,32058699802,2026-01-20,2026-01-20 10:54:24+08:00
159338,中证A500ETF,1.24,1.2407,0.06,-0.009,-0.72,40870711.0,5075424441.527,1.249,1.255,1.234,1.249,1.68,13.83,1.68,21.32,19643190.0,21227521.0,-38529312.0,-0.76,18828544.0,0.37,-57357856.0,-1.13,24195048.0,0.48,14334297.0,0.28,-2053.0,1.24,1.241,29543086592.0,36633427374,36633427374,2026-01-20,2026-01-20 10:54:24+08:00
588750,科创芯片50ETF,1.786,1.7868,0.04,-0.013,-0.72,647132.0,116662168.0,1.797,1.828,1.769,1.799,3.28,2.22,1.61,20.94,303329.0,343803.0,-6089014.0,-5.22,-2149591.0,-1.84,-3939423.0,-3.38,1942241.0,1.66,4146775.0,3.55,1.0,1.785,1.788,2914228000.0,5204811208,5204811208,2026-01-20,2026-01-20 10:54:13+08:00
513770,港股互联网ETF,0.549,0.5492,0.04,-0.004,-0.72,5278553.0,290995675.0,0.55,0.557,0.546,0.553,1.99,2.05,0.86,26.09,2531287.0,2747266.0,1620973.0,0.56,12474192.0,4.29,-10853219.0,-3.73,-1553484.0,-0.53,-67489.0,-0.02,-512.0,0.549,0.55,25778137856.0,14152197683,14152197683,2026-01-20,2026-01-20 10:54:18+08:00
159561,德国ETF,1.378,1.3657,-0.9,-0.01,-0.72,167770.0,23150036.0,1.384,1.384,1.376,1.388,0.58,1.11,0.75,6.69,43814.0,123956.0,-2676425.0,-11.56,-4699819.0,-20.3,2023394.0,8.74,1837555.0,7.94,838871.0,3.62,6.0,1.377,1.378,1506499488.0,2075956294,2075956294,2026-01-20,2026-01-20 10:54:18+08:00
159351,A500ETF嘉实,1.245,1.2454,0.03,-0.009,-0.72,13090652.0,1632806103.7,1.255,1.259,1.239,1.254,1.59,15.64,3.44,43.47,7091496.0,5999156.0,-15298717.0,-0.94,92462544.0,5.66,-107761261.0,-6.6,13466343.0,0.82,1832361.0,0.11,-50.0,1.245,1.246,8369123328.0,10419558543,10419558543,2026-01-20,2026-01-20 10:54:24+08:00
563800,A500ETF龙头,1.234,1.2361,0.17,-0.009,-0.72,7174456.0,888174765.0,1.244,1.249,1.227,1.243,1.77,4.88,2.28,36.17,3331451.0,3843005.0,-35534165.0,-4.0,-58013120.0,-6.53,22478955.0,2.53,30704023.0,3.46,4830142.0,0.54,-4654.0,1.234,1.235,14689978112.0,18127432990,18127432990,2026-01-20,2026-01-20 10:54:15+08:00
159856,互联网龙头ETF,0.812,0.8101,-0.23,-0.006,-0.73,31848.0,2592998.116,0.83,0.834,0.804,0.818,3.67,0.93,0.84,-13.69,11000.0,20848.0,140479.0,5.42,0.0,0.0,140479.0,5.42,-78.0,0.0,-140401.0,-5.41,308.0,0.81,0.811,341372480.0,277194454,277194454,2026-01-20,2026-01-20 10:54:18+08:00
520570,恒生科技ETF南方,0.946,0.9426,-0.36,-0.007,-0.73,375551.0,35496442.0,0.951,0.956,0.939,0.953,1.78,1.31,0.84,-26.73,147515.0,228036.0,-867454.0,-2.44,-415571.0,-1.17,-451883.0,-1.27,250379.0,0.71,617076.0,1.74,-1578.0,0.945,0.946,2859876000.0,2705442696,2705442696,2026-01-20,2026-01-20 10:54:15+08:00
159120,港股科技30ETF,0.954,0.9608,0.71,-0.007,-0.73,83336.0,7962764.0,0.962,0.966,0.947,0.961,1.98,5.67,1.04,-4.78,35385.0,47951.0,481806.0,6.05,-140958.0,-1.77,622764.0,7.82,-685767.0,-8.61,203962.0,2.56,-3.0,0.953,0.954,147024466.0,140261341,140261341,2026-01-20,2026-01-20 10:54:27+08:00
513290,纳指生物科技ETF,1.486,1.4663,-1.34,-0.011,-0.73,156122.0,23230992.0,1.494,1.496,1.482,1.497,0.94,1.51,0.56,4.89,49674.0,106448.0,-1424416.0,-6.13,-350539.0,-1.51,-1073877.0,-4.62,-1146111.0,-4.93,2570526.0,11.07,1.0,1.485,1.486,1035072096.0,1538117135,1538117135,2026-01-20,2026-01-20 10:54:17+08:00
159557,恒生医疗ETF,1.621,1.6342,0.81,-0.012,-0.73,74653.0,12140376.5,1.632,1.642,1.612,1.633,1.84,5.34,0.97,7.8,37226.0,37427.0,732147.0,6.03,105461.0,0.87,626686.0,5.16,-386303.0,-3.18,-345844.0,-2.85,5.0,1.619,1.621,139894955.0,226769722,226769722,2026-01-20,2026-01-20 10:54:18+08:00
159380,A500ETF东财,1.363,1.3616,-0.1,-0.01,-0.73,30531.0,4163728.3,1.374,1.379,1.354,1.373,1.82,1.33,1.41,11.3,12596.0,17935.0,-1227736.0,-29.49,-677500.0,-16.27,-550236.0,-13.21,438493.0,10.53,789242.0,18.96,-96.0,1.362,1.363,229804337.0,313223311,313223311,2026-01-20,2026-01-20 10:54:21+08:00
513380,恒生科技ETF广发,0.682,0.6793,-0.4,-0.005,-0.73,2664466.0,181810314.0,0.684,0.689,0.676,0.687,1.89,1.44,1.37,19.75,1340188.0,1324278.0,-14819337.0,-8.15,-10879531.0,-5.98,-3939806.0,-2.17,10051775.0,5.53,4767561.0,2.62,164.0,0.681,0.682,18474785024.0,12599803386,12599803386,2026-01-20,2026-01-20 10:54:16+08:00
512050,A500ETF基金,1.232,1.2327,0.06,-0.009,-0.73,74243136.0,9158165077.0,1.241,1.247,1.225,1.241,1.77,22.34,2.25,8.36,35463402.0,38779734.0,-4656960.0,-0.05,93768448.0,1.02,-98425408.0,-1.08,-654169.0,-0.01,6543073.0,0.07,-32800.0,1.232,1.233,33238992128.0,40950438302,40950438302,2026-01-20,2026-01-20 10:54:20+08:00
159106,民企300ETF前海开源,1.066,1.0654,-0.06,-0.008,-0.74,12856.0,1376733.14,1.08,1.084,1.058,1.074,2.42,1.35,0.54,3.77,7752.0,5104.0,-341462.0,-25.8,0.0,0.0,-341462.0,-25.8,117008.0,8.84,224453.0,16.96,500.0,1.064,1.066,95579488.0,101887734,101887734,2026-01-20,2026-01-20 10:54:27+08:00
560510,XD中证A500ETF,1.211,1.2121,0.09,-0.009,-0.74,337438.0,40994125.0,1.218,1.226,1.205,1.22,1.72,1.17,1.64,0.73,107292.0,230146.0,-2088677.0,-5.1,381149.0,0.93,-2469826.0,-6.02,251912.0,0.61,1836764.0,4.48,450.0,1.211,1.212,2879026896.0,3486501571,3486501571,2026-01-20,2026-01-20 10:54:14+08:00
520880,港股通创新药ETF,0.533,0.532,-0.19,-0.004,-0.74,2946690.0,158079559.0,0.536,0.542,0.531,0.537,2.05,6.93,1.11,3.67,1371466.0,1575224.0,-6877872.0,-4.35,-3037484.0,-1.92,-3840388.0,-2.43,5651204.0,3.57,1226668.0,0.78,-373.0,0.533,0.534,4249618000.0,2265046394,2265046394,2026-01-20,2026-01-20 10:54:15+08:00
563300,中证2000ETF,1.48,1.4801,0.01,-0.011,-0.74,1633105.0,241857169.0,1.493,1.499,1.468,1.491,2.08,6.4,1.36,-12.1,673543.0,959563.0,10062754.0,4.16,51940305.0,21.48,-41877551.0,-17.31,-12250846.0,-5.07,2188093.0,0.9,-164.0,1.48,1.481,2551174000.0,3775737520,3775737520,2026-01-20,2026-01-20 10:54:13+08:00
512250,中证A50ETF招商,1.213,1.2156,0.21,-0.009,-0.74,5364.0,653570.0,1.222,1.225,1.207,1.222,1.47,0.13,1.29,-19.98,2811.0,2553.0,-136088.0,-20.82,0.0,0.0,-136088.0,-20.82,96788.0,14.81,39299.0,6.01,3.0,1.217,1.218,404600096.0,490779916,490779916,2026-01-20,2026-01-20 10:54:15+08:00
159360,中证A500ETF天弘,1.319,1.3203,0.1,-0.01,-0.75,600806.0,79455998.4,1.328,1.339,1.311,1.329,2.11,4.11,3.68,59.93,269495.0,331311.0,-3636102.0,-4.58,-6798489.0,-8.56,3162387.0,3.98,2384861.0,3.0,1251240.0,1.58,-600.0,1.319,1.32,1460184528.0,1925983392,1925983392,2026-01-20,2026-01-20 10:54:21+08:00
159800,中证800ETF鹏华,1.448,1.4487,0.05,-0.011,-0.75,4436.0,643005.5,1.46,1.462,1.441,1.459,1.44,1.66,1.14,-8.04,1219.0,3217.0,-37720.0,-5.87,0.0,0.0,-37720.0,-5.87,101005.0,15.71,-63284.0,-9.84,-6.0,1.448,1.45,26736802.0,38714889,38714889,2026-01-20,2026-01-20 10:54:18+08:00
159292,创业板综增强ETF华宝,1.168,1.1674,-0.05,-0.009,-0.76,9973.0,1163098.398,1.181,1.181,1.159,1.177,1.87,1.81,0.74,14.69,3144.0,6829.0,-167206.0,-14.38,0.0,0.0,-167206.0,-14.38,153834.0,13.23,13372.0,1.15,63.0,1.165,1.167,55189531.0,64461372,64461372,2026-01-20,2026-01-20 10:54:24+08:00
562310,沪深300成长ETF,1.038,1.0366,-0.14,-0.008,-0.76,187682.0,19465435.0,1.044,1.049,1.031,1.046,1.72,2.39,1.75,-23.55,72733.0,114950.0,-4551808.0,-23.38,-6591741.0,-33.86,2039933.0,10.48,3298236.0,16.94,1253573.0,6.44,1.0,1.036,1.037,784572304.0,814386052,814386052,2026-01-20,2026-01-20 10:54:13+08:00
159661,A100ETF嘉实,1.431,1.4351,0.29,-0.011,-0.76,14022.0,2016846.2,1.445,1.446,1.428,1.442,1.25,5.45,1.29,0.04,7200.0,6822.0,-759.0,-0.04,0.0,0.0,-759.0,-0.04,-97.0,0.0,856.0,0.04,-800.0,1.433,1.435,25708213.0,36788453,36788453,2026-01-20,2026-01-20 10:54:21+08:00
512010,医药ETF易方达,0.393,0.3923,-0.18,-0.003,-0.76,5753108.0,226516270.0,0.396,0.397,0.391,0.396,1.52,1.35,0.93,22.8,2017542.0,3735566.0,-30652129.0,-13.54,-51274065.0,-22.65,20621936.0,9.11,23278821.0,10.28,7373307.0,3.26,2908.0,0.392,0.393,42742694912.0,16797879100,16797879100,2026-01-20,2026-01-20 10:54:19+08:00
159359,A500指数ETF,1.298,1.2993,0.1,-0.01,-0.76,320073.0,41658475.5,1.31,1.313,1.29,1.308,1.76,4.45,2.35,47.83,194026.0,126047.0,-1359110.0,-3.26,-2668241.0,-6.41,1309131.0,3.14,1060421.0,2.55,298688.0,0.72,-300.0,1.298,1.299,719140432.0,933444281,933444281,2026-01-20,2026-01-20 10:54:24+08:00
159393,沪深300ETF万家,4.861,4.8731,0.25,-0.037,-0.76,51140.0,24958020.5,4.898,4.909,4.844,4.898,1.33,7.04,1.44,-24.65,25313.0,25827.0,-5937693.0,-23.79,-1836107.0,-7.36,-4101586.0,-16.43,3962094.0,15.88,1975599.0,7.92,10.0,4.864,4.867,72646342.0,353133868,353133868,2026-01-20,2026-01-20 10:54:24+08:00
563150,油气资源ETF,1.176,1.1786,0.22,-0.009,-0.76,6675.0,790676.0,1.193,1.195,1.17,1.185,2.11,4.64,0.42,-3.01,1637.0,5038.0,166210.0,21.02,44712.0,5.65,121498.0,15.37,-87997.0,-11.13,-78213.0,-9.89,90.0,1.174,1.178,14399000.0,16933224,16933224,2026-01-20,2026-01-20 10:54:10+08:00
563360,A500ETF华泰柏瑞,1.308,1.3102,0.17,-0.01,-0.76,70159214.0,9193060470.0,1.319,1.324,1.301,1.318,1.75,19.33,2.13,2.34,32666357.0,37492857.0,-28840975.0,-0.31,-21697792.0,-0.24,-7143183.0,-0.08,18664120.0,0.2,10176665.0,0.11,-20.0,1.308,1.309,36295987456.0,47475151592,47475151592,2026-01-20,2026-01-20 10:54:14+08:00
515810,中证800ETF易方达,1.695,1.6965,0.09,-0.013,-0.76,49853.0,8462047.0,1.708,1.715,1.686,1.708,1.7,1.39,2.45,-30.54,23878.0,25975.0,-1779690.0,-21.03,-212012.0,-2.51,-1567678.0,-18.53,1920208.0,22.69,-140517.0,-1.66,123.0,1.694,1.695,359908800.0,610045416,610045416,2026-01-20,2026-01-20 10:54:17+08:00
159377,创业板医药ETF国泰,1.182,1.1828,0.07,-0.009,-0.76,55721.0,6610154.8,1.191,1.199,1.177,1.191,1.85,6.78,1.04,8.64,20076.0,35645.0,1902481.0,28.78,1052499.0,15.92,849982.0,12.86,-597506.0,-9.04,-1304975.0,-19.74,2.0,1.182,1.183,82129399.0,97076950,97076950,2026-01-20,2026-01-20 10:54:24+08:00
159356,A500ETF万家,1.292,1.2954,0.26,-0.01,-0.77,726910.0,94368034.5,1.303,1.307,1.285,1.302,1.69,5.57,3.95,62.6,278208.0,448702.0,9182759.0,9.73,26979851.0,28.59,-17797092.0,-18.86,-9284564.0,-9.84,101805.0,0.11,1000.0,1.292,1.293,1304120640.0,1684923867,1684923867,2026-01-20,2026-01-20 10:54:24+08:00
517010,沪港深500ETF易方达,1.161,1.1646,0.31,-0.009,-0.77,13517.0,1572238.0,1.158,1.174,1.158,1.17,1.37,1.55,2.4,28.18,7351.0,6166.0,-18819.0,-1.2,0.0,0.0,-18819.0,-1.2,-23928.0,-1.52,42746.0,2.72,69.0,1.163,1.164,87144200.0,101174416,101174416,2026-01-20,2026-01-20 10:54:15+08:00
561880,A100ETF基金,1.297,1.2982,0.09,-0.01,-0.77,7532.0,979948.0,1.307,1.31,1.292,1.307,1.38,0.68,1.08,-0.14,345.0,7187.0,132660.0,13.54,3651.0,0.37,129009.0,13.16,-9653.0,-0.99,-123007.0,-12.55,1.0,1.295,1.297,110389000.0,143174533,143174533,2026-01-20,2026-01-20 10:54:15+08:00
159923,中证A100ETF大成,2.203,2.2072,0.19,-0.017,-0.77,2455.0,546046.5,2.223,2.229,2.197,2.22,1.44,2.39,0.73,17.34,1146.0,1309.0,299860.0,54.91,0.0,0.0,299860.0,54.91,-362497.0,-66.39,62637.0,11.47,-1.0,2.206,2.208,10285812.0,22659644,22659644,2026-01-20,2026-01-20 10:54:18+08:00
561930,沪深300ETF招商,1.543,1.5468,0.25,-0.012,-0.77,135092.0,20852120.0,1.54,1.57,1.535,1.555,2.25,6.99,5.76,47.94,72361.0,62731.0,2408999.0,11.56,6825870.0,32.74,-4416871.0,-21.19,905495.0,4.34,-3314494.0,-15.9,-40.0,1.544,1.545,193260600.0,298201106,298201106,2026-01-20,2026-01-20 10:54:14+08:00
159202,恒生互联网ETF万家,1.153,1.1508,-0.19,-0.009,-0.77,619222.0,71522287.0,1.16,1.166,1.146,1.162,1.72,5.56,0.91,-7.71,271959.0,347263.0,-7509549.0,-10.5,-2097083.0,-2.93,-5412466.0,-7.57,3546032.0,4.96,3963516.0,5.54,1.0,1.152,1.153,1114401904.0,1284905395,1284905395,2026-01-20,2026-01-20 10:54:27+08:00
563880,A500ETF汇添富,1.277,1.2776,0.05,-0.01,-0.78,1397863.0,178981893.0,1.287,1.291,1.268,1.287,1.79,5.64,4.7,0.86,474041.0,923822.0,224513.0,0.13,31043737.0,17.34,-30819224.0,-17.22,-777363.0,-0.43,552849.0,0.31,91.0,1.275,1.276,2479996400.0,3166955403,3166955403,2026-01-20,2026-01-20 10:54:14+08:00
159210,港股汽车ETF,1.02,1.0225,0.24,-0.008,-0.78,77679.0,7939352.4,1.028,1.028,1.013,1.028,1.46,16.69,0.81,-9.45,31274.0,46405.0,132099.0,1.66,0.0,0.0,132099.0,1.66,-466278.0,-5.87,334178.0,4.21,-236.0,1.019,1.02,46549802.0,47480798,47480798,2026-01-20,2026-01-20 10:54:18+08:00
159138,工程机械ETF易方达,1.022,1.0214,-0.06,-0.008,-0.78,72024.0,7354398.781,1.03,1.03,1.015,1.03,1.46,4.26,0.53,7.22,28521.0,43504.0,396283.0,5.39,406166.0,5.52,-9883.0,-0.13,-483264.0,-6.57,86981.0,1.18,-200.0,1.021,1.024,169267924.0,172991818,172991818,2026-01-20,2026-01-20 10:54:24+08:00
563550,A500增强ETF摩根,1.27,1.2708,0.06,-0.01,-0.78,8652.0,1101705.0,1.28,1.283,1.263,1.28,1.56,0.91,0.8,4.29,3569.0,5083.0,402445.0,36.53,49822.0,4.52,352623.0,32.01,-387081.0,-35.13,-15366.0,-1.39,-1000.0,1.269,1.271,94559000.0,120089930,120089930,2026-01-20,2026-01-20 10:54:14+08:00
159238,300ETF增强,1.269,1.2689,-0.01,-0.01,-0.78,25971.0,3299120.7,1.273,1.282,1.263,1.279,1.49,6.33,3.57,2.49,12322.0,13649.0,-651765.0,-19.76,0.0,0.0,-651765.0,-19.76,623333.0,18.89,28432.0,0.86,-9.0,1.268,1.27,41016186.0,52049540,52049540,2026-01-20,2026-01-20 10:54:21+08:00
520780,港股通汽车ETF华宝,1.008,1.0111,0.31,-0.008,-0.79,74855.0,7538198.0,1.016,1.016,1.0,1.016,1.57,8.97,0.7,-2.21,33871.0,40984.0,-661121.0,-8.77,-1856991.0,-24.63,1195870.0,15.86,496233.0,6.58,164889.0,2.19,2143.0,1.005,1.007,83460000.0,84127680,84127680,2026-01-20,2026-01-20 10:54:14+08:00
159353,中证A500ETF景顺,1.253,1.2538,0.06,-0.01,-0.79,1562300.0,196162162.5,1.265,1.266,1.246,1.263,1.58,4.02,2.18,39.11,710025.0,852275.0,352582.0,0.18,-11108906.0,-5.66,11461488.0,5.84,-1117760.0,-0.57,765178.0,0.39,10000.0,1.252,1.253,3887161808.0,4870613745,4870613745,2026-01-20,2026-01-20 10:54:24+08:00
513030,德国ETF,1.883,1.8682,-0.79,-0.015,-0.79,322446.0,60754425.0,1.891,1.891,1.881,1.898,0.53,3.37,1.18,29.69,138440.0,184006.0,-6390545.0,-10.52,-165493.0,-0.27,-6225052.0,-10.25,2226501.0,3.66,4164045.0,6.85,-1.0,1.883,1.884,956779008.0,1801614872,1801614872,2026-01-20,2026-01-20 10:54:20+08:00
159528,国企改革ETF富国,1.254,1.2612,0.57,-0.01,-0.79,1927.0,243284.3,1.267,1.269,1.254,1.264,1.19,1.26,0.78,-39.71,481.0,1446.0,118613.0,48.75,0.0,0.0,118613.0,48.75,-156086.0,-64.16,37473.0,15.4,-23.0,1.26,1.262,15320773.0,19212249,19212249,2026-01-20,2026-01-20 10:54:21+08:00
588730,科创人工智能ETF易方达,1.64,1.6405,0.03,-0.013,-0.79,731115.0,120493255.0,1.653,1.671,1.624,1.653,2.84,7.1,1.59,4.84,364696.0,366419.0,-3257775.0,-2.7,2923940.0,2.43,-6181715.0,-5.13,1660842.0,1.38,1596934.0,1.33,1.0,1.639,1.641,1030396304.0,1689849939,1689849939,2026-01-20,2026-01-20 10:54:12+08:00
513890,恒生科技HKETF,1.133,1.1311,-0.17,-0.009,-0.79,280481.0,31787249.0,1.138,1.145,1.125,1.142,1.75,3.48,1.12,27.24,144673.0,135808.0,-5959340.0,-18.75,-944961.0,-2.97,-5014379.0,-15.77,4124089.0,12.97,1835250.0,5.77,27.0,1.132,1.133,806128000.0,913343024,913343024,2026-01-20,2026-01-20 10:54:18+08:00
562560,信息技术ETF,2.009,2.0035,-0.27,-0.016,-0.79,1523.0,308517.0,2.03,2.04,1.99,2.025,2.47,0.63,0.64,2.98,311.0,1212.0,198247.0,64.26,0.0,0.0,198247.0,64.26,-229796.0,-74.48,31549.0,10.23,1.0,2.001,2.007,24265500.0,48749390,48749390,2026-01-20,2026-01-20 10:54:16+08:00
515090,可持续发展ETF,1.37,1.3713,0.09,-0.011,-0.8,1313.0,180001.0,1.381,1.381,1.366,1.381,1.09,2.73,3.3,-10.82,763.0,550.0,167472.0,93.04,0.0,0.0,167472.0,93.04,-159355.0,-88.53,-8116.0,-4.51,-10.0,1.369,1.371,4801700.0,6578329,6578329,2026-01-20,2026-01-20 10:54:17+08:00
159239,港股通汽车ETF富国,0.997,0.9975,0.05,-0.008,-0.8,65047.0,6489306.7,1.006,1.006,0.992,1.005,1.39,8.42,1.4,-2.65,24686.0,40361.0,-588801.0,-9.07,0.0,0.0,-588801.0,-9.07,307066.0,4.73,281736.0,4.34,-16.0,0.996,0.997,77280753.0,77048911,77048911,2026-01-20,2026-01-20 10:54:18+08:00
159339,A500ETF,1.247,1.2483,0.1,-0.01,-0.8,473937.0,59258472.2,1.257,1.261,1.24,1.257,1.67,2.03,1.59,39.6,190483.0,283454.0,-552198.0,-0.93,-3187129.0,-5.38,2634931.0,4.45,442801.0,0.75,109397.0,0.18,-50.0,1.247,1.248,2333086848.0,2909359299,2909359299,2026-01-20,2026-01-20 10:54:21+08:00
520670,港股通科技ETF嘉实,0.991,0.9907,-0.03,-0.008,-0.8,44363.0,4385849.0,0.996,1.001,0.982,0.999,1.9,1.67,1.0,-9.08,20363.0,24000.0,-310216.0,-7.07,132985.0,3.03,-443201.0,-10.11,222644.0,5.08,87571.0,2.0,-949.0,0.989,0.99,264928100.0,262543747,262543747,2026-01-20,2026-01-20 10:54:15+08:00
159256,创业板软件ETF华夏,1.108,1.1087,0.06,-0.009,-0.81,550915.0,61410913.9,1.126,1.135,1.095,1.117,3.58,9.63,0.53,36.94,232274.0,318641.0,-3581876.0,-5.83,-727989.0,-1.19,-2853887.0,-4.65,-735008.0,-1.2,4316884.0,7.03,-10.0,1.108,1.11,572183760.0,633979606,633979606,2026-01-20,2026-01-20 10:54:24+08:00
159740,恒生科技ETF大成,0.738,0.7376,-0.05,-0.006,-0.81,13883400.0,1025995696.045,0.742,0.746,0.733,0.744,1.75,5.28,1.28,11.01,6501637.0,7381763.0,-92579541.0,-9.02,-120943776.0,-11.79,28364235.0,2.76,58231888.0,5.68,34347645.0,3.35,-13.0,0.738,0.739,26314120448.0,19419820891,19419820891,2026-01-20,2026-01-20 10:54:21+08:00
530380,上证380ETF易方达,1.102,1.1023,0.03,-0.009,-0.81,40784.0,4526764.0,1.11,1.118,1.095,1.111,2.07,1.03,1.32,-0.28,6405.0,34379.0,612662.0,13.53,1373515.0,30.34,-760853.0,-16.81,-489630.0,-10.82,-123031.0,-2.72,100.0,1.102,1.103,394705008.0,434964919,434964919,2026-01-20,2026-01-20 10:54:14+08:00
159741,恒生科技ETF嘉实,0.739,0.7414,0.32,-0.006,-0.81,818860.0,60511224.164,0.743,0.746,0.733,0.745,1.74,6.72,1.4,-7.77,384005.0,434855.0,-6040910.0,-9.98,-7669034.0,-12.67,1628124.0,2.69,3932843.0,6.5,2108066.0,3.48,10.0,0.738,0.739,1217796720.0,899951776,899951776,2026-01-20,2026-01-20 10:54:21+08:00
513130,恒生科技ETF,0.738,0.7375,-0.07,-0.006,-0.81,38607149.0,2849682781.0,0.743,0.745,0.732,0.744,1.75,6.15,1.39,1.91,16233212.0,22373936.0,-242402048.0,-8.51,-235917312.0,-8.28,-6484736.0,-0.23,156002942.0,5.47,86396896.0,3.03,11725.0,0.737,0.738,62816347136.0,46358464186,46358464186,2026-01-20,2026-01-20 10:54:19+08:00
516220,化工龙头ETF,0.974,0.9743,0.03,-0.008,-0.81,490074.0,48240047.0,0.992,0.995,0.969,0.982,2.65,15.4,3.83,-24.04,221260.0,268814.0,-12059934.0,-25.0,-20816640.0,-43.15,8756706.0,18.15,5931876.0,12.3,6128059.0,12.7,-65.0,0.974,0.976,318170000.0,309897580,309897580,2026-01-20,2026-01-20 10:54:16+08:00
159217,港股通创新药ETF工银,1.347,1.3465,-0.04,-0.011,-0.81,1544397.0,209542929.68,1.355,1.371,1.342,1.358,2.14,4.01,1.05,4.4,782196.0,762201.0,5450290.0,2.6,1605432.0,0.77,3844858.0,1.83,-4222475.0,-2.02,-1227815.0,-0.59,11.0,1.346,1.347,3855157600.0,5192897287,5192897287,2026-01-20,2026-01-20 10:54:24+08:00
516720,ESGETF浦银,1.109,1.1168,0.7,-0.009,-0.81,817.0,90625.0,1.121,1.121,1.109,1.118,1.07,0.53,1.98,78.45,1.0,816.0,85929.0,94.82,0.0,0.0,85929.0,94.82,-88167.0,-97.29,2238.0,2.47,-795.0,1.113,1.119,15337800.0,17009620,17009620,2026-01-20,2026-01-20 10:54:15+08:00
589010,科创人工智能ETF华夏,1.572,1.5725,0.03,-0.013,-0.82,506302.0,79834888.0,1.589,1.602,1.556,1.585,2.9,3.07,1.19,-4.68,275561.0,230741.0,1572753.0,1.97,-4291939.0,-5.38,5864692.0,7.35,-1976322.0,-2.48,403569.0,0.51,3550.0,1.572,1.574,1646793008.0,2588758609,2588758609,2026-01-20,2026-01-20 10:54:12+08:00
560610,A500指数ETF,1.212,1.2134,0.12,-0.01,-0.82,1471719.0,178390315.0,1.223,1.226,1.205,1.222,1.72,3.19,4.47,52.12,663546.0,808173.0,-3321192.0,-1.86,8659345.0,4.85,-11980537.0,-6.72,1081927.0,0.61,2239266.0,1.26,-200.0,1.212,1.213,4615988480.0,5594578038,5594578038,2026-01-20,2026-01-20 10:54:14+08:00
159688,恒生互联网ETF,1.091,1.0853,-0.53,-0.009,-0.82,715249.0,78195396.92,1.097,1.104,1.086,1.1,1.64,4.98,0.88,47.96,346613.0,368636.0,-4274939.0,-5.47,-8603273.0,-11.0,4328334.0,5.54,2202872.0,2.82,2072069.0,2.65,-138.0,1.091,1.092,1435778480.0,1566434322,1566434322,2026-01-20,2026-01-20 10:54:21+08:00
589550,科创价值ETF华夏,1.334,1.333,-0.08,-0.011,-0.82,2115.0,282998.0,1.354,1.355,1.324,1.345,2.3,0.62,0.39,-0.41,632.0,1483.0,24198.0,8.55,0.0,0.0,24198.0,8.55,-34737.0,-12.27,10539.0,3.72,378.0,1.332,1.333,34295500.0,45750197,45750197,2026-01-20,2026-01-20 10:54:13+08:00
560800,数字经济ETF,1.087,1.0864,-0.06,-0.009,-0.82,119120.0,13035489.0,1.096,1.106,1.08,1.096,2.37,2.17,1.18,9.32,58816.0,60304.0,428344.0,3.29,3603895.0,27.65,-3175551.0,-24.36,-379730.0,-2.91,-48614.0,-0.37,-27.0,1.086,1.087,547951104.0,595622850,595622850,2026-01-20,2026-01-20 10:54:14+08:00
159607,中概互联网ETF,1.09,1.0913,0.12,-0.009,-0.82,691645.0,75618397.4,1.098,1.101,1.087,1.099,1.27,7.03,1.04,30.32,334200.0,357445.0,-5024743.0,-6.64,-9571730.0,-12.66,4546987.0,6.01,1714718.0,2.27,3310025.0,4.38,-11.0,1.09,1.091,983829136.0,1072373758,1072373758,2026-01-20,2026-01-20 10:54:24+08:00
560750,A500ETF申万菱信,1.337,1.3397,0.2,-0.011,-0.82,55340.0,7429568.0,1.351,1.352,1.331,1.348,1.56,3.28,3.34,63.56,22678.0,32662.0,244303.0,3.29,-1041319.0,-14.02,1285622.0,17.3,-264147.0,-3.56,19845.0,0.27,-1752.0,1.336,1.338,168554800.0,225357768,225357768,2026-01-20,2026-01-20 10:54:15+08:00
561760,油气ETF博时,1.189,1.1847,-0.36,-0.01,-0.83,45180.0,5365231.0,1.199,1.202,1.179,1.199,1.92,10.71,1.91,2.0,13291.0,31889.0,-254752.0,-4.75,1066500.0,19.88,-1321252.0,-24.63,-121365.0,-2.26,376118.0,7.01,-314.0,1.188,1.189,42195000.0,50169855,50169855,2026-01-20,2026-01-20 10:54:16+08:00
589090,科创AIETF鹏华,1.188,1.187,-0.08,-0.01,-0.83,67540.0,8051134.0,1.198,1.21,1.176,1.198,2.84,3.47,0.74,14.38,29635.0,37905.0,110073.0,1.37,-305339.0,-3.79,415412.0,5.16,-827813.0,-10.28,717741.0,8.91,-69.0,1.186,1.188,194431000.0,230984028,230984028,2026-01-20,2026-01-20 10:54:13+08:00
159101,港股通科技ETF基金,0.958,0.9558,-0.23,-0.008,-0.83,1914668.0,183562854.094,0.963,0.969,0.951,0.966,1.86,6.31,0.95,-1.49,882207.0,1032461.0,-9434716.0,-5.14,-14799668.0,-8.06,5364952.0,2.92,5816775.0,3.17,3617941.0,1.97,30.0,0.957,0.958,3034311456.0,2906870375,2906870375,2026-01-20,2026-01-20 10:54:27+08:00
159640,碳中和龙头ETF,1.076,1.0734,-0.24,-0.009,-0.83,14978.0,1617308.752,1.096,1.096,1.069,1.085,2.49,1.74,0.93,-5.14,9104.0,5874.0,44358.0,2.74,0.0,0.0,44358.0,2.74,-19231.0,-1.19,-25127.0,-1.55,47.0,1.073,1.074,85845198.0,92369433,92369433,2026-01-20,2026-01-20 10:54:24+08:00
159215,中证A500ETF指数基金,1.309,1.3128,0.29,-0.011,-0.83,144252.0,18920615.01,1.321,1.326,1.303,1.32,1.74,1.02,1.02,28.97,38496.0,105756.0,5879918.0,31.08,5724945.0,30.26,154973.0,0.82,-6383191.0,-33.74,503274.0,2.66,-182.0,1.31,1.311,1411582800.0,1847761885,1847761885,2026-01-20,2026-01-20 10:54:24+08:00
159506,港股通医疗ETF富国,1.435,1.4376,0.18,-0.012,-0.83,1374082.0,197813315.2,1.445,1.457,1.424,1.447,2.28,5.84,1.24,-3.08,687957.0,686125.0,16303383.0,8.24,7572102.0,3.83,8731281.0,4.41,-8505034.0,-4.3,-7798349.0,-3.94,14.0,1.434,1.435,2351536976.0,3374455561,3374455561,2026-01-20,2026-01-20 10:54:24+08:00
512080,A500ETF中金,1.322,1.3258,0.29,-0.011,-0.83,77240.0,10216980.0,1.336,1.337,1.318,1.333,1.43,0.86,1.44,48.21,42683.0,34557.0,-1934970.0,-18.94,-4288392.0,-41.97,2353422.0,23.03,1856868.0,18.17,78103.0,0.76,-159.0,1.321,1.323,902186096.0,1192690019,1192690019,2026-01-20,2026-01-20 10:54:18+08:00
159303,恒生医疗ETF大成,1.782,1.785,0.17,-0.015,-0.83,41259.0,7395723.1,1.792,1.82,1.775,1.797,2.5,9.17,0.74,-18.67,19647.0,21612.0,1107902.0,14.98,0.0,0.0,1107902.0,14.98,-755878.0,-10.22,-352023.0,-4.76,-4.0,1.781,1.785,44991693.0,80175197,80175197,2026-01-20,2026-01-20 10:54:21+08:00
517330,长江保护ETF易方达,0.959,0.9606,0.17,-0.008,-0.83,170.0,16420.0,0.968,0.97,0.957,0.967,1.34,0.0,0.31,-0.2,35.0,135.0,9227.0,56.19,0.0,0.0,9227.0,56.19,0.0,0.0,-9226.0,-56.19,34.0,0.958,0.961,1823169008.0,1748419079,1748419079,2026-01-20,2026-01-20 10:54:17+08:00
159297,港股通创新药ETF南方,0.841,0.8386,-0.29,-0.007,-0.83,324790.0,27488853.328,0.849,0.856,0.838,0.848,2.12,1.71,0.98,47.91,127458.0,197332.0,-1907065.0,-6.94,-1888064.0,-6.87,-19001.0,-0.07,406878.0,1.48,1500188.0,5.46,-781.0,0.84,0.841,1897418640.0,1595729076,1595729076,2026-01-20,2026-01-20 10:54:21+08:00
159728,在线消费ETF南方,1.062,1.0638,0.17,-0.009,-0.84,132446.0,14132131.9,1.08,1.086,1.049,1.071,3.45,23.48,1.5,19.85,69463.0,62983.0,2881500.0,20.39,1614884.0,11.43,1266616.0,8.96,-993482.0,-7.03,-1888018.0,-13.36,-15.0,1.062,1.063,56410129.0,59907557,59907557,2026-01-20,2026-01-20 10:54:21+08:00
159551,机器人产业ETF,1.421,1.4204,-0.04,-0.012,-0.84,205193.0,29360845.5,1.44,1.452,1.41,1.433,2.93,5.3,2.32,-7.76,87079.0,118114.0,-1735788.0,-5.91,-1041570.0,-3.55,-694218.0,-2.36,-242060.0,-0.82,1977849.0,6.74,5.0,1.42,1.421,386920928.0,549814639,549814639,2026-01-20,2026-01-20 10:54:24+08:00
159678,中证500增强ETF,1.537,1.5293,-0.5,-0.013,-0.84,18424.0,2835578.3,1.55,1.558,1.521,1.55,2.39,3.91,1.07,8.75,4541.0,13883.0,583477.0,20.58,0.0,0.0,583477.0,20.58,-582971.0,-20.56,-506.0,-0.02,29.0,1.534,1.536,47143694.0,72459858,72459858,2026-01-20,2026-01-20 10:54:24+08:00
512020,A500ETF鹏华,1.302,1.3043,0.18,-0.011,-0.84,878431.0,114958235.0,1.315,1.318,1.295,1.313,1.75,4.89,3.53,67.57,393835.0,484596.0,-2845443.0,-2.48,36448507.0,31.71,-39293950.0,-34.18,2653100.0,2.31,192342.0,0.17,-4269.0,1.302,1.303,1796012704.0,2338408541,2338408541,2026-01-20,2026-01-20 10:54:19+08:00
517160,长江保护ETF南方,0.945,0.9506,0.59,-0.008,-0.84,287.0,27401.0,0.955,0.957,0.945,0.953,1.26,0.0,0.13,-0.35,282.0,5.0,-761.0,-2.78,0.0,0.0,-761.0,-2.78,0.0,0.0,761.0,2.78,-1.0,0.947,0.95,1818777504.0,1718744741,1718744741,2026-01-20,2026-01-20 10:54:17+08:00
515130,沪深300ETF博时,1.537,1.5389,0.12,-0.013,-0.84,45687.0,7045296.0,1.55,1.551,1.533,1.55,1.16,5.54,2.48,8.39,24230.0,21457.0,308919.0,4.38,1344937.0,19.09,-1036018.0,-14.71,-310560.0,-4.41,1642.0,0.02,217.0,1.536,1.538,82463200.0,126745938,126745938,2026-01-20,2026-01-20 10:54:16+08:00
159121,港股通汽车ETF易方达,0.944,0.9475,0.37,-0.008,-0.84,50736.0,4800351.951,0.95,0.951,0.939,0.952,1.26,2.84,2.14,-14.69,8928.0,41808.0,-953500.0,-19.86,-1342368.0,-27.96,388868.0,8.1,662063.0,13.79,291437.0,6.07,-18.0,0.943,0.945,178481127.0,168486184,168486184,2026-01-20,2026-01-20 10:54:18+08:00
159776,港股通医药ETF,1.277,1.2818,0.37,-0.011,-0.85,80045.0,10272674.8,1.292,1.297,1.27,1.288,2.1,7.93,1.48,7.2,33593.0,46452.0,982771.0,9.57,1152779.0,11.22,-170008.0,-1.65,-1227580.0,-11.95,244808.0,2.38,-182.0,1.276,1.277,100968765.0,128937113,128937113,2026-01-20,2026-01-20 10:54:18+08:00
159311,数字经济ETF易方达,1.393,1.3923,-0.05,-0.012,-0.85,2534.0,354368.7,1.409,1.422,1.386,1.405,2.56,0.72,0.34,28.12,1108.0,1426.0,-34466.0,-9.73,-47839.0,-13.5,13373.0,3.77,106003.0,29.91,-71537.0,-20.19,-148.0,1.392,1.395,35383993.0,49289902,49289902,2026-01-20,2026-01-20 10:54:24+08:00
563220,中证A500ETF富国,1.286,1.2882,0.17,-0.011,-0.85,4452172.0,573827522.0,1.297,1.302,1.279,1.297,1.77,4.25,2.25,55.4,2131052.0,2321120.0,-19880027.0,-3.47,32311280.0,5.63,-52191307.0,-9.1,18689772.0,3.26,1190259.0,0.21,-1324.0,1.286,1.287,10466013696.0,13459293613,13459293613,2026-01-20,2026-01-20 10:54:14+08:00
560050,MSCI中国A50ETF,1.055,1.0561,0.1,-0.009,-0.85,757857.0,80132570.0,1.063,1.067,1.051,1.064,1.5,2.01,3.57,-10.75,282840.0,475018.0,-6550558.0,-8.17,-7351786.0,-9.17,801228.0,1.0,5422556.0,6.77,1128002.0,1.41,-192.0,1.055,1.057,3769934400.0,3977280792,3977280792,2026-01-20,2026-01-20 10:54:15+08:00
159125,港股通科技ETF招商,0.923,0.9241,0.12,-0.008,-0.86,141411.0,13056957.05,0.93,0.932,0.916,0.931,1.72,1.96,0.73,-5.94,61177.0,80234.0,-1661413.0,-12.72,1097982.0,8.41,-2759395.0,-21.13,1072549.0,8.21,588864.0,4.51,-54.0,0.922,0.923,722245888.0,666632955,666632955,2026-01-20,2026-01-20 10:54:24+08:00
588840,科创50ETF万家,1.378,1.3755,-0.18,-0.012,-0.86,31861.0,4405536.0,1.392,1.407,1.367,1.39,2.88,4.96,1.31,-3.16,14676.0,17185.0,205526.0,4.67,0.0,0.0,205526.0,4.67,-183168.0,-4.16,-22357.0,-0.51,-3.0,1.375,1.377,64236000.0,88517208,88517208,2026-01-20,2026-01-20 10:54:12+08:00
159929,医药ETF,1.388,1.3873,-0.05,-0.012,-0.86,353430.0,49258918.948,1.403,1.405,1.384,1.4,1.5,2.31,1.07,44.05,139644.0,213786.0,-10268578.0,-20.85,-10492019.0,-21.3,223441.0,0.45,4276953.0,8.68,5991626.0,12.16,-15.0,1.388,1.389,1533204208.0,2128087441,2128087441,2026-01-20,2026-01-20 10:54:21+08:00
159623,成渝经济圈ETF,1.039,1.0397,0.07,-0.009,-0.86,131695.0,13786116.2,1.048,1.053,1.035,1.048,1.72,0.42,0.86,24.87,65154.0,66541.0,2121322.0,15.56,353928.0,2.6,1767394.0,12.97,-2543749.0,-18.66,422428.0,3.1,-1500.0,1.039,1.04,3138271696.0,3260664292,3260664292,2026-01-20,2026-01-20 10:54:24+08:00
588710,科创半导体设备ETF,1.934,1.9338,-0.01,-0.017,-0.87,964954.0,187445196.0,1.93,1.968,1.913,1.951,2.82,10.37,1.31,-34.12,404733.0,560221.0,-24906942.0,-13.29,-8612531.0,-4.59,-16294411.0,-8.69,7661538.0,4.09,17215426.0,9.18,1241.0,1.933,1.935,930295008.0,1799190545,1799190545,2026-01-20,2026-01-20 10:54:13+08:00
159954,恒生中国企业ETF南方,1.03,1.0321,0.2,-0.009,-0.87,12010.0,1237366.3,1.035,1.036,1.025,1.039,1.06,0.38,0.73,-0.49,4372.0,7638.0,-353549.0,-28.57,0.0,0.0,-353549.0,-28.57,221304.0,17.89,132245.0,10.69,-492.0,1.029,1.03,315105088.0,324558241,324558241,2026-01-20,2026-01-20 10:54:21+08:00
159532,中证2000ETF易方达,1.691,1.693,0.12,-0.015,-0.88,89835.0,15234678.3,1.708,1.71,1.679,1.706,1.82,13.3,1.95,7.56,49473.0,40362.0,877748.0,5.76,1700000.0,11.16,-822252.0,-5.4,-965419.0,-6.34,87672.0,0.58,-765.0,1.69,1.691,67564791.0,114252062,114252062,2026-01-20,2026-01-20 10:54:24+08:00
513700,港股通医药ETF鹏华,0.677,0.6793,0.34,-0.006,-0.88,892789.0,60908148.0,0.682,0.688,0.674,0.683,2.05,6.78,0.92,-5.85,400687.0,492102.0,-1512031.0,-2.48,-4172591.0,-6.85,2660560.0,4.37,740514.0,1.22,771517.0,1.27,-1504.0,0.677,0.678,1315846000.0,890827742,890827742,2026-01-20,2026-01-20 10:54:17+08:00
513320,港股通新经济ETF易方达,1.338,1.3398,0.13,-0.012,-0.89,25887.0,3469027.0,1.347,1.352,1.329,1.35,1.7,2.29,0.7,-10.39,12433.0,13454.0,-575011.0,-16.58,-43798.0,-1.26,-531213.0,-15.31,495414.0,14.28,79599.0,2.29,-1972.0,1.337,1.339,113010600.0,151208183,151208183,2026-01-20,2026-01-20 10:54:18+08:00
561090,中证A500增强ETF,1.223,1.2216,-0.11,-0.011,-0.89,47845.0,5900211.0,1.234,1.241,1.215,1.234,2.11,2.9,3.07,-4.93,22511.0,25334.0,455189.0,7.71,716973.0,12.15,-261784.0,-4.44,-415924.0,-7.05,-39264.0,-0.67,-3.0,1.223,1.224,164974000.0,201763202,201763202,2026-01-20,2026-01-20 10:54:14+08:00
589520,科创人工智能ETF华宝,0.671,0.6699,-0.16,-0.006,-0.89,589133.0,39701660.0,0.678,0.683,0.664,0.677,2.81,5.56,1.21,6.04,269103.0,320030.0,-3476866.0,-8.76,-1485564.0,-3.74,-1991302.0,-5.02,2043909.0,5.15,1432955.0,3.61,70.0,0.67,0.672,1059104608.0,710659192,710659192,2026-01-20,2026-01-20 10:54:13+08:00
159316,港股通创新药ETF易方达,1.341,1.3393,-0.13,-0.012,-0.89,1694171.0,228338496.9,1.35,1.362,1.335,1.353,2.0,5.39,1.16,16.2,785398.0,908773.0,-13432973.0,-5.88,-2543001.0,-1.11,-10889972.0,-4.77,7111338.0,3.11,6321636.0,2.77,52.0,1.34,1.341,3142336144.0,4213872769,4213872769,2026-01-20,2026-01-20 10:54:24+08:00
159658,数字经济ETF,1.677,1.6734,-0.22,-0.015,-0.89,14791.0,2491206.4,1.692,1.707,1.663,1.692,2.6,1.68,0.63,61.14,5416.0,9375.0,387503.0,15.55,122774.0,4.93,264729.0,10.63,-91039.0,-3.65,-296465.0,-11.9,1.0,1.674,1.676,87894877.0,147399709,147399709,2026-01-20,2026-01-20 10:54:24+08:00
520590,恒生科技ETF鹏华,1.004,1.0067,0.27,-0.009,-0.89,261218.0,26247280.0,1.013,1.014,0.997,1.013,1.68,13.11,1.16,-1.18,121650.0,139568.0,-3382365.0,-12.89,-729023.0,-2.78,-2653342.0,-10.11,1543790.0,5.88,1838575.0,7.0,-101.0,1.003,1.004,199235000.0,200031940,200031940,2026-01-20,2026-01-20 10:54:16+08:00
588790,科创AIETF博时,0.891,0.8908,-0.02,-0.008,-0.89,2635815.0,235955800.0,0.899,0.908,0.881,0.899,3.0,3.78,0.84,16.29,1380661.0,1255153.0,2389758.0,1.01,4701911.0,1.99,-2312153.0,-0.98,-10967320.0,-4.65,8577562.0,3.64,351.0,0.89,0.892,6979384064.0,6218631201,6218631201,2026-01-20,2026-01-20 10:54:13+08:00
159309,油气ETF汇添富,1.228,1.2283,0.02,-0.011,-0.89,36980.0,4551961.1,1.24,1.244,1.222,1.239,1.78,3.61,0.81,15.9,12664.0,24316.0,53769.0,1.18,97041.0,2.13,-43272.0,-0.95,-120354.0,-2.64,66585.0,1.46,311.0,1.228,1.23,102371736.0,125712492,125712492,2026-01-20,2026-01-20 10:54:24+08:00
560120,现金流500ETF,1.322,1.3203,-0.13,-0.012,-0.9,46258.0,6142558.0,1.332,1.346,1.317,1.334,2.17,10.12,3.17,-80.45,24589.0,21669.0,-3306767.0,-53.83,-1554464.0,-25.31,-1752303.0,-28.53,2533317.0,41.24,773450.0,12.59,-20.0,1.323,1.325,45689000.0,60400858,60400858,2026-01-20,2026-01-20 10:54:15+08:00
159251,港股通科技ETF万家,0.991,0.9921,0.11,-0.009,-0.9,64991.0,6448946.8,0.997,1.001,0.984,1.0,1.7,2.7,0.94,11.24,30174.0,34817.0,-1800300.0,-27.92,-1435260.0,-22.26,-365040.0,-5.66,1074741.0,16.67,725559.0,11.25,-23.0,0.99,0.991,240787744.0,238620654,238620654,2026-01-20,2026-01-20 10:54:21+08:00
513260,恒生科技ETF基金,1.436,1.4336,-0.17,-0.013,-0.9,1486744.0,213838242.0,1.447,1.451,1.428,1.449,1.59,2.88,1.13,-14.2,687573.0,799171.0,-24695516.0,-11.55,-33606939.0,-15.72,8911423.0,4.17,13780924.0,6.44,10914592.0,5.1,-50.0,1.436,1.437,5167243008.0,7420160959,7420160959,2026-01-20,2026-01-20 10:54:18+08:00
513880,日经225ETF,1.735,1.6882,-2.77,-0.016,-0.91,299908.0,52172623.0,1.741,1.746,1.733,1.751,0.74,2.45,1.09,39.01,146333.0,153575.0,-7554103.0,-14.48,-1431779.0,-2.74,-6122324.0,-11.73,4379843.0,8.39,3174260.0,6.08,6.0,1.734,1.735,1222470000.0,2120985450,2120985450,2026-01-20,2026-01-20 10:54:17+08:00
561360,石油ETF,1.309,1.309,0.0,-0.012,-0.91,225535.0,29704575.0,1.321,1.327,1.301,1.321,1.97,5.61,0.84,19.6,84549.0,140986.0,492451.0,1.66,-771423.0,-2.6,1263874.0,4.25,-843646.0,-2.84,351195.0,1.18,95.0,1.308,1.309,402148000.0,526411732,526411732,2026-01-20,2026-01-20 10:54:14+08:00
159102,港股通生物科技ETF,0.868,0.8707,0.31,-0.008,-0.91,260305.0,22756541.59,0.876,0.881,0.863,0.876,2.05,3.29,1.08,0.96,124345.0,135960.0,-2019623.0,-8.87,-1367687.0,-6.01,-651936.0,-2.86,1097897.0,4.82,921726.0,4.05,10.0,0.867,0.868,790622000.0,686259896,686259896,2026-01-20,2026-01-20 10:54:27+08:00
159720,智能车ETF泰康,0.873,0.8706,-0.28,-0.008,-0.91,5592.0,491036.9,0.881,0.888,0.867,0.881,2.38,0.9,0.87,-1.91,3417.0,2175.0,122356.0,24.92,0.0,0.0,122356.0,24.92,-129435.0,-26.36,7079.0,1.44,2.0,0.87,0.872,61812357.0,53962188,53962188,2026-01-20,2026-01-20 10:54:21+08:00
563650,中证A500ETF兴业,1.305,1.3076,0.2,-0.012,-0.91,43771.0,5731985.0,1.315,1.318,1.299,1.317,1.44,4.17,5.15,27.48,20849.0,22922.0,366038.0,6.39,829839.0,14.48,-463801.0,-8.09,-290775.0,-5.07,-75262.0,-1.31,-2.0,1.304,1.307,104909000.0,136906245,136906245,2026-01-20,2026-01-20 10:54:13+08:00
510550,方正中证500ETF,2.08,2.0763,-0.18,-0.019,-0.91,2792.0,582505.0,2.119,2.119,2.06,2.099,2.81,1.41,0.64,31.71,421.0,2371.0,-225317.0,-38.68,0.0,0.0,-225317.0,-38.68,201800.0,34.64,23518.0,4.04,-30.0,2.07,2.097,19743300.0,41066064,41066064,2026-01-20,2026-01-20 10:54:18+08:00
517360,科技ETF沪港深,1.08,1.0855,0.51,-0.01,-0.92,1960.0,212594.0,1.089,1.091,1.074,1.09,1.56,0.66,0.41,-14.65,480.0,1480.0,18033.0,8.48,0.0,0.0,18033.0,8.48,-40977.0,-19.27,22944.0,10.79,-10.0,1.078,1.08,29583000.0,31949640,31949640,2026-01-20,2026-01-20 10:54:18+08:00
560650,核心50ETF,1.078,1.0812,0.3,-0.01,-0.92,1752.0,191361.0,1.11,1.11,1.077,1.088,3.03,1.86,0.41,-13.08,60.0,1692.0,173153.0,90.49,0.0,0.0,173153.0,90.49,-152532.0,-79.71,-20621.0,-10.78,-3.0,1.078,1.082,9419200.0,10153898,10153898,2026-01-20,2026-01-20 10:54:15+08:00
159687,亚太精选ETF南方,1.622,1.6353,0.81,-0.015,-0.92,85824.0,13936044.157,1.625,1.627,1.618,1.637,0.55,1.47,1.04,19.18,35900.0,49924.0,-1884125.0,-13.52,163216.0,1.17,-2047341.0,-14.69,1879051.0,13.48,5073.0,0.04,-34.0,1.622,1.623,585328656.0,949403080,949403080,2026-01-20,2026-01-20 10:54:21+08:00
159531,中证2000ETF,1.503,1.5014,-0.11,-0.014,-0.92,574579.0,86538517.79,1.517,1.521,1.49,1.517,2.04,10.03,1.41,24.97,203968.0,370611.0,-1284222.0,-1.48,-2170463.0,-2.51,886241.0,1.02,-1736048.0,-2.01,3020271.0,3.49,94.0,1.502,1.503,572608400.0,860630425,860630425,2026-01-20,2026-01-20 10:54:24+08:00
159742,恒生科技ETF博时,0.758,0.7563,-0.22,-0.007,-0.92,1537262.0,116626405.208,0.762,0.766,0.753,0.765,1.7,2.44,1.31,27.79,653634.0,883628.0,-15270170.0,-13.11,-8624259.0,-7.41,-6645911.0,-5.71,9530608.0,8.18,5739564.0,4.93,-2183.0,0.758,0.759,6293928192.0,4770797570,4770797570,2026-01-20,2026-01-20 10:54:21+08:00
513180,恒生科技指数ETF,0.753,0.7513,-0.23,-0.007,-0.92,38604416.0,2912215311.0,0.757,0.762,0.748,0.76,1.84,5.6,1.48,-5.06,17870468.0,20733948.0,-172072144.0,-5.91,-228094272.0,-7.83,56022128.0,1.92,109097936.0,3.75,62974201.0,2.16,-150.0,0.753,0.754,68898758656.0,51880765268,51880765268,2026-01-20,2026-01-20 10:54:18+08:00
513060,恒生医疗ETF博时,0.643,0.6429,-0.02,-0.006,-0.92,7576220.0,490241651.0,0.648,0.653,0.639,0.649,2.16,7.39,1.22,-30.1,3468702.0,4107518.0,-11423420.0,-2.33,-11727360.0,-2.39,303940.0,0.06,4888911.0,1.0,6534508.0,1.33,-1132.0,0.643,0.644,10247893248.0,6589395358,6589395358,2026-01-20,2026-01-20 10:54:19+08:00
515660,沪深300ETF国联安,5.817,5.8391,0.38,-0.054,-0.92,7097.0,4131893.0,5.83,5.868,5.798,5.871,1.19,0.12,0.34,11.76,721.0,6376.0,478247.0,11.57,0.0,0.0,478247.0,11.57,-414094.0,-10.02,-64153.0,-1.55,400.0,5.825,5.858,573994208.0,3338924308,3338924308,2026-01-20,2026-01-20 10:54:17+08:00
561370,2000ETF,1.507,1.5142,0.48,-0.014,-0.92,2191.0,331874.0,1.52,1.532,1.5,1.521,2.1,0.98,0.5,11.0,727.0,1464.0,103055.0,31.05,0.0,0.0,103055.0,31.05,-88668.0,-26.72,-14387.0,-4.34,-203.0,1.508,1.511,22356000.0,33690492,33690492,2026-01-20,2026-01-20 10:54:14+08:00
159543,国证2000ETF基金,1.509,1.5116,0.17,-0.014,-0.92,3115.0,473646.8,1.523,1.534,1.504,1.523,1.97,0.67,0.39,-1.8,931.0,2184.0,-136082.0,-28.73,0.0,0.0,-136082.0,-28.73,94063.0,19.86,42018.0,8.87,50.0,1.512,1.516,46196551.0,69710595,69710595,2026-01-20,2026-01-20 10:54:21+08:00
159716,深证100ETF华宝,1.077,1.0772,0.02,-0.01,-0.92,7070.0,761358.9,1.087,1.087,1.071,1.087,1.47,1.27,0.58,0.34,3417.0,3653.0,-101728.0,-13.36,0.0,0.0,-101728.0,-13.36,76971.0,10.11,24756.0,3.25,93.0,1.076,1.077,55666732.0,59953070,59953070,2026-01-20,2026-01-20 10:54:21+08:00
159725,线上消费ETF,1.078,1.0814,0.31,-0.01,-0.92,194819.0,21021930.048,1.088,1.098,1.062,1.088,3.31,13.58,0.89,14.03,118104.0,76715.0,1811735.0,8.62,-956163.0,-4.55,2767898.0,13.17,-335151.0,-1.59,-1476584.0,-7.02,-50.0,1.078,1.079,143424924.0,154612068,154612068,2026-01-20,2026-01-20 10:54:21+08:00
159237,港股汽车ETF基金,1.061,1.065,0.38,-0.01,-0.93,74211.0,7886278.6,1.077,1.077,1.054,1.071,2.15,16.37,1.71,-10.08,42275.0,31936.0,989845.0,12.55,0.0,0.0,989845.0,12.55,-1027472.0,-13.03,37627.0,0.48,-68.0,1.06,1.061,45334226.0,48099614,48099614,2026-01-20,2026-01-20 10:54:24+08:00
561590,中证1000增强ETF,1.49,1.4926,0.17,-0.014,-0.93,22754.0,3410077.0,1.519,1.519,1.482,1.504,2.46,7.22,1.91,1.94,11478.0,11276.0,195456.0,5.73,0.0,0.0,195456.0,5.73,-211350.0,-6.2,15894.0,0.47,-2.0,1.489,1.491,31499600.0,46934404,46934404,2026-01-20,2026-01-20 10:54:15+08:00
159866,日经ETF,1.389,1.3573,-2.34,-0.013,-0.93,259804.0,36193915.0,1.395,1.399,1.385,1.402,1.0,3.87,0.86,5.97,80269.0,179535.0,-5082408.0,-14.04,-6089172.0,-16.82,1006764.0,2.78,2356243.0,6.51,2726164.0,7.53,7.0,1.388,1.389,671979376.0,933379353,933379353,2026-01-20,2026-01-20 10:54:21+08:00
560780,半导体设备ETF广发,2.133,2.1288,-0.2,-0.02,-0.93,558891.0,119541561.0,2.131,2.166,2.108,2.153,2.69,3.35,1.15,6.44,238157.0,320734.0,-540231.0,-0.45,-9558237.0,-8.0,9018006.0,7.54,-5105490.0,-4.27,5645722.0,4.72,-29.0,2.132,2.135,1667496000.0,3556768968,3556768968,2026-01-20,2026-01-20 10:54:16+08:00
159889,智能汽车ETF,1.168,1.1698,0.15,-0.011,-0.93,11091.0,1305103.7,1.187,1.188,1.161,1.179,2.29,2.75,0.57,1.19,4880.0,6211.0,-56268.0,-4.31,62292.0,4.77,-118560.0,-9.08,-21541.0,-1.65,77809.0,5.96,-19.0,1.168,1.17,40400796.0,47188130,47188130,2026-01-20,2026-01-20 10:54:18+08:00
589560,科创人工智能ETF汇添富,1.071,1.0719,0.08,-0.01,-0.93,103161.0,11117963.0,1.081,1.091,1.061,1.081,2.78,3.11,0.75,-4.66,60210.0,42951.0,-446612.0,-4.02,-86991.0,-0.78,-359621.0,-3.23,211178.0,1.9,235433.0,2.12,-10.0,1.071,1.073,331355008.0,354881214,354881214,2026-01-20,2026-01-20 10:54:13+08:00
513150,港股通科技ETF华泰柏瑞,1.169,1.1682,-0.07,-0.011,-0.93,245568.0,28704776.0,1.175,1.18,1.16,1.18,1.69,25.97,1.4,-16.44,114674.0,130894.0,-445385.0,-1.55,962900.0,3.35,-1408285.0,-4.91,480781.0,1.67,-35397.0,-0.12,-2026.0,1.167,1.168,94559800.0,110540406,110540406,2026-01-20,2026-01-20 10:54:16+08:00
561750,中证A50ETF博时,1.164,1.1667,0.23,-0.011,-0.94,4546.0,530052.0,1.182,1.182,1.161,1.175,1.79,0.51,1.28,-0.15,2661.0,1885.0,199619.0,37.66,0.0,0.0,199619.0,37.66,-219276.0,-41.37,19657.0,3.71,2500.0,1.165,1.167,89996000.0,104755344,104755344,2026-01-20,2026-01-20 10:54:14+08:00
159750,港股科技50ETF,1.05,1.0534,0.32,-0.01,-0.94,491115.0,51651457.3,1.059,1.063,1.044,1.06,1.79,3.36,1.29,-9.26,203709.0,287406.0,-3646853.0,-7.06,2574683.0,4.99,-6221536.0,-12.05,2211606.0,4.28,1435247.0,2.78,-119.0,1.05,1.051,1462618256.0,1535749169,1535749169,2026-01-20,2026-01-20 10:54:21+08:00
159883,医疗器械ETF,0.525,0.5244,-0.11,-0.005,-0.94,2612918.0,137469348.69,0.53,0.533,0.522,0.53,2.08,2.25,0.88,37.47,830686.0,1782232.0,-15449935.0,-11.24,-1041561.0,-0.76,-14408374.0,-10.48,7376318.0,5.37,8073617.0,5.87,120.0,0.524,0.525,11598037760.0,6088969824,6088969824,2026-01-20,2026-01-20 10:54:21+08:00
517990,医药ETF沪港深,0.945,0.9475,0.26,-0.009,-0.94,5963.0,562934.0,0.951,0.955,0.939,0.954,1.68,1.08,0.19,2.51,2109.0,3854.0,-72092.0,-12.81,0.0,0.0,-72092.0,-12.81,-12338.0,-2.19,84431.0,15.0,16.0,0.942,0.945,54987900.0,51963566,51963566,2026-01-20,2026-01-20 10:54:14+08:00
159656,沪深300成长ETF万家,1.158,1.157,-0.09,-0.011,-0.94,49803.0,5783120.258,1.169,1.171,1.15,1.169,1.8,2.02,0.73,9.63,19828.0,29975.0,-741151.0,-12.82,0.0,0.0,-741151.0,-12.82,30327.0,0.52,710824.0,12.29,-1258.0,1.157,1.158,246238451.0,285144126,285144126,2026-01-20,2026-01-20 10:54:24+08:00
588770,科创信息技术ETF摩根,1.574,1.5759,0.12,-0.015,-0.94,29220.0,4628130.0,1.597,1.611,1.561,1.589,3.15,6.55,2.08,12.02,15371.0,13849.0,-672351.0,-14.53,-1237130.0,-26.73,564779.0,12.2,345246.0,7.46,327105.0,7.07,-7.0,1.573,1.574,44597100.0,70195835,70195835,2026-01-20,2026-01-20 10:54:12+08:00
159975,深100ETF招商,0.736,0.7352,-0.11,-0.007,-0.94,8711.0,645374.6,0.745,0.745,0.733,0.743,1.62,1.3,0.33,-3.73,4081.0,4630.0,-37575.0,-5.82,0.0,0.0,-37575.0,-5.82,34996.0,5.42,2578.0,0.4,15.0,0.733,0.735,66937760.0,49266191,49266191,2026-01-20,2026-01-20 10:54:18+08:00
517850,张江ETF,1.247,1.2478,0.06,-0.012,-0.95,7011.0,873159.0,1.25,1.264,1.235,1.259,2.3,1.4,0.75,4.3,4173.0,2838.0,116319.0,13.32,0.0,0.0,116319.0,13.32,-34193.0,-3.92,-82126.0,-9.41,-100.0,1.245,1.247,50185200.0,62580944,62580944,2026-01-20,2026-01-20 10:54:14+08:00
515210,钢铁ETF,1.466,1.4676,0.11,-0.014,-0.95,598818.0,88247310.0,1.479,1.492,1.459,1.48,2.23,1.94,1.49,21.14,263212.0,335606.0,14849570.0,16.83,18372612.0,20.82,-3523042.0,-3.99,-12044737.0,-13.65,-2804834.0,-3.18,2.0,1.465,1.468,3080226096.0,4515611457,4515611457,2026-01-20,2026-01-20 10:54:18+08:00
561920,疫苗龙头ETF,0.732,0.7337,0.23,-0.007,-0.95,1245.0,91702.0,0.746,0.746,0.732,0.739,1.89,0.41,0.35,2.04,303.0,942.0,-3185.0,-3.47,0.0,0.0,-3185.0,-3.47,-41970.0,-45.77,45156.0,49.24,-203.0,0.732,0.734,30692000.0,22466544,22466544,2026-01-20,2026-01-20 10:54:13+08:00
563570,金融科技ETF兴业,1.041,1.0391,-0.18,-0.01,-0.95,115742.0,12072314.0,1.06,1.061,1.035,1.051,2.47,10.12,1.59,-19.29,46215.0,69527.0,255671.0,2.12,73592.0,0.61,182079.0,1.51,-216937.0,-1.8,-38733.0,-0.32,6.0,1.04,1.041,114374000.0,119063334,119063334,2026-01-20,2026-01-20 10:54:14+08:00
513000,日经225ETF易方达,1.871,1.8194,-2.84,-0.018,-0.95,240853.0,45288052.0,1.879,1.896,1.87,1.889,1.38,2.59,1.52,31.65,115671.0,125182.0,-1923250.0,-4.25,2059399.0,4.55,-3982649.0,-8.79,1055002.0,2.33,868248.0,1.92,-11.0,1.871,1.872,930911408.0,1741735244,1741735244,2026-01-20,2026-01-20 10:54:16+08:00
159512,汽车ETF,1.452,1.4527,0.05,-0.014,-0.95,39033.0,5691816.0,1.476,1.476,1.45,1.466,1.77,6.82,1.54,38.09,16012.0,23021.0,-274841.0,-4.83,-159664.0,-2.81,-115177.0,-2.02,-448216.0,-7.87,723058.0,12.7,-11.0,1.452,1.453,57264855.0,83148569,83148569,2026-01-20,2026-01-20 10:54:21+08:00
159888,智能汽车ETF华夏,1.356,1.3571,0.08,-0.013,-0.95,89217.0,12185316.3,1.367,1.382,1.348,1.369,2.48,12.31,1.42,34.18,53727.0,35490.0,1434597.0,11.77,-420364.0,-3.45,1854961.0,15.22,-1485184.0,-12.19,50587.0,0.42,409.0,1.355,1.356,72446068.0,98236868,98236868,2026-01-20,2026-01-20 10:54:21+08:00
159760,医疗健康ETF泰康,0.618,0.6177,-0.05,-0.006,-0.96,5808.0,359272.1,0.624,0.624,0.615,0.624,1.44,0.42,0.33,-10.09,1101.0,4707.0,118311.0,32.93,0.0,0.0,118311.0,32.93,-183342.0,-51.03,65031.0,18.1,5.0,0.617,0.618,138360223.0,85506618,85506618,2026-01-20,2026-01-20 10:54:21+08:00
159306,汽车零件ETF,1.544,1.542,-0.13,-0.015,-0.96,17271.0,2690085.7,1.563,1.575,1.532,1.559,2.76,6.84,1.81,-2.84,7974.0,9297.0,26905.0,1.0,1087577.0,40.43,-1060672.0,-39.43,-125272.0,-4.66,98368.0,3.66,-6.0,1.542,1.544,25244616.0,38977687,38977687,2026-01-20,2026-01-20 10:54:24+08:00
159770,机器人ETF,1.138,1.1376,-0.04,-0.011,-0.96,2279016.0,261020602.5,1.151,1.162,1.13,1.149,2.79,2.45,1.3,35.83,888523.0,1390493.0,-16660588.0,-6.38,934923.0,0.36,-17595511.0,-6.74,-789765.0,-0.3,17450351.0,6.69,-197.0,1.138,1.139,9304087808.0,10588051926,10588051926,2026-01-20,2026-01-20 10:54:21+08:00
520600,港股汽车ETF,1.239,1.244,0.4,-0.012,-0.96,390614.0,48477280.0,1.25,1.252,1.232,1.251,1.6,8.83,0.92,-33.9,167875.0,222739.0,-574894.0,-1.19,-3177988.0,-6.57,2603094.0,5.38,-659871.0,-1.36,1234765.0,2.55,570.0,1.238,1.239,442368000.0,548093952,548093952,2026-01-20,2026-01-20 10:54:15+08:00
520500,恒生创新药ETF,1.639,1.6393,0.02,-0.016,-0.97,1317058.0,217502870.0,1.653,1.669,1.634,1.655,2.11,10.66,0.99,-17.63,590254.0,726804.0,-7402754.0,-3.4,-8930188.0,-4.11,1527434.0,0.7,2932146.0,1.35,4470609.0,2.06,-106.0,1.639,1.64,1235805008.0,2025484408,2025484408,2026-01-20,2026-01-20 10:54:16+08:00
517200,互联网ETF,0.818,0.8199,0.23,-0.008,-0.97,31618.0,2596128.0,0.826,0.83,0.813,0.826,2.06,2.21,0.64,-12.82,9466.0,22152.0,329589.0,12.7,-104467.0,-4.02,434056.0,16.72,-86201.0,-3.32,-243387.0,-9.38,-3.0,0.818,0.82,142782000.0,116795676,116795676,2026-01-20,2026-01-20 10:54:15+08:00
520720,香港汽车ETF,0.917,0.9202,0.35,-0.009,-0.97,67459.0,6200266.0,0.927,0.928,0.91,0.926,1.94,4.35,0.94,-7.47,31163.0,36296.0,-1260419.0,-20.33,470730.0,7.59,-1731149.0,-27.92,834117.0,13.45,426302.0,6.88,-582.0,0.916,0.917,154942000.0,142081814,142081814,2026-01-20,2026-01-20 10:54:16+08:00
159797,医疗器械ETF基金,0.805,0.8042,-0.1,-0.008,-0.98,56893.0,4594487.5,0.813,0.817,0.802,0.813,1.85,1.35,0.76,24.05,25809.0,31084.0,-657606.0,-14.31,268840.0,5.85,-926446.0,-20.16,276290.0,6.01,381316.0,8.3,24.0,0.804,0.805,420989248.0,338896345,338896345,2026-01-20,2026-01-20 10:54:12+08:00
589060,科创综指ETF东财,1.522,1.5206,-0.09,-0.015,-0.98,67484.0,10274204.0,1.537,1.551,1.508,1.537,2.8,4.92,2.69,14.37,35042.0,32442.0,1321775.0,12.86,3906051.0,38.02,-2584276.0,-25.15,-1314956.0,-12.8,-6820.0,-0.07,-1.0,1.521,1.522,137137900.0,208723884,208723884,2026-01-20,2026-01-20 10:54:13+08:00
562860,疫苗ETF,0.709,0.7086,-0.06,-0.007,-0.98,39135.0,2784686.0,0.715,0.719,0.706,0.716,1.82,1.23,1.44,0.24,12978.0,26157.0,588460.0,21.13,294209.0,10.57,294251.0,10.57,-749055.0,-26.9,160594.0,5.77,-700.0,0.708,0.709,318895008.0,226096561,226096561,2026-01-20,2026-01-20 10:54:10+08:00
562920,信息安全ETF易方达,1.106,1.1071,0.1,-0.011,-0.98,62719.0,6984349.0,1.125,1.125,1.096,1.117,2.6,7.93,1.57,-0.07,26265.0,36454.0,1290511.0,18.48,1117354.0,16.0,173157.0,2.48,-311968.0,-4.47,-978543.0,-14.01,120.0,1.104,1.107,79069000.0,87450314,87450314,2026-01-20,2026-01-20 10:54:13+08:00
513800,日本东证指数ETF南方,1.715,1.7137,-0.08,-0.017,-0.98,89947.0,15446165.0,1.715,1.722,1.713,1.732,0.52,0.94,0.97,-9.01,39107.0,50840.0,-2945287.0,-19.07,-1488825.0,-9.64,-1456462.0,-9.43,1678589.0,10.87,1266698.0,8.2,22.0,1.715,1.716,959844400.0,1646133146,1646133146,2026-01-20,2026-01-20 10:54:16+08:00
512030,中证A50增强ETF易方达,1.116,1.1186,0.23,-0.011,-0.98,15553.0,1740530.0,1.127,1.135,1.113,1.127,1.95,3.36,4.08,45.16,5789.0,9764.0,188100.0,10.81,-1117213.0,-64.19,1305313.0,75.0,-180146.0,-10.35,-7954.0,-0.46,-1.0,1.116,1.123,46240000.0,51603840,51603840,2026-01-20,2026-01-20 10:54:16+08:00
159859,生物医药ETF,0.403,0.4019,-0.27,-0.004,-0.98,1595705.0,64487372.2,0.408,0.408,0.401,0.407,1.72,1.89,1.14,28.65,462518.0,1133187.0,-5369954.0,-8.33,-6575083.0,-10.2,1205129.0,1.87,5503081.0,8.53,-133127.0,-0.21,5001.0,0.402,0.403,8460440064.0,3409557346,3409557346,2026-01-20,2026-01-20 10:54:21+08:00
520510,港股通医疗ETF,1.012,1.015,0.3,-0.01,-0.98,539448.0,54895228.0,1.021,1.03,1.006,1.022,2.35,25.24,1.39,-12.34,270504.0,268944.0,-768253.0,-1.4,-1621800.0,-2.95,853547.0,1.55,-125910.0,-0.23,894164.0,1.63,-411.0,1.011,1.013,213728000.0,216292736,216292736,2026-01-20,2026-01-20 10:54:15+08:00
159386,A500ETF永赢,1.307,1.3104,0.26,-0.013,-0.98,297002.0,38924350.6,1.325,1.325,1.301,1.32,1.82,17.28,2.31,44.13,128799.0,168203.0,-1894111.0,-4.87,-4602685.0,-11.82,2708574.0,6.96,1634209.0,4.2,259901.0,0.67,809.0,1.307,1.309,171869559.0,224633514,224633514,2026-01-20,2026-01-20 10:54:24+08:00
513050,中概互联网ETF易方达,1.498,1.5134,1.02,-0.015,-0.99,9096564.0,1365954992.0,1.507,1.513,1.491,1.513,1.45,3.35,1.6,-9.68,4250512.0,4846052.0,-125224096.0,-9.17,-132599552.0,-9.71,7375456.0,0.54,63395920.0,4.64,61848687.0,4.53,-3.0,1.498,1.499,27160432640.0,40686328095,40686328095,2026-01-20,2026-01-20 10:54:18+08:00
159107,创业板软件ETF富国,0.998,0.9981,0.01,-0.01,-0.99,965584.0,96690565.517,1.009,1.022,0.987,1.008,3.47,9.64,0.7,19.55,375600.0,589984.0,-7429131.0,-7.68,-4544575.0,-4.7,-2884556.0,-2.98,1587689.0,1.64,5841442.0,6.04,-93.0,0.998,0.999,1001823008.0,999819362,999819362,2026-01-20,2026-01-20 10:54:27+08:00
159262,港股通科技ETF,1.103,1.1022,-0.07,-0.011,-0.99,1626644.0,179884340.948,1.108,1.118,1.096,1.114,1.97,1.76,1.22,-7.46,787530.0,839114.0,2765654.0,1.54,-1776655.0,-0.99,4542309.0,2.53,-4507987.0,-2.51,1742334.0,0.97,-593.0,1.103,1.104,9225720576.0,10175969795,10175969795,2026-01-20,2026-01-20 10:54:24+08:00
588720,科创50ETF中银,1.498,1.4991,0.07,-0.015,-0.99,26437.0,4001985.0,1.529,1.529,1.489,1.513,2.64,1.93,1.17,-1.07,4661.0,21776.0,184558.0,4.61,-387298.0,-9.68,571856.0,14.29,-241104.0,-6.02,56546.0,1.41,-58.0,1.498,1.499,137241800.0,205588216,205588216,2026-01-20,2026-01-20 10:54:13+08:00
159748,创新药ETF富国,0.797,0.7934,-0.45,-0.008,-0.99,74555.0,5953256.195,0.803,0.806,0.792,0.805,1.74,0.98,0.88,17.68,29064.0,45491.0,-901310.0,-15.15,-10304.0,-0.17,-891006.0,-14.98,-173861.0,-2.92,1075170.0,18.08,63.0,0.796,0.797,761692128.0,607068626,607068626,2026-01-20,2026-01-20 10:54:21+08:00
510590,中证500ETF平安,8.717,8.7159,-0.01,-0.087,-0.99,139.0,121148.0,8.869,8.869,8.635,8.804,2.66,0.01,0.11,16.12,19.0,120.0,58978.0,48.68,6073.0,5.01,52905.0,43.67,-59038.0,-48.73,60.0,0.05,2.0,8.68,8.713,145586100.0,1269074034,1269074034,2026-01-20,2026-01-20 10:54:19+08:00
159526,机器人ETF嘉实,1.606,1.6059,-0.01,-0.016,-0.99,257454.0,41731410.7,1.622,1.641,1.595,1.622,2.84,3.55,2.07,3.37,134533.0,122921.0,670036.0,1.61,4366349.0,10.46,-3696313.0,-8.86,-1254927.0,-3.01,584891.0,1.4,-8.0,1.606,1.607,725462960.0,1165093514,1165093514,2026-01-20,2026-01-20 10:54:21+08:00
560280,工程机械ETF,1.704,1.7014,-0.15,-0.017,-0.99,431938.0,73757020.0,1.733,1.733,1.691,1.721,2.44,4.67,2.46,-12.2,194838.0,237100.0,-19950163.0,-27.08,-3567194.0,-4.84,-16382969.0,-22.24,12554650.0,17.04,7395513.0,10.04,-512.0,1.703,1.706,924752000.0,1575777408,1575777408,2026-01-20,2026-01-20 10:54:14+08:00
159838,医药50ETF,0.594,0.5927,-0.22,-0.006,-1.0,10883.0,648234.8,0.6,0.6,0.592,0.6,1.33,0.39,0.34,1.85,1879.0,9004.0,-60817.0,-9.38,0.0,0.0,-60817.0,-9.38,4190.0,0.65,56628.0,8.74,10.0,0.593,0.594,281763456.0,167367493,167367493,2026-01-20,2026-01-20 10:54:18+08:00
589630,科创综指ETF国泰,1.488,1.4844,-0.24,-0.015,-1.0,268854.0,40417626.0,1.506,1.519,1.477,1.503,2.79,12.08,2.59,15.47,167834.0,101020.0,694095.0,1.72,-5071221.0,-12.55,5765316.0,14.26,-865725.0,-2.14,171630.0,0.42,6.0,1.485,1.488,222629000.0,331271952,331271952,2026-01-20,2026-01-20 10:54:12+08:00
515200,创新100ETF,2.288,2.2928,0.21,-0.023,-1.0,12855.0,2944818.0,2.309,2.328,2.264,2.311,2.77,2.43,1.59,-23.57,4112.0,8743.0,13661.0,0.46,403798.0,13.71,-390137.0,-13.25,-13176.0,-0.45,-486.0,-0.02,-145.0,2.28,2.293,52943200.0,121134042,121134042,2026-01-20,2026-01-20 10:54:17+08:00
562360,机器人ETF基金,1.188,1.1874,-0.05,-0.012,-1.0,144619.0,17300502.0,1.198,1.212,1.18,1.2,2.67,3.81,1.17,-3.22,69476.0,75143.0,1389933.0,8.03,2669391.0,15.43,-1279458.0,-7.4,-1582828.0,-9.15,192896.0,1.11,74.0,1.187,1.188,379474000.0,450815112,450815112,2026-01-20,2026-01-20 10:54:15+08:00
563660,A500ETF银河,1.284,1.2898,0.45,-0.013,-1.0,11531.0,1488163.0,1.298,1.298,1.283,1.297,1.16,0.89,1.82,24.58,5667.0,5864.0,308762.0,20.75,224330.0,15.07,84432.0,5.67,-289208.0,-19.43,-19553.0,-1.31,-170.0,1.287,1.289,129085200.0,165745397,165745397,2026-01-20,2026-01-20 10:54:15+08:00
159685,1000增强ETF天弘,1.49,1.488,-0.13,-0.015,-1.0,11511.0,1720983.4,1.507,1.512,1.48,1.505,2.13,8.56,0.83,3.37,4365.0,7146.0,183174.0,10.64,0.0,0.0,183174.0,10.64,-172134.0,-10.0,-11040.0,-0.64,-1000.0,1.487,1.489,13440067.0,20025700,20025700,2026-01-20,2026-01-20 10:54:18+08:00
159105,恒生生物科技ETF易方达,0.988,0.9901,0.21,-0.01,-1.0,258091.0,25639684.7,0.999,1.003,0.982,0.998,2.1,26.81,1.41,1.25,126473.0,131618.0,88579.0,0.35,-408559.0,-1.59,497138.0,1.94,-103762.0,-0.4,15184.0,0.06,50.0,0.987,0.988,96272984.0,95117708,95117708,2026-01-20,2026-01-20 10:54:18+08:00
159717,ESGETF,1.083,1.0898,0.62,-0.011,-1.01,1943.0,212616.4,1.095,1.098,1.083,1.094,1.37,1.09,1.03,-1.62,1.0,1942.0,211856.0,99.64,0.0,0.0,211856.0,99.64,-137764.0,-64.79,-74091.0,-34.85,-195.0,1.087,1.09,17873183.0,19356657,19356657,2026-01-20,2026-01-20 10:54:21+08:00
159680,1000ETF增强,1.665,1.6646,-0.02,-0.017,-1.01,208015.0,34878760.1,1.676,1.69,1.656,1.682,2.02,4.17,1.73,4.75,100362.0,107653.0,-2651602.0,-7.6,-3017651.0,-8.65,366049.0,1.05,968074.0,2.78,1683528.0,4.83,-10.0,1.665,1.666,498438080.0,829899403,829899403,2026-01-20,2026-01-20 10:54:24+08:00
563090,上证50增强ETF易方达,1.276,1.2782,0.17,-0.013,-1.01,31224.0,4004837.0,1.289,1.303,1.276,1.289,2.09,7.12,2.25,14.62,17053.0,14171.0,-108325.0,-2.7,0.0,0.0,-108325.0,-2.7,164192.0,4.1,-55867.0,-1.39,-86.0,1.276,1.291,43848000.0,55950048,55950048,2026-01-20,2026-01-20 10:54:15+08:00
560770,机器人指数ETF,1.083,1.0837,0.06,-0.011,-1.01,175983.0,19194921.0,1.099,1.106,1.076,1.094,2.74,0.88,0.88,1.46,59373.0,116610.0,-643060.0,-3.44,1223706.0,6.54,-1866766.0,-9.97,-277766.0,-1.48,920826.0,4.92,4398.0,1.082,1.084,1989133008.0,2154231048,2154231048,2026-01-20,2026-01-20 10:54:13+08:00
588450,科创50ETF增强,1.954,1.9549,0.05,-0.02,-1.01,53667.0,10532095.0,1.974,1.996,1.94,1.974,2.84,8.44,2.02,0.06,32927.0,20740.0,-1738217.0,-16.5,0.0,0.0,-1738217.0,-16.5,1059573.0,10.06,678644.0,6.44,27.0,1.953,1.954,63568700.0,124213240,124213240,2026-01-20,2026-01-20 10:54:13+08:00
159642,碳中和ETF大成,1.078,1.078,0.0,-0.011,-1.01,4680.0,507992.573,1.09,1.095,1.072,1.089,2.11,1.28,1.17,-0.78,1742.0,2938.0,115660.0,22.77,0.0,0.0,115660.0,22.77,-90995.0,-17.91,-24665.0,-4.86,5.0,1.076,1.078,36439923.0,39282237,39282237,2026-01-20,2026-01-20 10:54:18+08:00
520840,港股通恒生科技ETF,0.975,0.9745,-0.05,-0.01,-1.02,331513.0,32340660.0,0.984,0.986,0.967,0.985,1.93,2.77,1.12,32.26,130598.0,200915.0,-5467771.0,-16.91,-3736480.0,-11.55,-1731291.0,-5.35,3599386.0,11.13,1868385.0,5.78,100.0,0.974,0.975,1198049008.0,1168097783,1168097783,2026-01-20,2026-01-20 10:54:16+08:00
159516,半导体设备ETF,1.934,1.9317,-0.12,-0.02,-1.02,5727654.0,1112688703.119,1.933,1.965,1.914,1.954,2.61,6.15,1.2,32.24,2468492.0,3259161.0,-94381046.0,-8.49,-83657270.0,-7.52,-10723776.0,-0.96,16773457.0,1.51,77607594.0,6.98,2711.0,1.933,1.934,9316590080.0,18018285215,18018285215,2026-01-20,2026-01-20 10:54:24+08:00
159795,智能汽车ETF汇添富,1.16,1.1593,-0.06,-0.012,-1.02,16437.0,1913151.3,1.174,1.18,1.151,1.172,2.47,4.31,0.67,-0.04,4069.0,12368.0,102138.0,5.34,0.0,0.0,102138.0,5.34,-72236.0,-3.78,-29902.0,-1.56,2.0,1.158,1.16,38169473.0,44276589,44276589,2026-01-20,2026-01-20 10:54:21+08:00
159961,深100ETF方正富邦,2.133,2.1347,0.08,-0.022,-1.02,11907.0,2552113.7,2.157,2.157,2.121,2.155,1.67,0.74,0.81,-0.17,5181.0,6726.0,-605447.0,-23.72,0.0,0.0,-605447.0,-23.72,643240.0,25.2,-37794.0,-1.48,300.0,2.13,2.132,160245196.0,341803003,341803003,2026-01-20,2026-01-20 10:54:21+08:00
159938,医药ETF广发,0.676,0.6761,0.01,-0.007,-1.02,210679.0,14281507.3,0.682,0.685,0.674,0.683,1.61,0.24,0.37,-6.89,81072.0,129607.0,-3054015.0,-21.38,-1642073.0,-11.5,-1411942.0,-9.89,732962.0,5.13,2321053.0,16.25,1301.0,0.676,0.677,8759567360.0,5921467535,5921467535,2026-01-20,2026-01-20 10:54:21+08:00
159606,中证500成长ETF易方达,1.263,1.2597,-0.26,-0.013,-1.02,86277.0,10948191.977,1.277,1.292,1.256,1.276,2.82,2.83,2.4,13.03,39044.0,47233.0,-994573.0,-9.08,0.0,0.0,-994573.0,-9.08,1000182.0,9.14,-5608.0,-0.05,582.0,1.263,1.264,305222832.0,385496437,385496437,2026-01-20,2026-01-20 10:54:24+08:00
513010,恒生科技ETF易方达,0.77,0.7689,-0.14,-0.008,-1.03,10953311.0,845399416.0,0.775,0.779,0.765,0.778,1.8,2.92,1.91,0.12,5816899.0,5136412.0,-51643565.0,-6.11,-62564416.0,-7.4,10920851.0,1.29,33017142.0,3.91,18626413.0,2.2,-100.0,0.77,0.771,37497307136.0,28872926495,28872926495,2026-01-20,2026-01-20 10:54:20+08:00
588090,科创50ETF华泰柏瑞,1.534,1.5335,-0.03,-0.016,-1.03,1555178.0,240016593.0,1.549,1.57,1.522,1.55,3.1,4.9,2.2,-3.59,718667.0,836510.0,-4408913.0,-1.84,-23675499.0,-9.87,19266586.0,8.03,1245631.0,0.52,3163282.0,1.32,1022.0,1.533,1.534,3171072800.0,4864425675,4864425675,2026-01-20,2026-01-20 10:54:13+08:00
560060,碳中和ETF,1.06,1.0578,-0.21,-0.011,-1.03,11324.0,1204932.0,1.071,1.077,1.055,1.071,2.05,0.95,0.84,-2.92,5406.0,5918.0,279748.0,23.22,0.0,0.0,279748.0,23.22,-396086.0,-32.87,116337.0,9.66,-600.0,1.058,1.059,119090000.0,126235400,126235400,2026-01-20,2026-01-20 10:54:15+08:00
159729,互联网ETF,0.962,0.966,0.41,-0.01,-1.03,10736.0,1034201.2,0.971,0.974,0.955,0.972,1.95,1.61,0.6,-68.7,4854.0,5882.0,-9791.0,-0.95,-82474.0,-7.97,72683.0,7.03,83665.0,8.09,-73874.0,-7.14,3.0,0.96,0.962,66760633.0,64223729,64223729,2026-01-20,2026-01-20 10:54:18+08:00
588180,科创50ETF基金,0.965,0.9649,-0.01,-0.01,-1.03,190456.0,18514393.0,0.975,0.987,0.959,0.975,2.87,1.19,0.45,27.08,88109.0,102347.0,-2467443.0,-13.33,-1811390.0,-9.78,-656053.0,-3.54,1548996.0,8.37,918447.0,4.96,-35.0,0.964,0.965,1606353696.0,1550131317,1550131317,2026-01-20,2026-01-20 10:54:15+08:00
159747,香港科技ETF南方,1.428,1.4302,0.15,-0.015,-1.04,240377.0,34380573.021,1.435,1.446,1.42,1.443,1.8,6.78,1.21,-24.59,122281.0,118097.0,-3650653.0,-10.62,-5730124.0,-16.67,2079471.0,6.05,1645485.0,4.79,2005168.0,5.83,-70.0,1.428,1.429,354712272.0,506529124,506529124,2026-01-20,2026-01-20 10:54:18+08:00
517170,沪港深500ETF华夏,1.05,1.0576,0.72,-0.011,-1.04,368.0,38867.0,1.065,1.065,1.05,1.061,1.41,0.17,0.44,5.11,82.0,286.0,23571.0,60.65,0.0,0.0,23571.0,60.65,-26586.0,-68.4,3016.0,7.76,23.0,1.055,1.057,21131800.0,22188390,22188390,2026-01-20,2026-01-20 10:54:16+08:00
159286,港股通创新药ETF鹏华,0.857,0.8576,0.07,-0.009,-1.04,330042.0,28499607.6,0.866,0.872,0.854,0.866,2.08,4.93,1.04,18.86,123177.0,206865.0,-2651126.0,-9.3,-1992566.0,-6.99,-658560.0,-2.31,1310386.0,4.6,1340740.0,4.7,-80.0,0.857,0.858,668785408.0,573149095,573149095,2026-01-20,2026-01-20 10:54:21+08:00
159613,信息安全ETF,1.046,1.0445,-0.14,-0.011,-1.04,28106.0,2946011.3,1.06,1.062,1.036,1.057,2.46,4.72,0.72,24.14,5170.0,22936.0,1488668.0,50.53,1045386.0,35.48,443282.0,15.05,-410101.0,-13.92,-1078568.0,-36.61,48.0,1.044,1.046,59590217.0,62331367,62331367,2026-01-20,2026-01-20 10:54:24+08:00
513200,港股通医药ETF易方达,1.14,1.1437,0.32,-0.012,-1.04,655612.0,75254669.0,1.148,1.157,1.134,1.152,2.0,3.95,1.01,4.6,311337.0,344275.0,3547563.0,4.71,-2966115.0,-3.94,6513678.0,8.66,-2124004.0,-2.82,-1423558.0,-1.89,530.0,1.139,1.141,1660282096.0,1892721589,1892721589,2026-01-20,2026-01-20 10:54:19+08:00
513160,港股科技30ETF,1.243,1.2419,-0.09,-0.013,-1.04,1857150.0,231246015.0,1.258,1.26,1.233,1.256,2.15,3.5,1.04,-18.08,953632.0,903518.0,-10323856.0,-4.46,-17082512.0,-7.39,6758656.0,2.92,4203834.0,1.82,6120024.0,2.65,33.0,1.242,1.243,5307189248.0,6596836235,6596836235,2026-01-20,2026-01-20 10:54:19+08:00
159641,双碳ETF,1.139,1.1373,-0.15,-0.012,-1.04,16957.0,1937553.761,1.149,1.158,1.133,1.151,2.17,1.42,1.5,22.76,9328.0,7629.0,197238.0,10.18,195165.0,10.07,2073.0,0.11,-160583.0,-8.29,-36655.0,-1.89,50.0,1.138,1.139,119719131.0,136360090,136360090,2026-01-20,2026-01-20 10:54:24+08:00
516330,物联网ETF,1.516,1.5179,0.13,-0.016,-1.04,10782.0,1633783.0,1.532,1.538,1.5,1.532,2.48,8.93,1.23,-2.84,5366.0,5416.0,-29156.0,-1.78,0.0,0.0,-29156.0,-1.78,56261.0,3.44,-27105.0,-1.66,-1.0,1.512,1.515,12071300.0,18300091,18300091,2026-01-20,2026-01-20 10:54:17+08:00
588060,科创50ETF广发,0.949,0.9485,-0.05,-0.01,-1.04,1746333.0,166877928.0,0.958,0.971,0.942,0.959,3.02,1.97,1.58,31.61,828504.0,917829.0,-12317156.0,-7.38,12888532.0,7.72,-25205688.0,-15.1,6641792.0,3.98,5675364.0,3.4,100.0,0.948,0.949,8845139968.0,8394037830,8394037830,2026-01-20,2026-01-20 10:54:14+08:00
159213,机器人ETF基金,1.323,1.3229,-0.01,-0.014,-1.05,180940.0,24084032.4,1.337,1.351,1.313,1.337,2.84,2.41,1.49,7.54,62078.0,118862.0,4605585.0,19.12,3391709.0,14.08,1213876.0,5.04,-5609617.0,-23.29,1004032.0,4.17,3.0,1.321,1.323,751237568.0,993887302,993887302,2026-01-20,2026-01-20 10:54:24+08:00
159895,物联网ETF易方达,1.316,1.3174,0.11,-0.014,-1.05,18368.0,2438950.9,1.328,1.337,1.305,1.33,2.41,2.58,1.93,-0.57,8735.0,9633.0,507618.0,20.81,0.0,0.0,507618.0,20.81,-520353.0,-21.34,12735.0,0.52,-5.0,1.316,1.318,71241864.0,93754293,93754293,2026-01-20,2026-01-20 10:54:18+08:00
516500,生物科技ETF,0.662,0.6601,-0.29,-0.007,-1.05,91840.0,6095482.0,0.666,0.67,0.658,0.669,1.79,3.52,0.87,34.75,33716.0,58124.0,-709074.0,-11.63,-996811.0,-16.35,287737.0,4.72,387927.0,6.36,321146.0,5.27,-20.0,0.66,0.662,260937200.0,172740426,172740426,2026-01-20,2026-01-20 10:54:15+08:00
530530,上证580ETF华夏,1.129,1.1291,0.01,-0.012,-1.05,29251.0,3322877.0,1.141,1.141,1.123,1.141,1.58,0.79,2.22,30.03,12350.0,16901.0,-8208.0,-0.25,465396.0,14.01,-473604.0,-14.25,340.0,0.01,7868.0,0.24,2085.0,1.126,1.129,368460000.0,415991340,415991340,2026-01-20,2026-01-20 10:54:15+08:00
159128,港股科技ETF天弘,0.942,0.9388,-0.34,-0.01,-1.05,324617.0,30630343.513,0.948,0.954,0.936,0.952,1.89,1.73,1.2,-10.09,103454.0,221163.0,-1836072.0,-5.99,319928.0,1.04,-2156000.0,-7.04,890867.0,2.91,945204.0,3.09,-9400.0,0.941,0.942,1871760848.0,1763198719,1763198719,2026-01-20,2026-01-20 10:54:27+08:00
561280,中证1000ETF增强,1.697,1.6922,-0.28,-0.018,-1.05,42209.0,7202312.0,1.721,1.724,1.691,1.715,1.92,7.3,2.58,12.42,10163.0,32046.0,-785809.0,-10.91,-1856315.0,-25.77,1070506.0,14.86,573706.0,7.97,212103.0,2.94,1.0,1.696,1.697,57847700.0,98167547,98167547,2026-01-20,2026-01-20 10:54:16+08:00
159137,港股通医疗ETF华宝,1.036,1.0373,0.13,-0.011,-1.05,285598.0,29803521.467,1.047,1.057,1.031,1.047,2.48,12.49,0.6,3.06,109881.0,175716.0,-2122452.0,-7.12,619502.0,2.08,-2741954.0,-9.2,768909.0,2.58,1353543.0,4.54,-1.0,1.036,1.037,228632607.0,236863381,236863381,2026-01-20,2026-01-20 10:54:27+08:00
562550,绿电ETF,1.134,1.1323,-0.15,-0.012,-1.05,305947.0,34684911.0,1.146,1.151,1.129,1.146,1.92,9.73,3.89,-0.22,83350.0,222597.0,-6446617.0,-18.6,-563773.0,-1.63,-5882844.0,-16.97,3299425.0,9.52,3147193.0,9.08,176.0,1.134,1.135,314419296.0,356551482,356551482,2026-01-20,2026-01-20 10:54:16+08:00
588760,科创人工智能ETF广发,0.842,0.8458,0.45,-0.009,-1.06,1678535.0,142367146.0,0.851,0.86,0.836,0.851,2.82,5.59,1.08,6.41,719674.0,958861.0,-6303030.0,-4.43,-6558146.0,-4.61,255116.0,0.18,2264046.0,1.59,4038984.0,2.84,-200.0,0.843,0.844,3004532000.0,2529815944,2529815944,2026-01-20,2026-01-20 10:54:12+08:00
159132,恒生生物科技ETF富国,1.023,1.0264,0.33,-0.011,-1.06,79048.0,8141194.912,1.034,1.039,1.019,1.034,1.93,4.42,1.08,-8.66,35609.0,43439.0,-85947.0,-1.06,249873.0,3.07,-335820.0,-4.12,-260591.0,-3.2,346537.0,4.26,-258.0,1.022,1.024,178963558.0,183079720,183079720,2026-01-20,2026-01-20 10:54:18+08:00
159820,中证500ETF天弘,1.395,1.3955,0.04,-0.015,-1.06,45427.0,6340390.2,1.411,1.419,1.385,1.41,2.41,0.31,1.64,21.91,17815.0,27612.0,-132991.0,-2.1,0.0,0.0,-132991.0,-2.1,-128484.0,-2.03,261475.0,4.12,-10.0,1.393,1.395,1476408464.0,2059589807,2059589807,2026-01-20,2026-01-20 10:54:21+08:00
159721,深证100ETF永赢,1.024,1.0238,-0.02,-0.011,-1.06,1696.0,172652.7,1.034,1.034,1.017,1.035,1.64,0.22,0.52,4.13,601.0,1095.0,-52660.0,-30.5,0.0,0.0,-52660.0,-30.5,50900.0,29.48,1759.0,1.02,100.0,1.022,1.024,77431696.0,79290057,79290057,2026-01-20,2026-01-20 10:54:21+08:00
159839,生物医药ETF汇添富,0.374,0.3738,-0.05,-0.004,-1.06,376565.0,14157219.096,0.379,0.38,0.373,0.378,1.85,1.92,0.9,40.69,125177.0,251388.0,-3168209.0,-22.38,-3733417.0,-26.37,565208.0,3.99,2223467.0,15.71,944742.0,6.67,-700.0,0.374,0.375,1962735168.0,734062953,734062953,2026-01-20,2026-01-20 10:54:09+08:00
515920,智能消费ETF,1.201,1.2041,0.26,-0.013,-1.07,10842.0,1306270.0,1.22,1.22,1.193,1.214,2.22,1.13,1.5,12.91,3067.0,7775.0,-12640.0,-0.97,0.0,0.0,-12640.0,-0.97,11112.0,0.85,1528.0,0.12,6.0,1.2,1.201,95905700.0,115182746,115182746,2026-01-20,2026-01-20 10:54:16+08:00
159997,电子ETF,1.757,1.7596,0.15,-0.019,-1.07,208426.0,36916171.2,1.776,1.792,1.744,1.776,2.7,2.6,2.16,50.28,113751.0,94675.0,1141521.0,3.09,109441.0,0.3,1032080.0,2.8,-1354684.0,-3.67,213164.0,0.58,1.0,1.756,1.757,800306640.0,1406138766,1406138766,2026-01-20,2026-01-20 10:54:18+08:00
561950,500指数增强ETF,1.479,1.4814,0.16,-0.016,-1.07,32038.0,4736476.0,1.505,1.505,1.473,1.495,2.14,2.7,1.19,-41.56,14059.0,17979.0,-92194.0,-1.95,0.0,0.0,-92194.0,-1.95,18327.0,0.39,73867.0,1.56,38.0,1.477,1.479,118656000.0,175492224,175492224,2026-01-20,2026-01-20 10:54:16+08:00
589380,科创AIETF富国,1.572,1.5716,-0.03,-0.017,-1.07,40630.0,6408126.0,1.589,1.603,1.559,1.589,2.77,2.68,0.73,12.36,22154.0,18476.0,-395489.0,-6.17,-1114965.0,-17.4,719476.0,11.23,129325.0,2.02,266165.0,4.15,-313.0,1.572,1.574,151694300.0,238463440,238463440,2026-01-20,2026-01-20 10:54:11+08:00
159615,恒生生物科技ETF南方,1.202,1.2029,0.07,-0.013,-1.07,640965.0,77754690.5,1.216,1.222,1.197,1.215,2.06,14.05,1.5,8.48,305010.0,335955.0,-130096.0,-0.17,-3570885.0,-4.59,3440789.0,4.43,-240399.0,-0.31,370496.0,0.48,-1024.0,1.201,1.203,456054896.0,548177985,548177985,2026-01-20,2026-01-20 10:54:21+08:00
563500,A500ETF华宝,0.645,0.6456,0.09,-0.007,-1.07,259133.0,16766218.0,0.651,0.653,0.642,0.652,1.69,2.58,2.81,7.17,129460.0,129673.0,-112456.0,-0.67,-453608.0,-2.71,341152.0,2.03,59539.0,0.36,52918.0,0.32,-1542.0,0.645,0.646,1005958704.0,648843364,648843364,2026-01-20,2026-01-20 10:54:14+08:00
562590,半导体设备ETF华夏,2.032,2.0345,0.12,-0.022,-1.07,901705.0,184684367.0,2.035,2.069,2.014,2.054,2.68,6.4,1.78,55.96,280924.0,620781.0,-4738267.0,-2.57,11586053.0,6.27,-16324320.0,-8.84,-588530.0,-0.32,5326797.0,2.88,-55.0,2.032,2.033,1408663008.0,2862403232,2862403232,2026-01-20,2026-01-20 10:54:15+08:00
516820,医疗创新ETF,0.37,0.3705,0.13,-0.004,-1.07,772072.0,28739531.0,0.374,0.375,0.37,0.374,1.34,1.67,0.99,12.95,252784.0,519288.0,-2931247.0,-10.2,-6971096.0,-24.26,4039849.0,14.06,2217215.0,7.71,714032.0,2.48,-1344.0,0.37,0.371,4629415168.0,1712883612,1712883612,2026-01-20,2026-01-20 10:54:17+08:00
513980,港股科技50ETF,0.739,0.7401,0.15,-0.008,-1.07,3575241.0,264776811.0,0.744,0.748,0.734,0.747,1.87,1.1,0.94,-3.42,1697616.0,1877625.0,-11980099.0,-4.52,-17296424.0,-6.53,5316325.0,2.01,8292611.0,3.13,3687489.0,1.39,-738.0,0.739,0.74,32372204032.0,23923058780,23923058780,2026-01-20,2026-01-20 10:54:17+08:00
517950,沪深港科技50ETF交银,1.094,1.095,0.09,-0.012,-1.08,176901.0,19422679.0,1.105,1.11,1.088,1.106,1.99,18.6,3.43,13.06,74497.0,102404.0,377928.0,1.95,5655495.0,29.12,-5277567.0,-27.17,-360018.0,-1.85,-17910.0,-0.09,-954.0,1.093,1.094,95123200.0,104064781,104064781,2026-01-20,2026-01-20 10:54:15+08:00
510290,上证380ETF南方,2.661,2.662,0.04,-0.029,-1.08,11176.0,2988648.0,2.666,2.709,2.645,2.69,2.38,1.73,1.9,1.23,5144.0,6032.0,-122052.0,-4.08,0.0,0.0,-122052.0,-4.08,87134.0,2.92,34918.0,1.17,-171.0,2.657,2.665,64448900.0,171498523,171498523,2026-01-20,2026-01-20 10:54:19+08:00
159912,深300ETF汇添富,1.927,1.9265,-0.03,-0.021,-1.08,9717.0,1886667.7,1.952,1.96,1.917,1.948,2.21,1.28,1.99,1.25,5414.0,4303.0,-505169.0,-26.78,0.0,0.0,-505169.0,-26.78,-153551.0,-8.14,658719.0,34.91,-1.0,1.927,1.929,75948991.0,146353706,146353706,2026-01-20,2026-01-20 10:54:21+08:00
589500,科创综指ETF工银,1.468,1.4646,-0.23,-0.016,-1.08,44218.0,6514750.0,1.48,1.497,1.455,1.484,2.83,3.27,1.88,0.63,14363.0,29855.0,309179.0,4.75,788900.0,12.11,-479721.0,-7.36,-287967.0,-4.42,-21212.0,-0.33,-1000.0,1.464,1.465,135064000.0,198273952,198273952,2026-01-20,2026-01-20 10:54:14+08:00
562500,机器人ETF,1.1,1.1003,0.03,-0.012,-1.08,7294293.0,807270904.0,1.112,1.124,1.091,1.112,2.97,3.05,1.23,29.62,2987423.0,4306870.0,-27048691.0,-3.35,-52791059.0,-6.54,25742368.0,3.19,-10688721.0,-1.32,37737403.0,4.68,894.0,1.099,1.1,23891687424.0,26280856166,26280856166,2026-01-20,2026-01-20 10:54:15+08:00
159587,粮食ETF广发,1.373,1.3728,-0.01,-0.015,-1.08,23369.0,3223729.9,1.388,1.415,1.37,1.388,3.24,17.38,2.37,-24.13,12452.0,10917.0,-308044.0,-9.56,-92292.0,-2.86,-215752.0,-6.69,67797.0,2.1,240247.0,7.45,-79.0,1.372,1.374,13447031.0,18462774,18462774,2026-01-20,2026-01-20 10:54:21+08:00
515530,中证500ETF泰康,4.443,4.4643,0.48,-0.049,-1.09,11481.0,5153581.0,4.506,4.523,4.419,4.492,2.32,7.84,2.11,0.04,6051.0,5430.0,253795.0,4.92,6241.0,0.12,247554.0,4.8,74210.0,1.44,-328006.0,-6.36,-8.0,4.437,4.443,14642700.0,65057516,65057516,2026-01-20,2026-01-20 10:54:16+08:00
513560,香港科技ETF,1.361,1.3632,0.16,-0.015,-1.09,377200.0,51496920.0,1.368,1.378,1.352,1.376,1.89,5.09,1.03,-3.8,189401.0,187799.0,35433.0,0.07,375352.0,0.73,-339919.0,-0.66,-1310042.0,-2.54,1274610.0,2.48,-6.0,1.361,1.362,741386000.0,1009026346,1009026346,2026-01-20,2026-01-20 10:54:18+08:00
562600,医疗器械ETF,0.91,0.9105,0.05,-0.01,-1.09,193705.0,17756141.0,0.927,0.927,0.907,0.92,2.17,2.89,0.94,-10.2,97693.0,96012.0,-1112297.0,-6.26,-3923042.0,-22.09,2810745.0,15.83,266859.0,1.5,845437.0,4.76,-15.0,0.91,0.911,669937408.0,609643041,609643041,2026-01-20,2026-01-20 10:54:14+08:00
159582,半导体产业ETF,2.71,2.7043,-0.21,-0.03,-1.09,68208.0,18585562.2,2.736,2.766,2.683,2.74,3.03,5.41,1.05,-74.27,32171.0,36037.0,-3058066.0,-16.45,-1435604.0,-7.72,-1622462.0,-8.73,2154661.0,11.59,903404.0,4.86,-3.0,2.708,2.711,126121621.0,341789593,341789593,2026-01-20,2026-01-20 10:54:24+08:00
159272,机器人ETF富国,0.998,0.9965,-0.15,-0.011,-1.09,739447.0,74205898.087,1.009,1.02,0.991,1.009,2.87,2.94,1.26,44.4,257937.0,481511.0,-14574219.0,-19.64,-19810622.0,-26.7,5236403.0,7.06,8701251.0,11.73,5872968.0,7.91,5.0,0.996,0.998,2512164688.0,2507140359,2507140359,2026-01-20,2026-01-20 10:54:24+08:00
510500,中证500ETF,8.257,8.2759,0.23,-0.091,-1.09,10327795.0,8563008921.0,8.356,8.414,8.201,8.348,2.55,5.99,1.69,36.71,3745015.0,6582780.0,132338000.0,1.55,1342421760.0,15.68,-1210083760.0,-14.13,-186931616.0,-2.18,52959222.0,0.62,-200.0,8.257,8.26,17246168576.0,142401613932,142401613932,2026-01-20,2026-01-20 10:54:18+08:00
589880,科创综指ETF建信,1.454,1.4525,-0.1,-0.016,-1.09,98388.0,14349071.0,1.48,1.483,1.444,1.47,2.65,2.52,1.9,-2.63,49648.0,48740.0,1082374.0,7.54,-102622.0,-0.72,1184996.0,8.26,-1015177.0,-7.07,-67196.0,-0.47,-298.0,1.45,1.452,389996000.0,567054184,567054184,2026-01-20,2026-01-20 10:54:12+08:00
516520,智能驾驶ETF,1.364,1.3648,0.06,-0.015,-1.09,592363.0,81538378.0,1.374,1.389,1.354,1.379,2.54,6.78,0.96,12.02,180331.0,412032.0,-4649630.0,-5.71,4865769.0,5.97,-9515399.0,-11.68,-1118788.0,-1.37,5768418.0,7.08,-713.0,1.364,1.365,873765504.0,1191816147,1191816147,2026-01-20,2026-01-20 10:54:16+08:00
159130,恒生生物科技ETF鹏华,0.986,0.991,0.5,-0.011,-1.1,143026.0,14219779.657,0.995,1.002,0.982,0.997,2.01,4.49,0.81,-24.55,63085.0,79941.0,264276.0,1.86,1500408.0,10.55,-1236132.0,-8.69,-263159.0,-1.85,-1117.0,-0.01,-338.0,0.985,0.986,318389472.0,313932019,313932019,2026-01-20,2026-01-20 10:54:18+08:00
588280,科创50ETF指数基金,1.078,1.0775,-0.05,-0.012,-1.1,221477.0,24091512.0,1.09,1.104,1.071,1.09,3.03,5.89,2.15,-0.74,89333.0,132144.0,-1051165.0,-4.36,-2344650.0,-9.73,1293485.0,5.37,555060.0,2.3,496105.0,2.06,-500.0,1.077,1.081,376121008.0,405458447,405458447,2026-01-20,2026-01-20 10:54:13+08:00
159849,生物科技指数ETF,0.537,0.5361,-0.17,-0.006,-1.1,19312.0,1038493.9,0.543,0.545,0.535,0.543,1.84,1.29,0.65,3.95,7017.0,12295.0,-228267.0,-21.98,2364.0,0.23,-230631.0,-22.21,149682.0,14.41,78584.0,7.57,1000.0,0.536,0.537,149372396.0,80212977,80212977,2026-01-20,2026-01-20 10:54:15+08:00
588940,科创50ETF富国,1.533,1.5301,-0.19,-0.017,-1.1,111334.0,17214920.0,1.55,1.566,1.521,1.55,2.9,3.62,1.5,-1.06,53333.0,58001.0,-38195.0,-0.22,-335590.0,-1.95,297395.0,1.73,-708599.0,-4.12,746794.0,4.34,8.0,1.531,1.533,307420000.0,471274860,471274860,2026-01-20,2026-01-20 10:54:13+08:00
588040,科创50ETF鹏华,1.524,1.5246,0.04,-0.017,-1.1,45107.0,6919904.0,1.538,1.558,1.514,1.541,2.86,5.13,1.0,-1.44,18176.0,26931.0,-489655.0,-7.08,0.0,0.0,-489655.0,-7.08,-61653.0,-0.89,551308.0,7.97,2.0,1.522,1.525,87889000.0,133942836,133942836,2026-01-20,2026-01-20 10:54:13+08:00
159216,深证100ETF大成,1.426,1.4277,0.12,-0.016,-1.11,20241.0,2885263.6,1.44,1.44,1.419,1.442,1.46,18.32,1.36,0.59,12020.0,8221.0,-43746.0,-1.52,0.0,0.0,-43746.0,-1.52,26526.0,0.92,17220.0,0.6,-2000.0,1.426,1.427,11048250.0,15754805,15754805,2026-01-20,2026-01-20 10:54:24+08:00
159567,港股创新药ETF,0.799,0.8014,0.3,-0.009,-1.11,10064030.0,809351540.672,0.805,0.813,0.795,0.808,2.23,9.68,1.57,13.89,3959648.0,6104382.0,-23580986.0,-2.91,11169840.0,1.38,-34750826.0,-4.29,9661210.0,1.19,13919780.0,1.72,23.0,0.798,0.799,10398729728.0,8308585053,8308585053,2026-01-20,2026-01-20 10:54:24+08:00
588080,科创50ETF易方达,1.519,1.5195,0.03,-0.017,-1.11,21280982.0,3269946700.0,1.535,1.554,1.508,1.536,2.99,6.61,1.28,75.4,10312422.0,10968559.0,-2847712.0,-0.09,-39700928.0,-1.21,36853216.0,1.13,7435719.0,0.23,-4588005.0,-0.14,12965.0,1.519,1.52,32176628224.0,48876298272,48876298272,2026-01-20,2026-01-20 10:54:15+08:00
516790,医疗ETF华泰柏瑞,0.622,0.6227,0.11,-0.007,-1.11,9307.0,581490.0,0.631,0.632,0.619,0.629,2.07,0.55,0.41,-1.54,3592.0,5715.0,-46753.0,-8.04,-84117.0,-14.47,37364.0,6.43,-48955.0,-8.42,95708.0,16.46,-60.0,0.622,0.623,169682200.0,105542328,105542328,2026-01-20,2026-01-20 10:54:18+08:00
589850,科创50ETF东财,1.42,1.4206,0.04,-0.016,-1.11,211304.0,30308426.0,1.435,1.454,1.412,1.436,2.92,5.4,1.25,-21.58,96016.0,115288.0,-773370.0,-2.55,-1092765.0,-3.61,319395.0,1.05,-876660.0,-2.89,1650030.0,5.44,-152.0,1.421,1.423,391057008.0,555300951,555300951,2026-01-20,2026-01-20 10:54:12+08:00
159563,创业板综ETF华夏,1.849,1.8461,-0.16,-0.021,-1.12,8618.0,1618465.6,1.891,2.242,1.837,1.87,21.66,4.03,2.01,-76.85,1505.0,7113.0,-692336.0,-42.78,-802287.0,-49.57,109951.0,6.79,476098.0,29.42,216240.0,13.36,-55.0,1.845,1.847,21360773.0,39496069,39496069,2026-01-20,2026-01-20 10:54:21+08:00
159327,半导体设备ETF万家,2.297,2.2997,0.12,-0.026,-1.12,201573.0,46557409.5,2.311,2.339,2.276,2.323,2.71,4.16,1.25,51.03,95390.0,106183.0,-6301995.0,-13.54,-1606611.0,-3.45,-4695384.0,-10.09,3194249.0,6.86,3107745.0,6.68,-109.0,2.297,2.298,484524704.0,1112953245,1112953245,2026-01-20,2026-01-20 10:54:24+08:00
159877,医疗ETF南方,0.616,0.6169,0.15,-0.007,-1.12,12430.0,771750.0,0.623,0.623,0.615,0.623,1.28,0.67,0.45,4.97,961.0,11469.0,200627.0,26.0,-3191.0,-0.41,203818.0,26.41,-126798.0,-16.43,-73830.0,-9.57,-6.0,0.616,0.618,186792292.0,115064052,115064052,2026-01-20,2026-01-20 10:54:18+08:00
512500,中证500ETF华夏,4.574,4.5794,0.12,-0.052,-1.12,278948.0,128302960.0,4.626,4.66,4.547,4.626,2.44,0.62,1.04,-6.79,115135.0,163813.0,-8697232.0,-6.79,-23580136.0,-18.42,14882904.0,11.63,6373648.0,4.98,2323584.0,1.82,-670.0,4.574,4.575,4506408704.0,20612313412,20612313412,2026-01-20,2026-01-20 10:54:19+08:00
159969,深100ETF银华,1.502,1.5026,0.04,-0.017,-1.12,7130.0,1081101.2,1.518,1.518,1.493,1.519,1.65,3.77,0.66,-0.33,1480.0,5650.0,-239499.0,-22.15,0.0,0.0,-239499.0,-22.15,147618.0,13.65,91882.0,8.5,-3.0,1.499,1.502,18903014.0,28392327,28392327,2026-01-20,2026-01-20 10:54:18+08:00
517380,创新药ETF天弘,0.796,0.7929,-0.39,-0.009,-1.12,344283.0,27444501.0,0.799,0.806,0.792,0.805,1.74,1.5,1.35,31.05,133001.0,211282.0,-4633668.0,-16.88,-5004243.0,-18.23,370575.0,1.35,2692607.0,9.81,1941059.0,7.07,11.0,0.795,0.796,2288326304.0,1821507738,1821507738,2026-01-20,2026-01-20 10:54:15+08:00
159219,深证100ETF融通,1.324,1.3251,0.08,-0.015,-1.12,21558.0,2852819.0,1.338,1.339,1.319,1.339,1.49,5.34,9.27,-8.49,9802.0,11756.0,19758.0,0.69,0.0,0.0,19758.0,0.69,0.0,0.0,-19757.0,-0.69,1731.0,1.325,1.326,40388018.0,53473736,53473736,2026-01-20,2026-01-20 10:54:21+08:00
159295,创业综指ETF西部利得,1.055,1.0533,-0.16,-0.012,-1.12,24485.0,2587064.484,1.058,1.07,1.048,1.067,2.06,1.27,0.54,15.97,10476.0,14009.0,-124107.0,-4.8,0.0,0.0,-124107.0,-4.8,103092.0,3.98,21015.0,0.81,1000.0,1.054,1.055,192958239.0,203570942,203570942,2026-01-20,2026-01-20 10:54:24+08:00
515950,医药龙头ETF,0.959,0.9585,-0.05,-0.011,-1.13,74306.0,7158350.0,0.971,0.971,0.956,0.97,1.55,1.44,1.25,13.33,23391.0,50915.0,-313634.0,-4.38,-1637744.0,-22.88,1324110.0,18.5,585316.0,8.18,-271681.0,-3.8,10.0,0.958,0.959,516200608.0,495036383,495036383,2026-01-20,2026-01-20 10:54:16+08:00
159558,半导体设备ETF易方达,2.268,2.2616,-0.28,-0.026,-1.13,713724.0,162563442.51,2.269,2.305,2.244,2.294,2.66,3.78,1.09,-1.11,271700.0,442024.0,-18631428.0,-11.46,-3929634.0,-2.42,-14701794.0,-9.04,8070964.0,4.96,10560464.0,6.5,131.0,2.267,2.268,1887854640.0,4281654324,4281654324,2026-01-20,2026-01-20 10:54:24+08:00
520980,港股通科技30ETF,1.137,1.1337,-0.29,-0.013,-1.13,1823381.0,207958682.0,1.146,1.153,1.128,1.15,2.17,4.03,1.41,1.09,854981.0,968400.0,-15794726.0,-7.6,-29205804.0,-14.04,13411078.0,6.45,13440405.0,6.46,2354321.0,1.13,10.0,1.136,1.137,4529387008.0,5149913028,5149913028,2026-01-20,2026-01-20 10:54:14+08:00
588000,科创50ETF,1.568,1.5689,0.06,-0.018,-1.13,20881424.0,3298948472.0,1.585,1.605,1.558,1.586,2.96,3.93,1.51,44.66,8167521.0,12713903.0,-106658304.0,-3.23,-53143920.0,-1.61,-53514384.0,-1.62,-2446720.0,-0.07,109125407.0,3.31,-1336.0,1.568,1.569,53098168320.0,83257927926,83257927926,2026-01-20,2026-01-20 10:54:15+08:00
159258,机器人ETF南方,1.228,1.2298,0.15,-0.014,-1.13,323575.0,40053743.7,1.243,1.256,1.222,1.242,2.74,2.08,1.83,32.88,60350.0,263225.0,-123007.0,-0.31,924802.0,2.31,-1047809.0,-2.62,-339795.0,-0.85,462802.0,1.16,-10.0,1.228,1.229,1555265664.0,1909866235,1909866235,2026-01-20,2026-01-20 10:54:24+08:00
159837,生物科技ETF易方达,0.52,0.52,0.0,-0.006,-1.14,433865.0,22660566.206,0.526,0.528,0.518,0.526,1.9,1.68,1.11,28.14,121058.0,312807.0,-381770.0,-1.68,-2689700.0,-11.87,2307930.0,10.18,602833.0,2.66,-221064.0,-0.98,-100.0,0.52,0.521,2575152832.0,1339079473,1339079473,2026-01-20,2026-01-20 10:54:21+08:00
159556,中证2000ETF增强,1.302,1.3062,0.32,-0.015,-1.14,10477.0,1381580.0,1.379,1.379,1.302,1.317,5.85,6.73,1.3,-6.22,2512.0,7965.0,-40608.0,-2.94,0.0,0.0,-40608.0,-2.94,-9089.0,-0.66,49697.0,3.6,906.0,1.303,1.306,15556089.0,20254028,20254028,2026-01-20,2026-01-20 10:54:18+08:00
588930,科创板人工智能ETF,1.738,1.7394,0.08,-0.02,-1.14,479521.0,83889080.0,1.767,1.773,1.723,1.758,2.84,4.52,1.14,-4.32,220018.0,259503.0,-4185609.0,-4.99,-1119187.0,-1.33,-3066422.0,-3.66,491934.0,0.59,3693676.0,4.4,-113.0,1.738,1.74,1061329008.0,1844589816,1844589816,2026-01-20,2026-01-20 10:54:12+08:00
563750,中证500ETF汇添富,1.127,1.1286,0.14,-0.013,-1.14,119557.0,13507570.0,1.14,1.15,1.118,1.14,2.81,2.99,2.6,-3.16,46593.0,72964.0,-1818777.0,-13.46,-938346.0,-6.95,-880431.0,-6.52,1574161.0,11.65,244617.0,1.81,-9.0,1.125,1.127,399737008.0,450503608,450503608,2026-01-20,2026-01-20 10:54:14+08:00
560630,机器人ETF万家,1.211,1.2126,0.13,-0.014,-1.14,157971.0,19178057.0,1.225,1.239,1.203,1.225,2.94,6.95,2.04,27.82,54601.0,103370.0,1796023.0,9.36,6041945.0,31.5,-4245922.0,-22.14,-2042222.0,-10.65,246199.0,1.28,50.0,1.21,1.211,227394000.0,275374134,275374134,2026-01-20,2026-01-20 10:54:15+08:00
159211,深证100ETF富国,1.388,1.3894,0.1,-0.016,-1.14,3944.0,550584.3,1.404,1.404,1.383,1.404,1.5,1.67,0.85,-2.43,997.0,2947.0,207975.0,37.77,0.0,0.0,207975.0,37.77,-191432.0,-34.77,-16542.0,-3.0,-1.0,1.388,1.39,23683294.0,32872412,32872412,2026-01-20,2026-01-20 10:54:27+08:00
517520,黄金股ETF,2.35,2.3344,-0.67,-0.027,-1.14,784469.0,184010868.0,2.386,2.389,2.308,2.377,3.41,1.28,1.04,-45.12,338067.0,446403.0,-43887629.0,-23.85,-24772813.0,-13.46,-19114816.0,-10.39,14146462.0,7.69,29741167.0,16.16,-159.0,2.349,2.35,6147404032.0,14446399475,14446399475,2026-01-20,2026-01-20 10:54:15+08:00
561220,数字经济ETF工银,1.561,1.5596,-0.09,-0.018,-1.14,60860.0,9575475.0,1.576,1.596,1.545,1.579,3.23,4.52,1.81,0.06,44668.0,16192.0,396479.0,4.14,4508003.0,47.08,-4111524.0,-42.94,-432337.0,-4.52,35858.0,0.37,100.0,1.557,1.559,134553000.0,210037233,210037233,2026-01-20,2026-01-20 10:54:15+08:00
520860,港股通科技ETF富国,0.958,0.9601,0.22,-0.011,-1.14,76492.0,7334363.0,0.966,0.971,0.951,0.969,2.06,0.98,0.88,-1.04,36022.0,40470.0,-618602.0,-8.43,-1563335.0,-21.32,944733.0,12.88,289561.0,3.95,329042.0,4.49,-6.0,0.957,0.958,779195008.0,746468818,746468818,2026-01-20,2026-01-20 10:54:16+08:00
159586,计算机ETF南方,1.478,1.4776,-0.03,-0.017,-1.14,100476.0,14936701.3,1.498,1.51,1.463,1.495,3.14,2.7,0.51,49.86,22968.0,77508.0,1356753.0,9.08,5828562.0,39.02,-4471809.0,-29.94,-1622464.0,-10.86,265711.0,1.78,-10.0,1.477,1.478,372025920.0,549854310,549854310,2026-01-20,2026-01-20 10:54:24+08:00
515350,民生加银300ETF,6.257,6.3029,0.73,-0.073,-1.15,3704.0,2330946.0,6.304,6.336,6.257,6.33,1.25,2.57,1.72,46.06,2485.0,1219.0,-1210085.0,-51.91,0.0,0.0,-1210085.0,-51.91,725413.0,31.12,484672.0,20.79,-800.0,6.279,6.31,14399200.0,90095794,90095794,2026-01-20,2026-01-20 10:54:18+08:00
516610,医疗服务ETF大成,0.516,0.5162,0.04,-0.006,-1.15,45691.0,2364381.0,0.521,0.523,0.514,0.522,1.72,2.66,0.69,5.49,11573.0,34118.0,-119509.0,-5.05,-165104.0,-6.98,45595.0,1.93,10890.0,0.46,108619.0,4.59,-19.0,0.516,0.517,171974800.0,88738997,88738997,2026-01-20,2026-01-20 10:54:18+08:00
510580,中证500ETF易方达,4.225,4.23,0.12,-0.049,-1.15,97050.0,41161386.0,4.277,4.316,4.196,4.274,2.81,1.2,1.47,-6.81,55392.0,41658.0,-5991831.0,-14.56,-4230125.0,-10.28,-1761706.0,-4.28,2624584.0,6.38,3367246.0,8.18,5.0,4.224,4.227,808568304.0,3416201084,3416201084,2026-01-20,2026-01-20 10:54:19+08:00
159366,港股医疗ETF,1.55,1.5501,0.01,-0.018,-1.15,619763.0,96941873.5,1.574,1.581,1.545,1.568,2.3,22.27,0.82,-10.14,313123.0,306640.0,-4881849.0,-5.04,-7382384.0,-7.62,2500535.0,2.58,1109677.0,1.14,3772171.0,3.89,11.0,1.549,1.55,278333072.0,431416262,431416262,2026-01-20,2026-01-20 10:54:24+08:00
563030,中证500增强ETF易方达,1.458,1.4572,-0.05,-0.017,-1.15,5226.0,764335.0,1.475,1.478,1.45,1.475,1.9,0.55,1.03,16.92,2358.0,2868.0,-27474.0,-3.59,0.0,0.0,-27474.0,-3.59,72638.0,9.5,-45164.0,-5.91,-183.0,1.457,1.46,94169000.0,137298402,137298402,2026-01-20,2026-01-20 10:54:15+08:00
517350,沪港深科技ETF广发,0.944,0.946,0.21,-0.011,-1.15,5059.0,479668.0,0.945,0.966,0.937,0.955,3.04,0.59,0.78,1.48,2093.0,2966.0,86342.0,18.0,0.0,0.0,86342.0,18.0,-160561.0,-33.47,74219.0,15.47,-7.0,0.944,0.945,85042000.0,80279648,80279648,2026-01-20,2026-01-20 10:54:15+08:00
159679,中证1000增强ETF,1.379,1.3756,-0.25,-0.016,-1.15,76215.0,10678245.9,1.404,1.407,1.375,1.395,2.29,13.78,4.82,5.6,24195.0,52020.0,117926.0,1.1,1298013.0,12.16,-1180087.0,-11.05,-219555.0,-2.06,101630.0,0.95,31.0,1.378,1.38,55289156.0,76243746,76243746,2026-01-20,2026-01-20 10:54:18+08:00
516060,创新药产业ETF,0.596,0.5948,-0.2,-0.007,-1.16,79586.0,4758971.0,0.604,0.604,0.594,0.603,1.66,2.99,1.54,22.74,15515.0,64071.0,-408628.0,-8.59,-2231440.0,-46.89,1822812.0,38.3,179952.0,3.78,228676.0,4.81,100.0,0.595,0.597,266237400.0,158677490,158677490,2026-01-20,2026-01-20 10:54:17+08:00
515190,中证500ETF中银证券,1.704,1.7053,0.08,-0.02,-1.16,8551.0,1456911.0,1.733,1.733,1.69,1.724,2.49,0.24,0.77,18.8,1070.0,7481.0,44716.0,3.07,0.0,0.0,44716.0,3.07,-100802.0,-6.92,56085.0,3.85,1.0,1.698,1.704,349466096.0,595490228,595490228,2026-01-20,2026-01-20 10:54:15+08:00
589890,科创综指ETF景顺,1.444,1.4432,-0.06,-0.017,-1.16,96300.0,14090459.0,1.473,1.473,1.435,1.461,2.6,3.01,2.71,1.69,46400.0,49900.0,-9566.0,-0.07,2049400.0,14.54,-2058966.0,-14.61,-113474.0,-0.81,123040.0,0.87,-17.0,1.443,1.444,319987008.0,462061240,462061240,2026-01-20,2026-01-20 10:54:12+08:00
159901,深证100ETF易方达,3.49,3.4929,0.08,-0.041,-1.16,511084.0,179235343.746,3.53,3.536,3.47,3.531,1.87,2.61,1.67,3.61,304919.0,206165.0,-3044727.0,-1.7,2608362.0,1.46,-5653089.0,-3.15,-3990966.0,-2.23,7035693.0,3.93,-3.0,3.49,3.491,1958534928.0,6835286899,6835286899,2026-01-20,2026-01-20 10:54:21+08:00
159290,创业板综指增强ETF东财,1.106,1.1079,0.17,-0.013,-1.16,50571.0,5607198.812,1.118,1.125,1.103,1.119,1.97,5.1,3.5,56.23,9423.0,41148.0,585291.0,10.44,2853291.0,50.89,-2268000.0,-40.45,-631587.0,-11.26,46294.0,0.83,-1006.0,1.103,1.115,99100396.0,109605038,109605038,2026-01-20,2026-01-20 10:54:09+08:00
159907,2000ETF,1.112,1.1113,-0.06,-0.013,-1.16,48001.0,5361414.6,1.12,1.128,1.105,1.125,2.04,2.98,1.13,0.04,22673.0,25328.0,-218975.0,-4.08,0.0,0.0,-218975.0,-4.08,160128.0,2.99,58847.0,1.1,-50.0,1.111,1.112,161197694.0,179251836,179251836,2026-01-20,2026-01-20 10:54:21+08:00
562520,中证1000成长ETF,1.446,1.4491,0.21,-0.017,-1.16,25657.0,3735588.0,1.473,1.473,1.437,1.463,2.46,6.32,2.16,0.74,7883.0,17774.0,410953.0,11.0,0.0,0.0,410953.0,11.0,-358153.0,-9.59,-52800.0,-1.41,-87.0,1.443,1.447,40568000.0,58661328,58661328,2026-01-20,2026-01-20 10:54:15+08:00
588050,科创ETF,1.531,1.5324,0.09,-0.018,-1.16,1263655.0,194809963.0,1.548,1.567,1.522,1.549,2.91,1.64,1.26,2.93,531173.0,732482.0,-11391289.0,-5.85,-7922282.0,-4.07,-3469007.0,-1.78,5481368.0,2.81,5909921.0,3.03,-2724.0,1.531,1.532,7713241344.0,11808972498,11808972498,2026-01-20,2026-01-20 10:54:15+08:00
159323,港股通汽车ETF,1.28,1.2853,0.41,-0.015,-1.16,346946.0,44528599.968,1.292,1.293,1.273,1.295,1.54,30.41,0.88,2.13,142430.0,204516.0,-201784.0,-0.45,-415021.0,-0.93,213237.0,0.48,62440.0,0.14,139344.0,0.31,-1005.0,1.28,1.281,114097378.0,146044644,146044644,2026-01-20,2026-01-20 10:54:24+08:00
588870,科创50ETF汇添富,1.517,1.5183,0.09,-0.018,-1.17,244518.0,37306689.0,1.535,1.553,1.508,1.535,2.93,6.18,1.55,-5.16,117007.0,127511.0,-1628813.0,-4.37,79176.0,0.21,-1707989.0,-4.58,-258531.0,-0.69,1887345.0,5.06,-10.0,1.517,1.519,395552000.0,600052384,600052384,2026-01-20,2026-01-20 10:54:14+08:00
159536,中证2000ETF汇添富,1.517,1.5172,0.01,-0.018,-1.17,106017.0,16177575.2,1.537,1.545,1.51,1.535,2.28,27.0,2.93,0.3,43233.0,62784.0,-2010625.0,-12.43,1000195.0,6.18,-3010820.0,-18.61,1841282.0,11.38,169345.0,1.05,666.0,1.518,1.519,39261589.0,59559831,59559831,2026-01-20,2026-01-20 10:54:18+08:00
588670,科创综指增强ETF,1.606,1.6049,-0.07,-0.019,-1.17,12060.0,1942186.0,1.634,1.64,1.593,1.625,2.89,2.33,1.07,-0.9,6239.0,5821.0,-23544.0,-1.21,0.0,0.0,-23544.0,-1.21,9721.0,0.5,13823.0,0.71,1.0,1.602,1.606,51792000.0,83177952,83177952,2026-01-20,2026-01-20 10:54:14+08:00
563210,专精特新ETF,1.768,1.7643,-0.21,-0.021,-1.17,116626.0,20701252.0,1.768,1.795,1.752,1.789,2.4,10.79,1.67,-7.83,46880.0,69746.0,33765.0,0.16,-1028643.0,-4.97,1062408.0,5.13,-1907638.0,-9.22,1873873.0,9.05,1.0,1.764,1.768,108067000.0,191062456,191062456,2026-01-20,2026-01-20 10:54:15+08:00
159869,游戏ETF,1.61,1.6111,0.07,-0.019,-1.17,2895449.0,469367462.758,1.637,1.657,1.593,1.629,3.93,3.29,1.0,48.77,1449467.0,1445982.0,-11215145.0,-2.39,31719119.0,6.76,-42934264.0,-9.15,-2797846.0,-0.6,14012990.0,2.99,-44.0,1.61,1.612,8804082176.0,14174572303,14174572303,2026-01-20,2026-01-20 10:54:21+08:00
513280,恒生生物科技ETF,1.179,1.1815,0.21,-0.014,-1.17,450593.0,53572238.0,1.188,1.201,1.174,1.193,2.26,10.78,1.33,21.54,216417.0,234176.0,-1021355.0,-1.91,-466921.0,-0.87,-554434.0,-1.03,92837.0,0.17,928519.0,1.73,-1387.0,1.179,1.18,418114496.0,492956991,492956991,2026-01-20,2026-01-20 10:54:18+08:00
159203,大盘成长ETF,1.354,1.3532,-0.06,-0.016,-1.17,6444.0,874531.0,1.363,1.363,1.347,1.37,1.17,8.27,5.74,-8.27,6097.0,347.0,-56382.0,-6.45,0.0,0.0,-56382.0,-6.45,-21806.0,-2.49,78188.0,8.94,1.0,1.352,1.355,7791913.0,10550250,10550250,2026-01-20,2026-01-20 10:54:24+08:00
560550,碳中和ETF广发,1.087,1.0869,-0.01,-0.013,-1.18,6692.0,730473.0,1.106,1.108,1.082,1.1,2.36,0.34,0.41,7.51,3733.0,2959.0,-28547.0,-3.91,322765.0,44.19,-351312.0,-48.09,-14983.0,-2.05,43529.0,5.96,-9.0,1.086,1.088,199597400.0,216962374,216962374,2026-01-20,2026-01-20 10:54:14+08:00
516770,游戏ETF华泰柏瑞,1.67,1.6713,0.08,-0.02,-1.18,87819.0,14791412.0,1.699,1.717,1.652,1.69,3.85,3.74,1.11,-4.88,44625.0,43194.0,77661.0,0.53,0.0,0.0,77661.0,0.53,-589686.0,-3.99,512025.0,3.46,-36.0,1.669,1.671,235048000.0,392530160,392530160,2026-01-20,2026-01-20 10:54:15+08:00
589150,科创50ETF平安,1.09,1.0873,-0.25,-0.013,-1.18,54727.0,5997572.0,1.104,1.114,1.084,1.103,2.72,5.19,1.04,10.39,18415.0,36312.0,-554861.0,-9.25,-550604.0,-9.18,-4257.0,-0.07,335352.0,5.59,219508.0,3.66,-114.0,1.086,1.09,105437200.0,114926548,114926548,2026-01-20,2026-01-20 10:54:12+08:00
159576,深证100ETF广发,1.504,1.5041,0.01,-0.018,-1.18,8357.0,1257469.6,1.52,1.52,1.494,1.522,1.71,1.92,0.55,8.15,1960.0,6397.0,244203.0,19.42,0.0,0.0,244203.0,19.42,16234.0,1.29,-260437.0,-20.71,155.0,1.502,1.503,43509612.0,65438456,65438456,2026-01-20,2026-01-20 10:54:24+08:00
562990,碳中和ETF易方达,1.088,1.0879,-0.01,-0.013,-1.18,100985.0,11050631.0,1.101,1.109,1.082,1.101,2.45,1.93,1.77,11.98,37856.0,63129.0,2623983.0,23.75,2730928.0,24.71,-106945.0,-0.97,-1243506.0,-11.25,-1380477.0,-12.49,-911.0,1.087,1.088,523756000.0,569846528,569846528,2026-01-20,2026-01-20 10:54:15+08:00
516010,游戏ETF,1.598,1.5997,0.11,-0.019,-1.18,936158.0,150214300.0,1.622,1.644,1.58,1.617,3.96,4.24,1.05,27.7,550331.0,385827.0,13851658.0,9.22,42971496.0,28.61,-29119838.0,-19.39,-18564536.0,-12.36,4712878.0,3.14,49.0,1.596,1.599,2207693008.0,3527893427,3527893427,2026-01-20,2026-01-20 10:54:16+08:00
159639,碳中和ETF南方,1.086,1.0861,0.01,-0.013,-1.18,56839.0,6202876.53,1.099,1.106,1.081,1.099,2.27,1.86,1.58,7.16,22343.0,34496.0,-108619.0,-1.75,474203.0,7.64,-582822.0,-9.4,34098.0,0.55,74521.0,1.2,-6000.0,1.086,1.087,305290176.0,331545131,331545131,2026-01-20,2026-01-20 10:54:24+08:00
159508,生物医药ETF基金,0.835,0.8335,-0.18,-0.01,-1.18,11866.0,992363.9,0.845,0.846,0.832,0.845,1.66,2.16,0.55,4.4,4054.0,7812.0,-101399.0,-10.22,-106920.0,-10.77,5521.0,0.56,-16049.0,-1.62,117448.0,11.84,-3.0,0.834,0.835,55031598.0,45951384,45951384,2026-01-20,2026-01-20 10:54:24+08:00
159633,中证1000ETF易方达,3.422,3.4274,0.16,-0.041,-1.18,153325.0,52623641.937,3.45,3.484,3.402,3.463,2.37,3.09,1.19,35.4,54030.0,99295.0,8209779.0,15.6,11091706.0,21.08,-2881927.0,-5.48,-9018169.0,-17.14,808390.0,1.54,19.0,3.423,3.424,496162656.0,1697868609,1697868609,2026-01-20,2026-01-20 10:54:24+08:00
561190,碳中和ETF富国,1.093,1.0924,-0.05,-0.013,-1.18,36331.0,3983042.0,1.104,1.112,1.087,1.106,2.26,1.26,1.09,5.19,13531.0,22800.0,608258.0,15.27,144966.0,3.64,463292.0,11.63,-636693.0,-15.99,28434.0,0.71,274.0,1.092,1.093,287318000.0,314038574,314038574,2026-01-20,2026-01-20 10:54:14+08:00
159212,深100ETF南方,1.407,1.4074,0.03,-0.017,-1.19,101595.0,14322566.609,1.424,1.424,1.399,1.424,1.76,10.9,1.18,24.86,56644.0,44951.0,-618110.0,-4.32,-1918634.0,-13.4,1300524.0,9.08,436079.0,3.04,182033.0,1.27,-2000.0,1.406,1.408,93204367.0,131138544,131138544,2026-01-20,2026-01-20 10:54:27+08:00
589990,科创综指ETF华泰柏瑞,1.499,1.499,0.0,-0.018,-1.19,51648.0,7794266.0,1.515,1.53,1.489,1.517,2.7,3.63,2.41,6.32,13791.0,37857.0,-896774.0,-11.51,722437.0,9.27,-1619211.0,-20.77,107076.0,1.37,789699.0,10.13,-5.0,1.496,1.498,142090000.0,212992910,212992910,2026-01-20,2026-01-20 10:54:12+08:00
515590,500等权ETF,1.992,2.0012,0.46,-0.024,-1.19,8495.0,1703743.0,2.015,2.02,1.988,2.016,1.59,2.23,2.29,-0.43,610.0,7885.0,-119453.0,-7.01,0.0,0.0,-119453.0,-7.01,92949.0,5.46,26504.0,1.56,5.0,1.994,2.0,38113700.0,75922490,75922490,2026-01-20,2026-01-20 10:54:18+08:00
159530,机器人ETF易方达,1.665,1.6644,-0.04,-0.02,-1.19,3907178.0,656134464.903,1.685,1.706,1.656,1.685,2.97,3.78,1.72,30.25,1810480.0,2096698.0,-62965418.0,-9.6,-48036154.0,-7.32,-14929264.0,-2.28,27517670.0,4.19,35447743.0,5.4,-335.0,1.665,1.666,10337613056.0,17212125738,17212125738,2026-01-20,2026-01-20 10:54:24+08:00
159898,医疗器械指数ETF,0.574,0.5749,0.16,-0.007,-1.2,323015.0,18610856.646,0.581,0.583,0.572,0.581,1.89,2.12,0.96,66.14,79756.0,243259.0,4706366.0,25.29,4535269.0,24.37,171097.0,0.92,-5329500.0,-28.64,623133.0,3.35,5.0,0.573,0.574,1524098832.0,874832730,874832730,2026-01-20,2026-01-20 10:54:21+08:00
515550,国联中证500ETF,1.809,1.8211,0.66,-0.022,-1.2,781.0,141754.0,1.83,1.83,1.801,1.831,1.58,0.75,0.52,8.1,273.0,508.0,-36019.0,-25.41,0.0,0.0,-36019.0,-25.41,32448.0,22.89,3570.0,2.52,3.0,1.809,1.827,10345700.0,18715371,18715371,2026-01-20,2026-01-20 10:54:17+08:00
159565,汽车零部件ETF易方达,1.727,1.7263,-0.04,-0.021,-1.2,127515.0,22158345.4,1.747,1.764,1.715,1.748,2.8,6.49,1.27,51.18,59059.0,68456.0,-1840529.0,-8.31,-468080.0,-2.11,-1372449.0,-6.19,1484529.0,6.7,356000.0,1.61,250.0,1.726,1.727,196627231.0,339575228,339575228,2026-01-20,2026-01-20 10:54:21+08:00
513020,港股科技ETF,1.151,1.1528,0.16,-0.014,-1.2,986879.0,113862828.0,1.16,1.165,1.143,1.165,1.89,2.37,1.43,-31.21,421159.0,565720.0,-1957746.0,-1.72,-6867483.0,-6.03,4909737.0,4.31,-647788.0,-0.57,2605533.0,2.29,2.0,1.15,1.151,4165145408.0,4794082365,4794082365,2026-01-20,2026-01-20 10:54:18+08:00
159698,粮食ETF,1.069,1.0679,-0.1,-0.013,-1.2,63658.0,6844822.977,1.08,1.082,1.067,1.082,1.39,5.05,2.17,11.47,32093.0,31565.0,-1656998.0,-24.21,474365.0,6.93,-2131363.0,-31.14,1621812.0,23.69,35186.0,0.51,2.0,1.068,1.069,125944378.0,134634540,134634540,2026-01-20,2026-01-20 10:54:21+08:00
520970,港股通创新药ETF嘉实,0.906,0.9078,0.2,-0.011,-1.2,460214.0,42050729.0,0.913,0.922,0.901,0.917,2.29,3.82,1.55,6.67,202380.0,257834.0,-1931580.0,-4.59,-1956342.0,-4.65,24762.0,0.06,893213.0,2.12,1038368.0,2.47,4.0,0.905,0.906,1204358000.0,1091148348,1091148348,2026-01-20,2026-01-20 10:54:15+08:00
510770,G60创新ETF,0.824,0.8228,-0.15,-0.01,-1.2,15072.0,1250236.0,0.836,0.842,0.816,0.834,3.12,7.49,1.19,-13.39,6811.0,8261.0,-305084.0,-24.4,234758.0,18.78,-539842.0,-43.18,233647.0,18.69,71436.0,5.71,-2797.0,0.821,0.826,20110700.0,16571217,16571217,2026-01-20,2026-01-20 10:54:19+08:00
516590,智能汽车ETF易方达,1.322,1.3222,0.02,-0.016,-1.2,9100.0,1212188.0,1.345,1.35,1.314,1.338,2.69,1.42,0.75,10.7,1073.0,8027.0,653351.0,53.9,0.0,0.0,653351.0,53.9,-365274.0,-30.13,-288077.0,-23.77,-1.0,1.321,1.323,64015000.0,84627830,84627830,2026-01-20,2026-01-20 10:54:16+08:00
159751,港股通科技ETF鹏华,1.066,1.0662,0.02,-0.013,-1.2,235459.0,25184692.724,1.076,1.079,1.061,1.079,1.67,1.94,0.75,11.23,103225.0,132234.0,-3003338.0,-11.93,-782049.0,-3.11,-2221289.0,-8.82,816745.0,3.24,2186593.0,8.68,-100.0,1.066,1.067,1215629632.0,1295861188,1295861188,2026-01-20,2026-01-20 10:54:21+08:00
159139,科创创业人工智能ETF华泰柏瑞,1.141,1.1387,-0.2,-0.014,-1.21,152822.0,17479576.455,1.155,1.16,1.128,1.155,2.77,4.24,0.84,82.81,67049.0,85773.0,-2037208.0,-11.65,-598339.0,-3.42,-1438869.0,-8.23,77849.0,0.45,1959360.0,11.21,5.0,1.14,1.142,360109216.0,410884615,410884615,2026-01-20,2026-01-20 10:54:27+08:00
513120,港股创新药ETF,1.309,1.3094,0.03,-0.016,-1.21,15766711.0,2076834810.0,1.32,1.332,1.303,1.325,2.19,8.2,1.01,12.23,7369142.0,8397569.0,-95669968.0,-4.61,-29683152.0,-1.43,-65986816.0,-3.18,30177471.0,1.45,65492498.0,3.15,160.0,1.308,1.309,19234135296.0,25177483102,25177483102,2026-01-20,2026-01-20 10:54:20+08:00
159291,创业板综增强ETF招商,1.144,1.1444,0.03,-0.014,-1.21,795.0,91604.8,1.158,1.162,1.139,1.158,1.99,0.21,0.25,12.32,220.0,575.0,58593.0,63.96,0.0,0.0,58593.0,63.96,-33061.0,-36.09,-25532.0,-27.87,1.0,1.143,1.145,37457388.0,42851252,42851252,2026-01-20,2026-01-20 10:54:21+08:00
516260,物联网ETF华夏,1.31,1.3148,0.37,-0.016,-1.21,6369.0,838893.0,1.33,1.331,1.3,1.326,2.34,1.06,1.04,20.0,3081.0,3288.0,-156222.0,-18.62,0.0,0.0,-156222.0,-18.62,-94033.0,-11.21,250255.0,29.83,-20.0,1.311,1.313,59882600.0,78446206,78446206,2026-01-20,2026-01-20 10:54:15+08:00
515250,智能汽车ETF,1.226,1.2286,0.21,-0.015,-1.21,374735.0,46216121.0,1.235,1.25,1.219,1.241,2.5,5.57,1.32,-2.04,170403.0,204332.0,7388032.0,15.99,5624557.0,12.17,1763475.0,3.82,-4828295.0,-10.45,-2559738.0,-5.54,-30.0,1.226,1.228,672944496.0,825029952,825029952,2026-01-20,2026-01-20 10:54:18+08:00
589900,科创综指ETF博时,1.456,1.4546,-0.1,-0.018,-1.22,35182.0,5160744.0,1.473,1.487,1.446,1.474,2.78,1.31,0.9,11.66,16337.0,18845.0,824269.0,15.97,211702.0,4.1,612567.0,11.87,-879538.0,-17.04,55269.0,1.07,-30.0,1.454,1.455,268908208.0,391530351,391530351,2026-01-20,2026-01-20 10:54:12+08:00
589800,科创综指ETF易方达,1.457,1.4522,-0.33,-0.018,-1.22,657866.0,96771324.0,1.471,1.489,1.446,1.475,2.92,5.56,2.41,1.62,343367.0,314499.0,-1231073.0,-1.27,7808733.0,8.07,-9039806.0,-9.34,476916.0,0.49,754156.0,0.78,3.0,1.455,1.457,1183988208.0,1725070819,1725070819,2026-01-20,2026-01-20 10:54:12+08:00
589000,科创综指ETF华夏,1.458,1.4537,-0.3,-0.018,-1.22,568633.0,83383483.0,1.475,1.489,1.447,1.476,2.85,5.53,2.05,1.02,316799.0,251834.0,1033211.0,1.24,-3884343.0,-4.66,4917554.0,5.9,-1762864.0,-2.11,729655.0,0.88,-556.0,1.456,1.458,1027507808.0,1498106384,1498106384,2026-01-20,2026-01-20 10:54:13+08:00
588150,科创50ETF南方,1.051,1.0498,-0.11,-0.013,-1.22,246600.0,26092908.0,1.064,1.075,1.043,1.064,3.01,4.64,1.44,-20.29,128372.0,118228.0,-8169088.0,-31.31,-8843736.0,-33.89,674648.0,2.59,7905205.0,30.3,263884.0,1.01,30.0,1.05,1.051,530932608.0,558010171,558010171,2026-01-20,2026-01-20 10:54:14+08:00
159943,深证成指ETF大成,1.538,1.5377,-0.02,-0.019,-1.22,60733.0,9349092.5,1.557,1.562,1.528,1.557,2.18,4.85,1.62,6.8,22175.0,38558.0,-1703604.0,-18.22,-1044765.0,-11.18,-658839.0,-7.05,302861.0,3.24,1400744.0,14.98,-2.0,1.537,1.538,125229922.0,192603620,192603620,2026-01-20,2026-01-20 10:54:21+08:00
589080,科创综指ETF汇添富,1.454,1.4518,-0.15,-0.018,-1.22,143844.0,20961874.0,1.47,1.484,1.443,1.472,2.79,6.91,2.77,-4.99,70967.0,72877.0,148813.0,0.71,-399078.0,-1.9,547891.0,2.61,-318183.0,-1.52,169371.0,0.81,-278.0,1.452,1.453,208061000.0,302520694,302520694,2026-01-20,2026-01-20 10:54:12+08:00
589770,科创综指ETF招商,1.461,1.4603,-0.05,-0.018,-1.22,79088.0,11647477.0,1.484,1.493,1.452,1.479,2.77,3.7,1.51,10.64,42804.0,36284.0,841329.0,7.22,1665824.0,14.3,-824495.0,-7.08,-727138.0,-6.24,-114192.0,-0.98,-672.0,1.46,1.461,213569200.0,312024601,312024601,2026-01-20,2026-01-20 10:54:12+08:00
515720,金融科技ETF富国,0.969,0.9685,-0.05,-0.012,-1.22,115050.0,11214762.0,0.981,0.989,0.964,0.981,2.55,2.63,0.33,15.79,42594.0,72456.0,-1003320.0,-8.95,460231.0,4.1,-1463551.0,-13.05,-91933.0,-0.82,1095253.0,9.77,-5.0,0.969,0.97,437611008.0,424045067,424045067,2026-01-20,2026-01-20 10:54:19+08:00
510660,医药ETF华夏,2.481,2.4838,0.11,-0.031,-1.23,8831.0,2205145.0,2.512,2.521,2.475,2.512,1.83,2.69,2.28,-7.5,2380.0,6451.0,121707.0,5.52,-224034.0,-10.16,345741.0,15.68,-264711.0,-12.0,143004.0,6.49,-11.0,2.48,2.483,32879700.0,81574536,81574536,2026-01-20,2026-01-20 10:54:19+08:00
520850,港股通医疗ETF易方达,0.961,0.9654,0.46,-0.012,-1.23,98173.0,9495671.0,0.971,0.975,0.957,0.973,1.85,5.03,0.7,1.19,44785.0,53388.0,-826069.0,-8.7,1044342.0,11.0,-1870411.0,-19.7,339398.0,3.57,486672.0,5.13,-266.0,0.961,0.962,195249600.0,187634866,187634866,2026-01-20,2026-01-20 10:54:16+08:00
159269,港股通科技ETF南方,1.042,1.0405,-0.14,-0.013,-1.23,185801.0,19392820.6,1.054,1.056,1.035,1.055,1.99,0.87,0.57,-0.92,98497.0,87304.0,-812704.0,-4.19,-701544.0,-3.62,-111160.0,-0.57,122082.0,0.63,690622.0,3.56,-67.0,1.041,1.042,2141311712.0,2231246804,2231246804,2026-01-20,2026-01-20 10:54:18+08:00
588550,科创综指增强ETF易方达,1.209,1.2061,-0.24,-0.015,-1.23,21669.0,2626293.0,1.224,1.232,1.195,1.224,3.02,2.18,0.92,-55.14,9395.0,12274.0,113466.0,4.32,620232.0,23.62,-506766.0,-19.3,-250453.0,-9.54,136986.0,5.22,-384.0,1.206,1.211,99290000.0,120041610,120041610,2026-01-20,2026-01-20 10:54:13+08:00
510170,大宗商品ETF,1.366,1.3649,-0.08,-0.017,-1.23,92073.0,12641862.0,1.384,1.397,1.353,1.383,3.18,3.28,2.45,18.22,41236.0,50837.0,-1374498.0,-10.87,-1239013.0,-9.8,-135485.0,-1.07,-104007.0,-0.82,1478504.0,11.7,-163.0,1.366,1.369,280914800.0,383729617,383729617,2026-01-20,2026-01-20 10:54:18+08:00
589980,科创100ETF汇添富,1.596,1.5905,-0.35,-0.02,-1.24,37340.0,6016162.0,1.615,1.627,1.579,1.616,2.97,1.91,1.83,4.62,6644.0,30696.0,151970.0,2.53,565514.0,9.4,-413544.0,-6.87,-296287.0,-4.92,144317.0,2.4,1.0,1.59,1.591,195122000.0,311414712,311414712,2026-01-20,2026-01-20 10:54:13+08:00
561010,软件ETF基金,1.278,1.2792,0.09,-0.016,-1.24,153120.0,19643194.0,1.298,1.309,1.263,1.294,3.55,5.81,0.67,-15.75,70740.0,82380.0,-121729.0,-0.62,1898416.0,9.66,-2020145.0,-10.28,-1680366.0,-8.55,1802096.0,9.17,-51.0,1.278,1.279,263356000.0,336568968,336568968,2026-01-20,2026-01-20 10:54:15+08:00
512100,中证1000ETF,3.263,3.2654,0.07,-0.041,-1.24,10604858.0,3478271801.0,3.308,3.32,3.242,3.304,2.36,4.47,1.94,73.39,2514451.0,8090407.0,-16480272.0,-0.47,-3287248.0,-0.09,-13193024.0,-0.38,3997117.0,0.12,12483148.0,0.36,8624.0,3.263,3.264,23747217664.0,77487171238,77487171238,2026-01-20,2026-01-20 10:54:19+08:00
510560,国寿500ETF,1.991,1.9954,0.22,-0.025,-1.24,1622.0,322906.0,2.018,2.018,1.978,2.016,1.98,0.13,1.36,14.44,2.0,1620.0,26068.0,8.07,0.0,0.0,26068.0,8.07,0.0,0.0,-26068.0,-8.07,-1400.0,1.989,1.993,120318700.0,239554532,239554532,2026-01-20,2026-01-20 10:54:17+08:00
517120,创新药ETF华泰柏瑞,0.715,0.7156,0.08,-0.009,-1.24,71833.0,5149072.0,0.723,0.724,0.711,0.724,1.8,1.77,1.8,-14.91,38674.0,33159.0,-692928.0,-13.46,945224.0,18.36,-1638152.0,-31.81,377140.0,7.32,315789.0,6.13,309.0,0.714,0.715,406966400.0,290980976,290980976,2026-01-20,2026-01-20 10:54:15+08:00
159982,中证500ETF鹏华,2.144,2.1432,-0.04,-0.027,-1.24,42835.0,9215231.7,2.17,2.185,2.129,2.171,2.58,2.71,1.49,-12.81,16803.0,26032.0,615820.0,6.68,-124982.0,-1.36,740802.0,8.04,-758552.0,-8.23,142731.0,1.55,85.0,2.143,2.144,158211253.0,339204926,339204926,2026-01-20,2026-01-20 10:54:18+08:00
563670,金融科技ETF鹏华,0.957,0.959,0.21,-0.012,-1.24,60947.0,5856288.0,0.972,0.977,0.953,0.969,2.48,2.71,0.38,-2.09,28481.0,32466.0,-208510.0,-3.56,735791.0,12.56,-944301.0,-16.12,69950.0,1.19,138559.0,2.37,-46.0,0.956,0.958,224987000.0,215312559,215312559,2026-01-20,2026-01-20 10:54:13+08:00
589680,科创综指ETF鹏华,1.434,1.4316,-0.17,-0.018,-1.24,549959.0,79296551.0,1.45,1.465,1.424,1.452,2.82,6.29,2.05,6.92,288361.0,261598.0,5153606.0,6.5,6275404.0,7.91,-1121798.0,-1.41,-1511866.0,-1.91,-3641740.0,-4.59,-70.0,1.433,1.434,874943696.0,1254669260,1254669260,2026-01-20,2026-01-20 10:54:13+08:00
159718,港股医药ETF,0.95,0.9528,0.29,-0.012,-1.25,186656.0,17833866.6,0.961,0.965,0.945,0.962,2.08,8.05,0.85,-8.02,87615.0,99041.0,-922919.0,-5.18,-2025387.0,-11.36,1102468.0,6.18,911565.0,5.11,11354.0,0.06,100.0,0.949,0.95,231832634.0,220241002,220241002,2026-01-20,2026-01-20 10:54:06+08:00
159103,金融科技ETF汇添富,0.946,0.9457,-0.03,-0.012,-1.25,70887.0,6746518.716,0.958,0.967,0.941,0.958,2.71,3.19,0.56,31.99,21284.0,49603.0,-1676841.0,-24.85,-1730565.0,-25.65,53724.0,0.8,848119.0,12.57,828722.0,12.28,-18.0,0.946,0.947,222406771.0,210396805,210396805,2026-01-20,2026-01-20 10:54:24+08:00
159289,创业板综指ETF鹏华,1.107,1.1087,0.15,-0.014,-1.25,29961.0,3329958.76,1.118,1.125,1.1,1.121,2.23,4.05,2.42,47.36,25634.0,4327.0,-81836.0,-2.46,11068.0,0.33,-92904.0,-2.79,62967.0,1.89,18868.0,0.57,425.0,1.104,1.108,73902640.0,81810222,81810222,2026-01-20,2026-01-20 10:54:24+08:00
159992,创新药ETF,0.864,0.863,-0.12,-0.011,-1.26,4125971.0,358194444.599,0.874,0.877,0.861,0.875,1.83,2.45,1.26,32.66,1378254.0,2747717.0,-79848088.0,-22.29,-90150598.0,-25.17,10302510.0,2.88,46986363.0,13.12,32861724.0,9.17,175.0,0.863,0.864,16847981312.0,14556655854,14556655854,2026-01-20,2026-01-20 10:54:18+08:00
159723,科技龙头ETF,1.094,1.0986,0.42,-0.014,-1.26,15604.0,1711676.5,1.105,1.11,1.086,1.108,2.17,2.56,1.07,-11.0,3429.0,12175.0,171584.0,10.02,0.0,0.0,171584.0,10.02,-228788.0,-13.37,57204.0,3.34,-1.0,1.092,1.095,61025575.0,66761979,66761979,2026-01-20,2026-01-20 10:54:18+08:00
159845,中证1000ETF,3.361,3.3622,0.04,-0.043,-1.26,8244596.0,2788345257.81,3.404,3.42,3.338,3.404,2.41,6.05,1.81,25.15,2064302.0,6180295.0,-23193520.0,-0.83,-207342624.0,-7.44,184149104.0,6.6,24520031.0,0.88,-1326521.0,-0.05,3.0,3.361,3.362,13630425600.0,45811860442,45811860442,2026-01-20,2026-01-20 10:54:21+08:00
510530,中证500ETF工银,8.898,8.8949,-0.03,-0.114,-1.26,191.0,170456.0,9.036,9.06,8.85,9.012,2.33,0.04,0.09,7.86,114.0,77.0,-93432.0,-54.81,0.0,0.0,-93432.0,-54.81,-30297.0,-17.77,123730.0,72.59,-1.0,8.898,8.904,47479400.0,422471701,422471701,2026-01-20,2026-01-20 10:54:20+08:00
159968,中证500ETF博时,10.398,10.4183,0.19,-0.133,-1.26,10838.0,11346224.6,10.581,10.613,10.342,10.531,2.57,1.95,1.64,28.6,6016.0,4822.0,-520093.0,-4.58,0.0,0.0,-520093.0,-4.58,204522.0,1.8,315571.0,2.78,-126.0,10.399,10.41,55695098.0,579117629,579117629,2026-01-20,2026-01-20 10:54:18+08:00
159141,科创创业人工智能ETF永赢,1.095,1.0945,-0.05,-0.014,-1.26,228546.0,25114546.925,1.107,1.115,1.083,1.109,2.89,2.09,0.56,77.28,106789.0,121757.0,-2149874.0,-8.56,2514778.0,10.01,-4664652.0,-18.57,-506870.0,-2.02,2656745.0,10.58,-10.0,1.094,1.095,1091060736.0,1194711506,1194711506,2026-01-20,2026-01-20 10:54:27+08:00
159873,医疗设备ETF,0.621,0.6216,0.1,-0.008,-1.27,183766.0,11442664.7,0.628,0.63,0.618,0.629,1.91,4.91,0.81,22.91,55702.0,128064.0,-1465171.0,-12.8,-1712963.0,-14.97,247792.0,2.17,1293997.0,11.31,171174.0,1.5,50.0,0.62,0.621,373920000.0,232204320,232204320,2026-01-20,2026-01-20 10:54:18+08:00
560900,创新药企ETF,0.931,0.9306,-0.04,-0.012,-1.27,43082.0,4034280.0,0.947,0.948,0.93,0.943,1.91,2.89,0.96,1.45,14409.0,28673.0,-955860.0,-23.69,-1568284.0,-38.87,612424.0,15.18,242639.0,6.01,713221.0,17.68,-10.0,0.931,0.932,148969100.0,138690232,138690232,2026-01-20,2026-01-20 10:54:14+08:00
512120,医药50ETF,0.466,0.4661,0.02,-0.006,-1.27,92485.0,4332120.0,0.472,0.473,0.465,0.472,1.69,1.16,1.09,-0.19,28453.0,64032.0,-755711.0,-17.44,-449998.0,-10.39,-305713.0,-7.06,511051.0,11.8,244660.0,5.65,-5.0,0.466,0.467,795241904.0,370582727,370582727,2026-01-20,2026-01-20 10:54:19+08:00
516250,工程机械ETF富国,1.076,1.0761,0.01,-0.014,-1.28,58252.0,6275197.0,1.09,1.09,1.07,1.09,1.83,5.89,1.4,7.96,30229.0,28023.0,-118341.0,-1.89,0.0,0.0,-118341.0,-1.89,15435.0,0.25,102907.0,1.64,-300.0,1.076,1.077,98878000.0,106392728,106392728,2026-01-20,2026-01-20 10:54:17+08:00
512510,中证500ETF华泰柏瑞,2.388,2.392,0.17,-0.031,-1.28,57337.0,13777073.0,2.434,2.435,2.379,2.419,2.32,1.34,1.86,4.21,28943.0,28394.0,530142.0,3.85,-65247.0,-0.47,595389.0,4.32,-1234795.0,-8.96,704654.0,5.11,58.0,2.388,2.393,427429808.0,1020702382,1020702382,2026-01-20,2026-01-20 10:54:19+08:00
159821,创业板ETF中银证券,1.232,1.2272,-0.39,-0.016,-1.28,6748.0,845326.5,1.35,1.35,1.222,1.248,10.26,5.35,4.38,-6.78,2024.0,4724.0,-391025.0,-46.26,-256175.0,-30.3,-134850.0,-15.95,217101.0,25.68,173923.0,20.57,50.0,1.228,1.23,12620000.0,15547840,15547840,2026-01-20,2026-01-20 10:54:21+08:00
561980,半导体设备ETF,2.464,2.4578,-0.25,-0.032,-1.28,920186.0,227681648.0,2.49,2.517,2.443,2.496,2.96,6.55,1.64,46.56,389638.0,530548.0,-26726476.0,-11.74,20275826.0,8.91,-47002302.0,-20.64,1150608.0,0.51,25576362.0,11.23,-98.0,2.463,2.464,1405110000.0,3462191040,3462191040,2026-01-20,2026-01-20 10:54:14+08:00
159891,医疗ETF基金,0.464,0.4654,0.3,-0.006,-1.28,203212.0,9475932.2,0.469,0.471,0.462,0.47,1.91,6.64,1.38,-16.54,90726.0,112486.0,-194284.0,-2.05,670664.0,7.08,-864948.0,-9.13,116311.0,1.23,77973.0,0.82,-1158.0,0.464,0.465,306024832.0,141995522,141995522,2026-01-20,2026-01-20 10:54:18+08:00
560810,央企ESGETF,1.158,1.1611,0.27,-0.015,-1.28,4675.0,545577.0,1.176,1.184,1.155,1.173,2.47,0.07,1.05,75.17,128.0,4547.0,154628.0,28.34,0.0,0.0,154628.0,28.34,-124341.0,-22.79,-30287.0,-5.55,8.0,1.156,1.166,688116000.0,796838328,796838328,2026-01-20,2026-01-20 10:54:14+08:00
159970,深100ETF工银,1.002,1.0019,-0.01,-0.013,-1.28,10306.0,1036503.0,1.009,1.012,1.0,1.015,1.18,8.4,1.46,1.05,3518.0,6788.0,-187136.0,-18.05,0.0,0.0,-187136.0,-18.05,150086.0,14.48,37051.0,3.57,-1500.0,1.002,1.003,12268704.0,12293241,12293241,2026-01-20,2026-01-20 10:54:18+08:00
159150,深证50ETF易方达,1.526,1.5249,-0.07,-0.02,-1.29,51239.0,7810473.2,1.542,1.543,1.517,1.546,1.68,5.28,1.77,-1.73,22850.0,28389.0,-242879.0,-3.11,-1144725.0,-14.66,901846.0,11.55,54335.0,0.7,188545.0,2.41,3.0,1.524,1.526,96997623.0,148018373,148018373,2026-01-20,2026-01-20 10:54:27+08:00
562340,中证500成长ETF,1.381,1.3713,-0.71,-0.018,-1.29,6371.0,875807.0,1.392,1.392,1.364,1.399,2.0,6.97,1.4,-15.76,1980.0,4391.0,-297509.0,-33.97,0.0,0.0,-297509.0,-33.97,169412.0,19.34,128096.0,14.63,-595.0,1.368,1.406,9144300.0,12628278,12628278,2026-01-20,2026-01-20 10:54:13+08:00
159896,物联网ETF南方,1.224,1.227,0.24,-0.016,-1.29,31410.0,3884431.075,1.243,1.245,1.215,1.24,2.42,6.15,2.22,18.65,7470.0,23940.0,1031628.0,26.56,1866792.0,48.06,-835164.0,-21.5,-972843.0,-25.04,-58786.0,-1.51,-482.0,1.226,1.228,51055960.0,62492495,62492495,2026-01-20,2026-01-20 10:54:18+08:00
560170,央企科技ETF南方,1.148,1.1504,0.21,-0.015,-1.29,209741.0,24273479.0,1.164,1.181,1.137,1.163,3.78,1.73,1.28,5.07,114956.0,94785.0,1699962.0,7.0,6420607.0,26.45,-4720645.0,-19.45,-2747844.0,-11.32,1047880.0,4.32,-2.0,1.148,1.15,1213995504.0,1393666839,1393666839,2026-01-20,2026-01-20 10:54:15+08:00
513780,港股创新药50ETF,1.677,1.6831,0.36,-0.022,-1.29,991387.0,167417319.0,1.703,1.708,1.67,1.699,2.24,5.47,1.3,20.43,455988.0,535399.0,-11932764.0,-7.13,-5739564.0,-3.43,-6193200.0,-3.7,9793726.0,5.85,2139037.0,1.28,-2200.0,1.677,1.678,1813157008.0,3040664302,3040664302,2026-01-20,2026-01-20 10:54:17+08:00
516300,中证1000ETF华泰柏瑞,3.366,3.3753,0.28,-0.044,-1.29,15707.0,5291346.0,3.43,3.435,3.348,3.41,2.55,8.26,2.21,9.32,8686.0,7021.0,-498635.0,-9.42,0.0,0.0,-498635.0,-9.42,65503.0,1.24,433132.0,8.19,-10.0,3.365,3.367,19012600.0,63996412,63996412,2026-01-20,2026-01-20 10:54:16+08:00
589300,科创综指ETF嘉实,1.59,1.5848,-0.33,-0.021,-1.3,8024.0,1286539.0,1.614,1.63,1.576,1.611,3.35,1.39,0.6,11.5,3308.0,4716.0,-329703.0,-25.63,0.0,0.0,-329703.0,-25.63,-27642.0,-2.15,357346.0,27.78,1.0,1.585,1.588,57582500.0,91556175,91556175,2026-01-20,2026-01-20 10:54:13+08:00
159828,医疗ETF,0.457,0.4565,-0.11,-0.006,-1.3,1145021.0,52382324.5,0.462,0.464,0.453,0.463,2.38,2.49,1.01,41.54,378872.0,766149.0,-9939397.0,-18.97,-13199892.0,-25.2,3260495.0,6.22,6724630.0,12.84,3214767.0,6.14,2000.0,0.456,0.457,4589439488.0,2097373846,2097373846,2026-01-20,2026-01-20 10:54:21+08:00
589860,科创综指ETF天弘,1.444,1.4448,0.06,-0.019,-1.3,149055.0,21714731.0,1.468,1.476,1.436,1.463,2.73,6.96,1.73,2.17,67221.0,81834.0,-34071.0,-0.16,3523459.0,16.44,-3557530.0,-16.6,-38891.0,-0.18,72960.0,0.34,2000.0,1.444,1.445,214224000.0,309339456,309339456,2026-01-20,2026-01-20 10:54:12+08:00
516080,创新药ETF易方达,0.681,0.6808,-0.03,-0.009,-1.3,253656.0,17383244.0,0.689,0.692,0.679,0.69,1.88,1.55,1.28,2.36,69700.0,183956.0,-2948348.0,-16.96,-3626236.0,-20.86,677888.0,3.9,1717415.0,9.88,1230933.0,7.08,-1129.0,0.68,0.681,1632554800.0,1111769819,1111769819,2026-01-20,2026-01-20 10:54:17+08:00
520530,港股通科技ETF东财,0.986,0.9897,0.37,-0.013,-1.3,89438.0,8862819.0,0.998,1.0,0.982,0.999,1.8,5.15,0.79,0.98,38246.0,51192.0,-1126411.0,-12.86,250995.0,2.87,-1377406.0,-15.72,103179.0,1.18,1023331.0,11.68,-1049.0,0.985,0.986,173776000.0,171343136,171343136,2026-01-20,2026-01-20 10:54:16+08:00
516930,生物科技ETF基金,0.53,0.529,-0.19,-0.007,-1.3,3863.0,204889.0,0.537,0.537,0.527,0.537,1.86,0.35,0.2,-5.27,1426.0,2437.0,-153647.0,-74.99,-153276.0,-74.81,-371.0,-0.18,116266.0,56.75,37380.0,18.24,6.0,0.529,0.53,110639600.0,58638988,58638988,2026-01-20,2026-01-20 10:54:15+08:00
159966,创业板价值ETF,0.608,0.6086,0.1,-0.008,-1.3,54696.0,3348873.8,0.616,0.62,0.606,0.616,2.27,0.81,0.84,49.11,25322.0,29374.0,231812.0,6.92,-131680.0,-3.93,363492.0,10.85,-201329.0,-6.01,-30483.0,-0.91,-1960.0,0.608,0.609,674999520.0,410399708,410399708,2026-01-20,2026-01-20 10:54:18+08:00
159858,创新药ETF南方,0.685,0.6836,-0.2,-0.009,-1.3,91268.0,6277464.3,0.694,0.695,0.683,0.694,1.73,1.63,1.2,24.39,28357.0,62911.0,-388471.0,-6.19,-606864.0,-9.67,218393.0,3.48,-14883.0,-0.24,403354.0,6.43,15.0,0.684,0.685,559098320.0,382982349,382982349,2026-01-20,2026-01-20 10:54:18+08:00
517110,创新药ETF国泰,0.758,0.7553,-0.36,-0.01,-1.3,58815.0,4484475.0,0.77,0.771,0.756,0.768,1.95,0.96,0.79,40.79,16376.0,42439.0,-1728680.0,-38.55,-1000778.0,-22.32,-727902.0,-16.23,1009293.0,22.51,719388.0,16.04,2.0,0.757,0.758,610098496.0,462454660,462454660,2026-01-20,2026-01-20 10:54:16+08:00
159636,港股通科技30ETF,0.676,0.6766,0.09,-0.009,-1.31,3349069.0,227411804.256,0.683,0.687,0.672,0.685,2.19,0.61,1.2,-5.84,1285960.0,2063109.0,-1925534.0,-0.85,34339476.0,15.1,-36265010.0,-15.95,-401497.0,-0.18,2327031.0,1.02,-1.0,0.676,0.677,54602501120.0,36911290757,36911290757,2026-01-20,2026-01-20 10:54:24+08:00
561780,1000增强ETF,1.581,1.5798,-0.08,-0.021,-1.31,23869.0,3779457.0,1.599,1.599,1.57,1.602,1.81,20.3,2.5,-0.95,14557.0,9312.0,-261803.0,-6.93,0.0,0.0,-261803.0,-6.93,262778.0,6.95,-977.0,-0.03,-1900.0,1.578,1.58,11755800.0,18585920,18585920,2026-01-20,2026-01-20 10:54:13+08:00
159935,中证500ETF景顺,2.564,2.5704,0.25,-0.034,-1.31,2217.0,576094.6,2.608,2.608,2.556,2.598,2.0,0.94,0.47,0.43,1533.0,684.0,10996.0,1.91,0.0,0.0,10996.0,1.91,-767.0,-0.13,-10230.0,-1.78,-83.0,2.568,2.572,23572956.0,60441059,60441059,2026-01-20,2026-01-20 10:54:18+08:00
515320,电子50ETF,1.285,1.2861,0.09,-0.017,-1.31,15484.0,1994272.0,1.302,1.31,1.275,1.302,2.69,1.5,0.52,-2.13,4284.0,11200.0,621146.0,31.15,599834.0,30.08,21312.0,1.07,-516942.0,-25.92,-104204.0,-5.23,-240.0,1.284,1.286,103309000.0,132752065,132752065,2026-01-20,2026-01-20 10:54:18+08:00
588430,科创创业人工智能ETF工银,1.129,1.1261,-0.26,-0.015,-1.31,121256.0,13719785.0,1.144,1.153,1.117,1.144,3.15,4.88,1.02,6.54,61034.0,60222.0,-64393.0,-0.47,-982225.0,-7.16,917832.0,6.69,-1039945.0,-7.58,1104338.0,8.05,20.0,1.127,1.129,248458000.0,280509082,280509082,2026-01-20,2026-01-20 10:54:12+08:00
516380,智能电动车ETF,1.046,1.0461,0.01,-0.014,-1.32,23191.0,2462377.0,1.068,1.077,1.04,1.06,3.49,2.48,2.85,2.95,8475.0,14716.0,-324867.0,-13.19,-743019.0,-30.17,418152.0,16.98,103427.0,4.2,221440.0,8.99,1.0,1.045,1.046,93449300.0,97747968,97747968,2026-01-20,2026-01-20 10:54:17+08:00
159500,500ETF,1.197,1.1936,-0.28,-0.016,-1.32,93329.0,11205436.992,1.212,1.217,1.188,1.213,2.39,9.75,2.09,41.58,39063.0,54266.0,-1932376.0,-17.24,-1691128.0,-15.09,-241248.0,-2.15,1008620.0,9.0,923756.0,8.24,10.0,1.197,1.198,95738865.0,114599421,114599421,2026-01-20,2026-01-20 10:54:24+08:00
159622,创新药ETF东财,1.125,1.126,0.09,-0.015,-1.32,188284.0,21294507.544,1.139,1.144,1.122,1.14,1.93,2.66,0.87,22.02,73616.0,114668.0,-6892749.0,-32.37,0.0,0.0,-6892749.0,-32.37,3150327.0,14.79,3742422.0,17.57,-600.0,1.125,1.127,708603232.0,797178636,797178636,2026-01-20,2026-01-20 10:54:21+08:00
159321,黄金股票ETF,1.8,1.7826,-0.98,-0.024,-1.32,134632.0,24215225.6,1.843,1.845,1.773,1.824,3.95,11.04,1.87,18.94,42201.0,92431.0,-4539831.0,-18.75,-1531248.0,-6.32,-3008583.0,-12.43,-804908.0,-3.32,5344740.0,22.07,-14.0,1.8,1.802,121900397.0,219420715,219420715,2026-01-20,2026-01-20 10:54:21+08:00
159350,深证50ETF富国,1.496,1.4974,0.09,-0.02,-1.32,242243.0,36336894.369,1.514,1.515,1.487,1.516,1.85,12.62,1.21,2.84,153574.0,88669.0,-2723800.0,-7.5,-7106793.0,-19.56,4382993.0,12.06,2114936.0,5.82,608863.0,1.68,1200.0,1.495,1.497,192009642.0,287246424,287246424,2026-01-20,2026-01-20 10:54:24+08:00
159902,中小100ETF华夏,4.621,4.6203,-0.02,-0.062,-1.32,11059.0,5123118.3,4.682,4.697,4.59,4.683,2.28,1.32,1.75,36.83,3584.0,7475.0,1368869.0,26.77,469064.0,9.17,899805.0,17.6,-1167016.0,-22.82,-201854.0,-3.95,21.0,4.62,4.621,83960849.0,387983083,387983083,2026-01-20,2026-01-20 10:54:21+08:00
159835,创新药50ETF,0.673,0.6712,-0.27,-0.009,-1.32,189109.0,12783938.7,0.682,0.683,0.671,0.682,1.76,4.32,1.21,5.12,49391.0,139718.0,-1310229.0,-10.25,-1951785.0,-15.27,641556.0,5.02,529297.0,4.14,780932.0,6.11,-1426.0,0.672,0.673,437504144.0,294440289,294440289,2026-01-20,2026-01-20 10:54:21+08:00
159559,机器人50ETF,1.494,1.4948,0.05,-0.02,-1.32,952671.0,143516696.189,1.511,1.532,1.486,1.514,3.04,4.5,1.22,60.87,391240.0,561431.0,-12167685.0,-8.49,-10061897.0,-7.02,-2105788.0,-1.47,-1162957.0,-0.81,13330642.0,9.3,-810.0,1.494,1.495,2115576624.0,3160671476,3160671476,2026-01-20,2026-01-20 10:54:24+08:00
159385,数字经济ETF富国,1.563,1.5627,-0.02,-0.021,-1.33,23921.0,3776767.2,1.596,1.6,1.549,1.584,3.22,2.32,0.8,5.98,16048.0,7873.0,14104.0,0.37,0.0,0.0,14104.0,0.37,31877.0,0.84,-45981.0,-1.22,-1.0,1.561,1.563,103002525.0,160992947,160992947,2026-01-20,2026-01-20 10:54:24+08:00
159851,金融科技ETF,0.888,0.8884,0.05,-0.012,-1.33,3656314.0,326609294.4,0.901,0.908,0.883,0.9,2.78,3.19,0.82,39.39,1317171.0,2339143.0,-35644658.0,-10.92,-29221644.0,-8.95,-6423014.0,-1.97,15195957.0,4.65,20448701.0,6.26,-1109.0,0.888,0.889,11443904256.0,10162186979,10162186979,2026-01-20,2026-01-20 10:54:21+08:00
159808,创100ETF融通,1.264,1.2608,-0.25,-0.017,-1.33,7454.0,945206.4,1.281,1.281,1.252,1.281,2.26,1.21,1.88,1.21,1800.0,5654.0,28465.0,3.01,0.0,0.0,28465.0,3.01,-31557.0,-3.34,3092.0,0.33,-1062.0,1.259,1.261,61484790.0,77716775,77716775,2026-01-20,2026-01-20 10:54:21+08:00
159956,创业板ETF建信,2.081,2.0788,-0.11,-0.028,-1.33,823.0,172860.7,2.11,2.141,2.07,2.109,3.37,0.16,0.96,68.42,62.0,761.0,2087.0,1.21,0.0,0.0,2087.0,1.21,42000.0,24.3,-44087.0,-25.5,-10.0,2.071,2.128,52978674.0,110248621,110248621,2026-01-20,2026-01-20 10:54:21+08:00
159389,数字经济ETF嘉实,1.557,1.5585,0.1,-0.021,-1.33,20166.0,3155397.3,1.586,1.591,1.545,1.578,2.92,1.17,0.85,29.38,7409.0,12757.0,318103.0,10.08,34804.0,1.1,283299.0,8.98,-233722.0,-7.41,-84382.0,-2.67,-2125.0,1.557,1.558,172093364.0,267949368,267949368,2026-01-20,2026-01-20 10:54:24+08:00
159903,深成ETF南方,1.708,1.7114,0.2,-0.023,-1.33,95962.0,16433804.9,1.73,1.736,1.699,1.731,2.14,3.19,1.47,15.41,41274.0,54688.0,-3684021.0,-22.42,-998223.0,-6.07,-2685798.0,-16.34,320160.0,1.95,3363861.0,20.47,50.0,1.707,1.708,301154512.0,514371906,514371906,2026-01-20,2026-01-20 10:54:21+08:00
159732,消费电子ETF,1.187,1.1881,0.09,-0.016,-1.33,1184231.0,141242946.8,1.2,1.21,1.176,1.203,2.83,4.63,1.39,41.05,487205.0,697026.0,13791374.0,9.76,28182238.0,19.95,-14390864.0,-10.19,-12060927.0,-8.54,-1730447.0,-1.23,2222.0,1.186,1.188,2556447904.0,3034503662,3034503662,2026-01-20,2026-01-20 10:54:21+08:00
589200,科创200ETF工银,1.339,1.338,-0.07,-0.018,-1.33,46568.0,6285148.0,1.359,1.364,1.325,1.357,2.87,10.7,2.23,-13.3,20482.0,26086.0,1371571.0,21.82,2126475.0,33.83,-754904.0,-12.01,-1432063.0,-22.78,60492.0,0.96,-1350.0,1.336,1.337,43507000.0,58255873,58255873,2026-01-20,2026-01-20 10:54:14+08:00
512170,医疗ETF,0.367,0.3672,0.05,-0.005,-1.34,12609669.0,464523657.0,0.372,0.374,0.365,0.372,2.42,1.8,1.19,27.25,4949163.0,7660506.0,-61017656.0,-13.14,-75419472.0,-16.24,14401816.0,3.1,42174050.0,9.08,18843616.0,4.06,-303.0,0.367,0.368,70244818944.0,25779848552,25779848552,2026-01-20,2026-01-20 10:54:19+08:00
159278,机器人ETF鹏华,1.177,1.1775,0.04,-0.016,-1.34,590931.0,70130309.8,1.199,1.205,1.172,1.193,2.77,4.96,1.3,59.5,221832.0,369099.0,-5873498.0,-8.38,-627535.0,-0.89,-5245963.0,-7.48,275003.0,0.39,5598495.0,7.98,5.0,1.176,1.177,1192545856.0,1403626473,1403626473,2026-01-20,2026-01-20 10:54:24+08:00
513860,港股通科技ETF,0.739,0.7412,0.3,-0.01,-1.34,2114119.0,156527848.0,0.746,0.749,0.733,0.749,2.14,3.36,1.9,25.82,829240.0,1284879.0,-2846205.0,-1.82,8226929.0,5.26,-11073134.0,-7.07,2042912.0,1.31,803293.0,0.51,-255.0,0.739,0.74,6300470528.0,4656047720,4656047720,2026-01-20,2026-01-20 10:54:17+08:00
159958,创业板ETF工银,1.984,1.981,-0.15,-0.027,-1.34,16911.0,3378528.8,2.011,2.017,1.972,2.011,2.24,0.57,1.2,33.71,5746.0,11165.0,217115.0,6.43,288894.0,8.55,-71779.0,-2.12,-154218.0,-4.56,-62897.0,-1.86,-16.0,1.98,1.984,296611456.0,588477129,588477129,2026-01-20,2026-01-20 10:54:21+08:00
520700,港股通创新药ETF万家,1.617,1.6225,0.34,-0.022,-1.34,535922.0,87371182.0,1.631,1.648,1.61,1.639,2.32,9.18,0.94,-5.57,254965.0,280957.0,-4955590.0,-5.67,-1931782.0,-2.21,-3023808.0,-3.46,3854205.0,4.41,1101386.0,1.26,-7.0,1.617,1.618,584076000.0,944450892,944450892,2026-01-20,2026-01-20 10:54:15+08:00
515860,科技ETF嘉实,1.754,1.7516,-0.14,-0.024,-1.35,19862.0,3505334.0,1.776,1.779,1.74,1.778,2.19,1.64,2.08,-4.52,11622.0,8240.0,-269010.0,-7.67,1150506.0,32.82,-1419516.0,-40.5,169155.0,4.83,99854.0,2.85,150.0,1.749,1.752,120878900.0,212021591,212021591,2026-01-20,2026-01-20 10:54:18+08:00
589580,科创综指ETF兴银,1.46,1.4593,-0.05,-0.02,-1.35,2067.0,305672.0,1.497,1.498,1.457,1.48,2.77,3.25,1.05,-2.35,665.0,1402.0,-188723.0,-61.74,0.0,0.0,-188723.0,-61.74,59554.0,19.48,129169.0,42.26,-2.0,1.459,1.46,6354800.0,9278008,9278008,2026-01-20,2026-01-20 10:54:12+08:00
561380,电网ETF,1.959,1.9568,-0.11,-0.027,-1.36,2371178.0,466209178.0,2.001,2.002,1.93,1.986,3.63,29.66,4.38,4.63,1024739.0,1346439.0,-106678123.0,-22.88,-99095361.0,-21.26,-7582762.0,-1.63,64776529.0,13.89,41881808.0,8.98,43.0,1.958,1.959,799413600.0,1566051242,1566051242,2026-01-20,2026-01-20 10:54:15+08:00
159628,国证2000ETF万家,1.453,1.4545,0.1,-0.02,-1.36,417452.0,60997967.886,1.476,1.478,1.444,1.473,2.31,6.9,1.89,-20.43,205049.0,212403.0,1289108.0,2.11,3761492.0,6.17,-2472384.0,-4.05,-3557224.0,-5.83,2268116.0,3.72,8.0,1.452,1.453,605283248.0,879476559,879476559,2026-01-20,2026-01-20 10:54:21+08:00
589600,科创综指ETF富国,1.44,1.4392,-0.06,-0.02,-1.37,44044.0,6369782.0,1.47,1.475,1.432,1.46,2.95,1.44,1.34,-1.66,14621.0,29423.0,-151685.0,-2.38,-1445896.0,-22.7,1294211.0,20.32,80752.0,1.27,70933.0,1.11,-137.0,1.438,1.44,305535008.0,439970412,439970412,2026-01-20,2026-01-20 10:54:14+08:00
515120,创新药ETF,0.647,0.6463,-0.11,-0.009,-1.37,3427265.0,223035400.0,0.658,0.658,0.645,0.656,1.98,2.71,1.28,17.53,1185951.0,2241314.0,-51170534.0,-22.94,-54009190.0,-24.22,2838656.0,1.27,32641115.0,14.63,18529419.0,8.31,-180.0,0.647,0.648,12642993664.0,8180016901,8180016901,2026-01-20,2026-01-20 10:54:19+08:00
159847,医疗ETF易方达,0.432,0.4324,0.09,-0.006,-1.37,387406.0,16811835.5,0.437,0.439,0.429,0.438,2.28,1.3,1.3,51.27,165023.0,222383.0,-3113885.0,-18.52,-3458991.0,-20.57,345106.0,2.05,1832649.0,10.9,1281235.0,7.62,503.0,0.431,0.432,2986825360.0,1290308556,1290308556,2026-01-20,2026-01-20 10:54:18+08:00
561350,国泰中证500ETF,1.287,1.2908,0.29,-0.018,-1.38,107551.0,13892370.0,1.304,1.314,1.28,1.305,2.61,12.55,1.81,30.4,39232.0,68319.0,-2238727.0,-16.11,2147915.0,15.46,-4386642.0,-31.58,1858912.0,13.38,379815.0,2.73,-5.0,1.286,1.288,85700000.0,110295900,110295900,2026-01-20,2026-01-20 10:54:14+08:00
560010,中证1000ETF广发,3.347,3.3523,0.16,-0.047,-1.38,1434591.0,485032440.0,3.383,3.411,3.33,3.394,2.39,1.36,1.57,-2.64,265676.0,1168915.0,-6720276.0,-1.39,-3020752.0,-0.62,-3699524.0,-0.76,5027944.0,1.04,1692331.0,0.35,-4.0,3.35,3.353,10569621760.0,35376524031,35376524031,2026-01-20,2026-01-20 10:54:15+08:00
159140,科创创业人工智能ETF易方达,1.143,1.1427,-0.03,-0.016,-1.38,295594.0,33891884.277,1.158,1.166,1.132,1.159,2.93,3.93,0.85,71.52,116465.0,179129.0,-5879200.0,-17.35,-5587459.0,-16.49,-291741.0,-0.86,2425446.0,7.16,3453755.0,10.19,-50.0,1.143,1.144,751936832.0,859463799,859463799,2026-01-20,2026-01-20 10:54:27+08:00
159542,工程机械ETF大成,1.502,1.5004,-0.11,-0.021,-1.38,5160.0,776939.8,1.523,1.523,1.49,1.523,2.17,5.67,0.73,4.74,3355.0,1805.0,-417224.0,-53.7,0.0,0.0,-417224.0,-53.7,238899.0,30.75,178326.0,22.95,10.0,1.498,1.502,9092850.0,13657461,13657461,2026-01-20,2026-01-20 10:54:18+08:00
510570,中证500ETF兴业,1.278,1.2786,0.05,-0.018,-1.39,2945.0,375878.0,1.291,1.292,1.274,1.296,1.39,1.28,0.75,57.67,892.0,2053.0,-86208.0,-22.94,0.0,0.0,-86208.0,-22.94,117638.0,31.3,-31429.0,-8.36,-1.0,1.275,1.31,23060600.0,29471447,29471447,2026-01-20,2026-01-20 10:54:16+08:00
560260,医疗ETF广发,0.92,0.9209,0.1,-0.013,-1.39,88656.0,8196116.0,0.933,0.936,0.915,0.933,2.25,0.52,0.96,-9.4,59213.0,29443.0,-301139.0,-3.67,-1520522.0,-18.55,1219383.0,14.88,-87745.0,-1.07,388885.0,4.74,53.0,0.919,0.92,1716664704.0,1579331528,1579331528,2026-01-20,2026-01-20 10:54:15+08:00
159629,1000ETF,3.346,3.3464,0.01,-0.047,-1.39,1241858.0,418920165.671,3.392,3.403,3.324,3.393,2.33,3.34,1.62,47.95,228565.0,1013293.0,-13292639.0,-3.17,35770338.0,8.54,-49062977.0,-11.71,10687068.0,2.55,2605565.0,0.62,1.0,3.346,3.348,3721252656.0,12451311387,12451311387,2026-01-20,2026-01-20 10:54:24+08:00
159287,创业板综ETF博时,1.138,1.1408,0.25,-0.016,-1.39,26335.0,3016383.652,1.154,1.159,1.132,1.154,2.34,0.81,0.5,-3.0,15543.0,10792.0,-349283.0,-11.58,0.0,0.0,-349283.0,-11.58,260515.0,8.64,88767.0,2.94,-2061.0,1.139,1.141,325568752.0,370497240,370497240,2026-01-20,2026-01-20 10:54:24+08:00
560660,云50ETF,2.186,2.1831,-0.13,-0.031,-1.4,39836.0,8739538.0,2.222,2.24,2.16,2.217,3.61,6.23,1.03,-2.06,17664.0,22172.0,609786.0,6.98,0.0,0.0,609786.0,6.98,-57083.0,-0.65,-552703.0,-6.32,1.0,2.181,2.182,63969000.0,139836234,139836234,2026-01-20,2026-01-20 10:54:15+08:00
159761,新材料50ETF,0.771,0.7704,-0.08,-0.011,-1.41,78451.0,6106025.2,0.783,0.79,0.768,0.782,2.81,3.37,1.32,-11.58,36973.0,41478.0,51784.0,0.85,393500.0,6.44,-341716.0,-5.6,-269920.0,-4.42,218135.0,3.57,-35.0,0.77,0.772,232734117.0,179438004,179438004,2026-01-20,2026-01-20 10:54:18+08:00
510410,资源ETF,1.961,1.961,0.0,-0.028,-1.41,183887.0,36074994.0,1.992,2.005,1.94,1.989,3.27,4.48,2.28,13.95,103105.0,80782.0,-9030004.0,-25.03,-6691073.0,-18.55,-2338931.0,-6.48,7617992.0,21.12,1412012.0,3.91,340.0,1.961,1.962,410258400.0,804516722,804516722,2026-01-20,2026-01-20 10:54:20+08:00
159299,金融科技ETF易方达,0.979,0.9791,0.01,-0.014,-1.41,213863.0,21086552.538,0.993,1.001,0.974,0.993,2.72,9.7,1.55,84.69,53609.0,160254.0,1571437.0,7.45,3775988.0,17.91,-2204551.0,-10.45,-2057601.0,-9.76,486165.0,2.31,0.0,0.979,0.98,220472981.0,215843048,215843048,2026-01-20,2026-01-20 10:54:24+08:00
588950,科创50ETF景顺,1.538,1.5387,0.05,-0.022,-1.41,32496.0,5033945.0,1.56,1.576,1.529,1.56,3.01,1.69,1.35,-14.75,21081.0,11415.0,-1321859.0,-26.26,737422.0,14.65,-2059281.0,-40.91,899901.0,17.88,421957.0,8.38,-1590.0,1.537,1.542,191729700.0,294880279,294880279,2026-01-20,2026-01-20 10:54:14+08:00
159322,黄金股票ETF基金,1.886,1.8873,0.07,-0.027,-1.41,35618.0,6713400.5,1.914,1.925,1.858,1.913,3.5,7.07,1.39,5.66,19749.0,15869.0,-1995885.0,-29.73,0.0,0.0,-1995885.0,-29.73,-163712.0,-2.44,2159598.0,32.17,-31.0,1.883,1.886,50411691.0,95076449,95076449,2026-01-20,2026-01-20 10:54:18+08:00
159852,软件ETF,0.971,0.9693,-0.18,-0.014,-1.42,11642159.0,1137237413.535,0.99,0.996,0.959,0.985,3.76,7.83,1.01,58.27,5872451.0,5769708.0,-335754598.0,-29.52,-295155904.0,-25.95,-40598694.0,-3.57,76641278.0,6.74,259113333.0,22.78,148.0,0.969,0.97,14872623872.0,14441317780,14441317780,2026-01-20,2026-01-20 10:54:21+08:00
159142,科创创业人工智能ETF景顺,1.11,1.11,0.0,-0.016,-1.42,489485.0,54678672.11,1.13,1.133,1.1,1.126,2.93,7.78,0.98,80.35,143763.0,345722.0,-2539710.0,-4.65,-2287729.0,-4.19,-251981.0,-0.46,-1713113.0,-3.13,4252822.0,7.78,-135.0,1.11,1.111,629260144.0,698478760,698478760,2026-01-20,2026-01-20 10:54:27+08:00
159998,计算机ETF,1.109,1.1083,-0.06,-0.016,-1.42,939526.0,104667740.776,1.124,1.135,1.1,1.125,3.11,3.22,0.65,55.04,340042.0,599485.0,1738612.0,1.66,11723711.0,11.2,-9985099.0,-9.54,-1880543.0,-1.8,141931.0,0.14,-28.0,1.109,1.11,2920655360.0,3239006794,3239006794,2026-01-20,2026-01-20 10:54:18+08:00
516100,金融科技ETF华夏,1.46,1.459,-0.07,-0.021,-1.42,334339.0,49168464.0,1.489,1.493,1.45,1.481,2.9,3.52,1.13,30.29,110876.0,223463.0,-11938869.0,-24.28,-15608279.0,-31.74,3669410.0,7.46,7690236.0,15.64,4248633.0,8.64,-305.0,1.459,1.46,948759696.0,1385189156,1385189156,2026-01-20,2026-01-20 10:54:17+08:00
512290,生物医药ETF,1.042,1.0407,-0.12,-0.015,-1.42,678144.0,70965969.0,1.059,1.06,1.037,1.057,2.18,2.08,2.05,25.11,219541.0,458603.0,-24571487.0,-34.62,-36816920.0,-51.88,12245433.0,17.26,15787281.0,22.25,8784207.0,12.38,6.0,1.041,1.042,3262820704.0,3399859174,3399859174,2026-01-20,2026-01-20 10:54:18+08:00
588420,科创创业人工智能ETF摩根,1.11,1.1088,-0.11,-0.016,-1.42,215861.0,24000429.0,1.12,1.13,1.098,1.126,2.84,5.37,0.6,13.13,67879.0,147982.0,-3483508.0,-14.51,-232022.0,-0.97,-3251486.0,-13.55,631726.0,2.63,2851782.0,11.88,-155.0,1.109,1.11,401648000.0,445829280,445829280,2026-01-20,2026-01-20 10:54:11+08:00
588820,科创200ETF华夏,1.855,1.8536,-0.08,-0.027,-1.43,153088.0,28788826.0,1.875,1.897,1.839,1.882,3.08,5.9,1.83,3.99,53457.0,99631.0,190217.0,0.66,1839206.0,6.39,-1648989.0,-5.73,-385987.0,-1.34,195769.0,0.68,150.0,1.854,1.856,259400000.0,481187000,481187000,2026-01-20,2026-01-20 10:54:14+08:00
588140,科创200ETF广发,1.172,1.1695,-0.21,-0.017,-1.43,37623.0,4447441.0,1.188,1.198,1.164,1.189,2.86,1.01,0.63,15.21,12145.0,25478.0,-244553.0,-5.5,1188000.0,26.71,-1432553.0,-32.21,72830.0,1.64,171722.0,3.86,83.0,1.173,1.175,370751008.0,434520181,434520181,2026-01-20,2026-01-20 10:54:12+08:00
159335,央企科创ETF,1.514,1.5189,0.32,-0.022,-1.43,36155.0,5511947.1,1.535,1.546,1.501,1.536,2.93,2.07,2.2,-31.69,17736.0,18419.0,-751522.0,-13.63,0.0,0.0,-751522.0,-13.63,-398112.0,-7.22,1149634.0,20.86,-10.0,1.513,1.517,174883689.0,264773905,264773905,2026-01-20,2026-01-20 10:54:24+08:00
561550,500增强ETF,1.378,1.3742,-0.28,-0.02,-1.43,181357.0,25194521.0,1.4,1.404,1.368,1.398,2.58,1.33,1.75,19.64,78657.0,102700.0,-2868959.0,-11.39,-7466007.0,-29.63,4597048.0,18.25,2316708.0,9.2,552251.0,2.19,41.0,1.376,1.377,1366489600.0,1883022669,1883022669,2026-01-20,2026-01-20 10:54:13+08:00
159939,信息技术ETF,0.966,0.9665,0.05,-0.014,-1.43,145743.0,14123717.2,0.978,0.985,0.959,0.98,2.65,1.1,0.95,52.68,47465.0,98278.0,1101062.0,7.8,1633202.0,11.56,-532140.0,-3.77,-1557377.0,-11.03,456315.0,3.23,-33.0,0.966,0.967,1329656112.0,1284447804,1284447804,2026-01-20,2026-01-20 10:54:21+08:00
159505,国证2000指数ETF,1.588,1.592,0.25,-0.023,-1.43,11500.0,1843653.0,1.611,1.621,1.581,1.611,2.48,10.36,1.34,26.1,3163.0,8337.0,192025.0,10.42,0.0,0.0,192025.0,10.42,-211797.0,-11.49,19773.0,1.07,-61.0,1.59,1.591,11104786.0,17634400,17634400,2026-01-20,2026-01-20 10:54:24+08:00
159541,创业板综ETF万家,1.584,1.5855,0.09,-0.023,-1.43,11470.0,1833091.79,1.604,1.614,1.576,1.607,2.36,1.32,0.57,-4.74,4781.0,6689.0,-103128.0,-5.63,0.0,0.0,-103128.0,-5.63,26117.0,1.42,77012.0,4.2,20.0,1.584,1.585,87093326.0,137955828,137955828,2026-01-20,2026-01-20 10:54:24+08:00
159807,科技ETF易方达,0.758,0.7588,0.11,-0.011,-1.43,216655.0,16564896.9,0.77,0.774,0.754,0.769,2.6,1.95,1.06,46.91,102734.0,113921.0,-735991.0,-4.44,-888141.0,-5.36,152150.0,0.92,-134404.0,-0.81,870395.0,5.25,-99.0,0.758,0.759,1112051424.0,842934979,842934979,2026-01-20,2026-01-20 10:54:21+08:00
159836,创业板300ETF天弘,1.243,1.2416,-0.11,-0.018,-1.43,2513.0,312382.5,1.261,1.261,1.233,1.261,2.22,0.21,0.46,41.6,1282.0,1231.0,-141308.0,-45.24,0.0,0.0,-141308.0,-45.24,125655.0,40.22,15652.0,5.01,402.0,1.24,1.242,117747113.0,146359661,146359661,2026-01-20,2026-01-20 10:54:21+08:00
588410,科创创业人工智能ETF鹏华,1.102,1.1026,0.05,-0.016,-1.43,153577.0,16982334.0,1.118,1.122,1.091,1.118,2.77,5.46,0.99,44.03,66532.0,87045.0,-402574.0,-2.37,3161935.0,18.62,-3564509.0,-20.99,-507989.0,-2.99,910562.0,5.36,-169.0,1.1,1.104,281250000.0,309937500,309937500,2026-01-20,2026-01-20 10:54:12+08:00
510510,中证500ETF广发,2.604,2.6101,0.23,-0.038,-1.44,145901.0,38215520.0,2.648,2.656,2.59,2.642,2.5,1.61,1.49,6.56,60995.0,84906.0,-8676199.0,-22.7,-1608954.0,-4.21,-7067245.0,-18.49,4789996.0,12.53,3886203.0,10.17,701.0,2.603,2.608,905038304.0,2356719744,2356719744,2026-01-20,2026-01-20 10:54:19+08:00
561310,消电ETF,1.234,1.2329,-0.09,-0.018,-1.44,25877.0,3200873.0,1.25,1.255,1.223,1.252,2.56,5.64,3.39,2.28,10339.0,15538.0,304104.0,9.5,0.0,0.0,304104.0,9.5,-300112.0,-9.38,-3993.0,-0.12,-88.0,1.232,1.234,45916600.0,56661084,56661084,2026-01-20,2026-01-20 10:54:14+08:00
159131,港股信息技术ETF,0.954,0.954,0.0,-0.014,-1.45,367786.0,35258753.206,0.968,0.972,0.946,0.968,2.69,12.86,1.18,-19.43,177943.0,189843.0,-954972.0,-2.71,-274619.0,-0.78,-680353.0,-1.93,-18492.0,-0.05,973464.0,2.76,-53.0,0.954,0.955,285919904.0,272767588,272767588,2026-01-20,2026-01-20 10:54:27+08:00
588250,科创生物医药ETF,1.155,1.1524,-0.23,-0.017,-1.45,34838.0,4043044.0,1.172,1.177,1.149,1.172,2.39,1.74,1.17,6.54,12602.0,22236.0,-1675600.0,-41.44,-1298285.0,-32.11,-377315.0,-9.33,939282.0,23.23,736317.0,18.21,-10.0,1.153,1.154,199675000.0,230624625,230624625,2026-01-20,2026-01-20 10:54:11+08:00
563050,央企科技ETF易方达,1.215,1.2174,0.2,-0.018,-1.46,32642.0,4002493.0,1.238,1.25,1.204,1.233,3.73,2.55,1.22,2.18,16986.0,15656.0,-316632.0,-7.91,124.0,0.0,-316756.0,-7.91,285277.0,7.13,31354.0,0.78,-184.0,1.215,1.217,128208400.0,155773206,155773206,2026-01-20,2026-01-20 10:54:14+08:00
588270,科创200ETF易方达,1.623,1.6176,-0.33,-0.024,-1.46,50747.0,8261939.0,1.64,1.662,1.607,1.647,3.34,1.03,1.25,-13.26,21093.0,29654.0,-249810.0,-3.02,-2278661.0,-27.58,2028851.0,24.56,92145.0,1.12,157665.0,1.91,20.0,1.619,1.62,493410000.0,800804430,800804430,2026-01-20,2026-01-20 10:54:14+08:00
589050,科创综指ETF兴业,1.281,1.2791,-0.15,-0.019,-1.46,23100.0,2983907.0,1.304,1.308,1.273,1.3,2.69,2.24,1.25,14.29,16184.0,6916.0,-1250667.0,-41.91,0.0,0.0,-1250667.0,-41.91,1077981.0,36.13,172686.0,5.79,1.0,1.278,1.283,102968000.0,131902008,131902008,2026-01-20,2026-01-20 10:54:14+08:00
159908,创业板ETF博时,3.045,3.0462,0.04,-0.045,-1.46,104778.0,32037452.3,3.099,3.108,3.029,3.09,2.56,2.81,2.51,66.81,33282.0,71496.0,-573188.0,-1.79,3867876.0,12.07,-4441064.0,-13.86,-365114.0,-1.14,938301.0,2.93,-26.0,3.044,3.05,372229024.0,1133437378,1133437378,2026-01-20,2026-01-20 10:54:21+08:00
588460,科创50增强ETF,1.759,1.7565,-0.14,-0.026,-1.46,195876.0,34729579.0,1.782,1.799,1.748,1.785,2.86,2.97,1.42,8.31,85334.0,110542.0,-2309461.0,-6.65,-934310.0,-2.69,-1375151.0,-3.96,-280253.0,-0.81,2589714.0,7.46,1.0,1.758,1.759,660014000.0,1160964626,1160964626,2026-01-20,2026-01-20 10:54:09+08:00
159676,创业板增强ETF富国,1.476,1.476,0.0,-0.022,-1.47,21823.0,3242743.9,1.498,1.502,1.468,1.498,2.27,1.67,1.14,12.92,8903.0,12920.0,319804.0,9.86,0.0,0.0,319804.0,9.86,-320319.0,-9.88,514.0,0.02,13.0,1.476,1.477,130564183.0,192712734,192712734,2026-01-20,2026-01-20 10:54:24+08:00
589950,科创100ETF富国,1.143,1.1406,-0.21,-0.017,-1.47,37808.0,4336199.0,1.159,1.167,1.132,1.16,3.02,1.1,0.9,18.04,13276.0,24532.0,150084.0,3.46,386733.0,8.92,-236649.0,-5.46,-302705.0,-6.98,152621.0,3.52,-78.0,1.14,1.142,342873008.0,391903848,391903848,2026-01-20,2026-01-20 10:54:13+08:00
588980,科创100ETF广发,1.407,1.4037,-0.24,-0.021,-1.47,14854.0,2101918.0,1.428,1.438,1.392,1.428,3.22,5.52,1.05,-0.37,3874.0,10980.0,253073.0,12.04,0.0,0.0,253073.0,12.04,-323814.0,-15.41,70741.0,3.37,355.0,1.403,1.405,26920000.0,37876440,37876440,2026-01-20,2026-01-20 10:54:14+08:00
159620,中证500成长ETF华夏,1.277,1.2756,-0.11,-0.019,-1.47,15364.0,1979731.3,1.296,1.299,1.269,1.296,2.31,4.78,1.9,0.3,5830.0,9534.0,-503300.0,-25.42,0.0,0.0,-503300.0,-25.42,446106.0,22.53,57194.0,2.89,-30.0,1.273,1.275,32140934.0,41043973,41043973,2026-01-20,2026-01-20 10:54:21+08:00
159922,中证500ETF,3.279,3.2855,0.2,-0.049,-1.47,894341.0,294726260.5,3.328,3.349,3.26,3.328,2.67,1.66,1.25,55.38,487250.0,407091.0,-57001649.0,-19.34,-50770671.0,-17.23,-6230978.0,-2.11,41178017.0,13.97,15823632.0,5.37,8.0,3.281,3.283,5377676800.0,17633402227,17633402227,2026-01-20,2026-01-20 10:54:21+08:00
562700,汽车零部件ETF,1.602,1.5995,-0.16,-0.024,-1.48,291789.0,47319337.0,1.62,1.639,1.59,1.626,3.01,18.04,4.75,4.94,65071.0,226718.0,-1495416.0,-3.16,4785737.0,10.11,-6281153.0,-13.27,363998.0,0.77,1131418.0,2.39,-81.0,1.602,1.603,161750000.0,259123500,259123500,2026-01-20,2026-01-20 10:54:15+08:00
589660,科创综指ETF南方,1.467,1.461,-0.41,-0.022,-1.48,329039.0,48554866.0,1.484,1.496,1.454,1.489,2.82,9.63,2.5,7.74,159496.0,169543.0,-187006.0,-0.39,-2792180.0,-5.75,2605174.0,5.37,17985.0,0.04,169020.0,0.35,-665.0,1.463,1.464,341530000.0,501024510,501024510,2026-01-20,2026-01-20 10:54:11+08:00
517400,黄金股票ETF,1.852,1.8409,-0.6,-0.028,-1.49,123417.0,22840089.0,1.885,1.893,1.822,1.88,3.78,4.32,2.07,22.34,52712.0,70705.0,-5539184.0,-24.26,-255274.0,-1.12,-5283910.0,-23.14,537876.0,2.36,5001308.0,21.9,-30.0,1.852,1.854,285792000.0,529286784,529286784,2026-01-20,2026-01-20 10:54:16+08:00
515910,质量ETF,0.663,0.6625,-0.08,-0.01,-1.49,22030.0,1462153.0,0.67,0.67,0.658,0.673,1.78,0.67,1.51,6.82,2677.0,19353.0,-217563.0,-14.88,-38800.0,-2.65,-178763.0,-12.23,134745.0,9.22,82818.0,5.66,3.0,0.661,0.662,326507008.0,216474146,216474146,2026-01-20,2026-01-20 10:54:15+08:00
562950,消费电子ETF易方达,1.313,1.3114,-0.12,-0.02,-1.5,154636.0,20389172.0,1.33,1.336,1.301,1.333,2.63,2.06,1.08,-5.75,74757.0,79879.0,-906203.0,-4.44,1076917.0,5.28,-1983120.0,-9.73,-54939.0,-0.27,961142.0,4.71,11.0,1.311,1.312,749258304.0,983776153,983776153,2026-01-20,2026-01-20 10:54:15+08:00
159145,工业软件ETF广发,0.984,0.9841,0.01,-0.015,-1.5,109849.0,10901946.712,1.002,1.006,0.975,0.999,3.1,6.8,0.31,30.53,47739.0,62110.0,-1800878.0,-16.52,691764.0,6.35,-2492642.0,-22.86,761133.0,6.98,1039745.0,9.54,-1.0,0.983,0.985,161581845.0,158996535,158996535,2026-01-20,2026-01-20 10:54:21+08:00
561100,消费电子ETF富国,1.37,1.3695,-0.04,-0.021,-1.51,119856.0,16531597.0,1.389,1.397,1.357,1.391,2.88,1.86,1.22,-0.56,67117.0,52739.0,-1757137.0,-10.63,-2796304.0,-16.91,1039167.0,6.29,1012415.0,6.12,744722.0,4.5,500.0,1.368,1.37,642746896.0,880563248,880563248,2026-01-20,2026-01-20 10:54:15+08:00
516960,机械ETF,1.034,1.0319,-0.2,-0.016,-1.52,8159.0,846973.0,1.05,1.051,1.027,1.05,2.29,5.08,2.29,-4.05,3954.0,4205.0,184240.0,21.75,0.0,0.0,184240.0,21.75,-130840.0,-15.45,-53401.0,-6.3,-7.0,1.032,1.036,16051100.0,16596837,16596837,2026-01-20,2026-01-20 10:54:17+08:00
159892,恒生医药ETF,0.837,0.8386,0.19,-0.013,-1.53,7161234.0,603383629.656,0.845,0.853,0.832,0.85,2.47,8.71,1.33,-6.68,3345215.0,3816019.0,-18461970.0,-3.06,-7280576.0,-1.21,-11181394.0,-1.85,11254661.0,1.87,7207295.0,1.19,17.0,0.836,0.837,8217265920.0,6877851575,6877851575,2026-01-20,2026-01-20 10:54:21+08:00
159915,创业板ETF易方达,3.267,3.2693,0.07,-0.051,-1.54,12236439.0,4025775785.623,3.319,3.335,3.248,3.318,2.62,5.17,1.17,61.48,4780222.0,7456217.0,-250955696.0,-6.23,-38208.0,0.0,-250917488.0,-6.23,54158912.0,1.35,196796779.0,4.89,-64.0,3.267,3.268,23658455040.0,77292172616,77292172616,2026-01-20,2026-01-20 10:54:21+08:00
560590,中证1000增强ETF鹏华,1.537,1.5416,0.3,-0.024,-1.54,37479.0,5779952.0,1.566,1.566,1.528,1.561,2.43,19.02,5.28,34.25,14427.0,23052.0,105997.0,1.83,0.0,0.0,105997.0,1.83,-104456.0,-1.81,-1541.0,-0.03,-1951.0,1.536,1.54,19710000.0,30294270,30294270,2026-01-20,2026-01-20 10:54:14+08:00
159779,消费电子50ETF,1.214,1.217,0.25,-0.019,-1.54,62022.0,7533770.0,1.236,1.236,1.204,1.233,2.6,3.2,1.54,29.06,37490.0,24532.0,494063.0,6.56,-2304708.0,-30.59,2798771.0,37.15,-599594.0,-7.96,105532.0,1.4,10.0,1.212,1.213,193869337.0,235357375,235357375,2026-01-20,2026-01-20 10:54:21+08:00
512330,信息科技ETF南方,1.661,1.6614,0.02,-0.026,-1.54,28163.0,4687102.0,1.69,1.702,1.643,1.687,3.5,0.72,2.07,25.77,13175.0,14988.0,-86525.0,-1.85,0.0,0.0,-86525.0,-1.85,-90549.0,-1.93,177073.0,3.78,-30.0,1.657,1.662,391188000.0,649763268,649763268,2026-01-20,2026-01-20 10:54:16+08:00
588520,科创增强ETF,1.403,1.3999,-0.22,-0.022,-1.54,5703.0,802842.0,1.425,1.437,1.392,1.425,3.16,3.36,0.74,14.68,3742.0,1961.0,-23277.0,-2.9,0.0,0.0,-23277.0,-2.9,54536.0,6.79,-31260.0,-3.89,-7.0,1.401,1.402,16957000.0,23790671,23790671,2026-01-20,2026-01-20 10:54:12+08:00
159562,黄金股ETF,2.553,2.5408,-0.48,-0.04,-1.54,626234.0,160037105.5,2.614,2.614,2.522,2.593,3.55,3.87,1.76,-71.53,220450.0,405784.0,-19419660.0,-12.13,-16266400.0,-10.16,-3153260.0,-1.97,7416832.0,4.63,12002828.0,7.5,-14.0,2.554,2.555,1619130512.0,4133640197,4133640197,2026-01-20,2026-01-20 10:54:24+08:00
159918,中创400ETF,2.613,2.6128,-0.01,-0.041,-1.54,1497.0,393607.8,2.66,2.66,2.598,2.654,2.34,0.47,1.82,-0.8,983.0,514.0,-173895.0,-44.18,0.0,0.0,-173895.0,-44.18,41856.0,10.63,132040.0,33.55,-1.0,2.609,2.612,31561264.0,82469583,82469583,2026-01-20,2026-01-20 10:54:21+08:00
159590,软件50ETF,1.269,1.2684,-0.05,-0.02,-1.55,468238.0,59768991.7,1.29,1.304,1.255,1.289,3.8,7.5,0.74,71.54,191650.0,276588.0,-6104718.0,-10.24,-1102039.0,-1.85,-5002679.0,-8.39,1731221.0,2.9,4373497.0,7.33,1076.0,1.268,1.27,624361744.0,792315053,792315053,2026-01-20,2026-01-20 10:54:24+08:00
560110,中证1000ETF汇添富,1.204,1.2054,0.12,-0.019,-1.55,128268.0,15500862.0,1.222,1.226,1.196,1.223,2.45,7.69,2.3,12.86,67281.0,60987.0,-3174149.0,-20.48,-5570549.0,-35.94,2396400.0,15.46,2523236.0,16.28,650910.0,4.2,8.0,1.202,1.204,166903500.0,200951814,200951814,2026-01-20,2026-01-20 10:54:15+08:00
512720,计算机ETF,1.325,1.3257,0.05,-0.021,-1.56,193782.0,25806943.0,1.346,1.357,1.313,1.346,3.27,2.24,0.44,27.65,73013.0,120769.0,3363777.0,13.03,-942610.0,-3.65,4306387.0,16.69,-3806925.0,-14.75,443148.0,1.72,136.0,1.324,1.325,864453408.0,1145400766,1145400766,2026-01-20,2026-01-20 10:54:18+08:00
516860,金融科技ETF博时,1.511,1.5111,0.01,-0.024,-1.56,369306.0,56134761.0,1.537,1.545,1.504,1.535,2.67,3.32,0.76,16.72,135493.0,233813.0,-10705374.0,-19.07,-13992146.0,-24.93,3286772.0,5.86,3278233.0,5.84,7427141.0,13.23,37.0,1.511,1.512,1112522000.0,1681020742,1681020742,2026-01-20,2026-01-20 10:54:18+08:00
588130,科创医药ETF华夏,1.133,1.1322,-0.07,-0.018,-1.56,32398.0,3683018.0,1.153,1.158,1.129,1.151,2.52,8.08,1.76,1.76,10902.0,21496.0,68802.0,1.9,329360.0,9.11,-260558.0,-7.21,-206964.0,-5.72,138162.0,3.82,-589.0,1.133,1.134,40082600.0,45413586,45413586,2026-01-20,2026-01-20 10:54:13+08:00
159703,新材料ETF,0.88,0.8798,-0.02,-0.014,-1.57,18767.0,1669983.0,0.895,0.903,0.877,0.894,2.91,2.38,0.63,-5.08,7299.0,11468.0,-97436.0,-5.83,-117618.0,-7.04,20182.0,1.21,-56792.0,-3.4,154229.0,9.24,-50.0,0.879,0.881,78781591.0,69327800,69327800,2026-01-20,2026-01-20 10:54:21+08:00
562010,绿色能源ETF,1.003,0.9947,-0.83,-0.016,-1.57,12349.0,1242327.0,1.02,1.025,0.991,1.019,3.34,5.8,2.37,-87.31,5195.0,7154.0,464839.0,37.42,79470.0,6.4,385369.0,31.02,-356076.0,-28.66,-108764.0,-8.75,6.0,1.002,1.003,21298700.0,21362596,21362596,2026-01-20,2026-01-20 10:54:13+08:00
588900,科创100ETF南方,1.57,1.5668,-0.2,-0.025,-1.57,232624.0,36938758.0,1.6,1.605,1.555,1.595,3.13,4.68,3.17,7.22,65918.0,166706.0,-858907.0,-2.33,1010053.0,2.73,-1868960.0,-5.06,869758.0,2.35,-10853.0,-0.03,-64.0,1.566,1.568,496783008.0,779949323,779949323,2026-01-20,2026-01-20 10:54:13+08:00
159108,工业软件ETF,1.121,1.1213,0.03,-0.018,-1.58,114720.0,12903030.365,1.139,1.151,1.11,1.139,3.6,5.24,0.93,24.68,45438.0,69282.0,-57152.0,-0.44,1081997.0,8.39,-1139149.0,-8.83,-2092728.0,-16.22,2149880.0,16.66,-7.0,1.12,1.123,218738511.0,245205871,245205871,2026-01-20,2026-01-20 10:54:27+08:00
516050,科技龙头ETF,1.118,1.1175,-0.04,-0.018,-1.58,47743.0,5341173.0,1.136,1.137,1.107,1.136,2.64,1.85,0.88,-1.17,17216.0,30527.0,81019.0,1.52,792500.0,14.84,-711481.0,-13.32,-468725.0,-8.78,387706.0,7.26,-51.0,1.116,1.118,258228000.0,288698904,288698904,2026-01-20,2026-01-20 10:54:15+08:00
159948,创业板ETF南方,3.618,3.6205,0.07,-0.058,-1.58,102905.0,37470917.9,3.675,3.693,3.6,3.676,2.53,0.75,1.42,45.63,41461.0,61444.0,-1590686.0,-4.25,845326.0,2.26,-2436012.0,-6.5,-1628154.0,-4.35,3218840.0,8.59,-1.0,3.619,3.623,1376697728.0,4980892380,4980892380,2026-01-20,2026-01-20 10:54:21+08:00
159575,创业板200ETF银华,1.562,1.5621,0.01,-0.025,-1.58,3481.0,547561.652,1.591,1.591,1.549,1.587,2.65,2.26,0.34,-0.64,334.0,3147.0,366651.0,66.96,0.0,0.0,366651.0,66.96,-315284.0,-57.58,-51367.0,-9.38,-45.0,1.558,1.56,15410425.0,24071084,24071084,2026-01-20,2026-01-20 10:54:24+08:00
159944,材料ETF,1.613,1.6134,0.02,-0.026,-1.59,24334.0,3973132.9,1.659,1.678,1.599,1.639,4.82,7.7,2.19,0.19,5190.0,19144.0,-1102316.0,-27.74,-1219591.0,-30.7,117275.0,2.95,538227.0,13.55,564090.0,14.2,-2000.0,1.613,1.615,31608342.0,50984256,50984256,2026-01-20,2026-01-20 10:54:21+08:00
159533,中证2000ETF基金,1.977,1.9695,-0.38,-0.032,-1.59,11396.0,2257224.9,2.0,2.0,1.962,2.009,1.89,15.28,2.09,-20.64,6266.0,5130.0,158261.0,7.01,0.0,0.0,158261.0,7.01,-361880.0,-16.03,203619.0,9.02,-67.0,1.977,1.978,7458785.0,14746018,14746018,2026-01-20,2026-01-20 10:54:18+08:00
512220,TMTETF,3.01,3.0125,0.08,-0.049,-1.6,16520.0,5002937.0,3.067,3.067,2.98,3.059,2.84,0.88,1.39,1.08,6427.0,10093.0,-75984.0,-1.52,0.0,0.0,-75984.0,-1.52,207883.0,4.16,-131899.0,-2.64,2.0,3.008,3.009,187467600.0,564277476,564277476,2026-01-20,2026-01-20 10:54:20+08:00
159320,电网ETF,1.963,1.9595,-0.18,-0.032,-1.6,656273.0,128919409.689,1.996,1.997,1.93,1.995,3.36,26.49,2.49,5.53,328367.0,327906.0,-15062202.0,-11.68,-2171155.0,-1.68,-12891047.0,-10.0,1159452.0,0.9,13902751.0,10.78,151.0,1.962,1.963,247745173.0,486323775,486323775,2026-01-20,2026-01-20 10:54:24+08:00
159876,有色ETF华宝,1.106,1.1023,-0.34,-0.018,-1.6,561680.0,62640592.7,1.126,1.137,1.09,1.124,4.18,3.88,1.48,48.01,253166.0,308514.0,-714630.0,-1.14,-5058990.0,-8.08,4344360.0,6.94,-5221491.0,-8.34,5936119.0,9.48,205.0,1.106,1.107,1445977024.0,1599250589,1599250589,2026-01-20,2026-01-20 10:54:21+08:00
159964,创业板ETF平安,2.135,2.1348,-0.01,-0.035,-1.61,13010.0,2782624.4,2.171,2.171,2.125,2.17,2.12,0.59,1.42,58.03,5884.0,7126.0,79390.0,2.85,7371.0,0.26,72019.0,2.59,-271533.0,-9.76,192143.0,6.91,-100.0,2.133,2.138,221481881.0,472863816,472863816,2026-01-20,2026-01-20 10:54:21+08:00
560990,中金科技先锋ETF,1.151,1.1545,0.3,-0.019,-1.62,5239.0,602220.0,1.171,1.171,1.148,1.17,1.97,2.26,0.94,-4.21,2189.0,3050.0,90172.0,14.97,0.0,0.0,90172.0,14.97,-97228.0,-16.14,7056.0,1.17,1.0,1.15,1.152,23187100.0,26688352,26688352,2026-01-20,2026-01-20 10:54:14+08:00
588310,双创ETF基金,1.031,1.0245,-0.63,-0.017,-1.62,15628.0,1613570.0,1.049,1.05,1.022,1.048,2.67,3.21,0.92,25.91,7356.0,8272.0,-147690.0,-9.15,0.0,0.0,-147690.0,-9.15,-17466.0,-1.08,165157.0,10.24,734.0,1.027,1.029,48637500.0,50145263,50145263,2026-01-20,2026-01-20 10:54:13+08:00
159872,智能网联汽车ETF,1.094,1.0959,0.17,-0.018,-1.62,11993.0,1321378.2,1.107,1.116,1.088,1.112,2.52,1.97,0.73,21.4,4037.0,7956.0,378034.0,28.61,470283.0,35.59,-92249.0,-6.98,-203704.0,-15.42,-174329.0,-13.19,-100.0,1.094,1.096,60799732.0,66514907,66514907,2026-01-20,2026-01-20 10:54:18+08:00
159880,有色ETF鹏华,2.167,2.166,-0.05,-0.036,-1.63,233052.0,50778359.1,2.219,2.229,2.138,2.203,4.13,3.67,1.4,23.58,87342.0,145710.0,-5862879.0,-11.55,1624035.0,3.2,-7486914.0,-14.74,-2126435.0,-4.19,7989316.0,15.73,-132.0,2.168,2.169,634551520.0,1375073144,1375073144,2026-01-20,2026-01-20 10:54:21+08:00
159952,创业板ETF广发,1.988,1.9886,0.03,-0.033,-1.63,683623.0,136556446.9,2.021,2.029,1.976,2.021,2.62,0.96,1.24,42.99,350707.0,332916.0,-26972349.0,-19.75,-21615869.0,-15.83,-5356480.0,-3.92,9440392.0,6.91,17531957.0,12.84,1093.0,1.988,1.989,7137784832.0,14189916246,14189916246,2026-01-20,2026-01-20 10:54:21+08:00
517390,云计算ETF天弘,1.925,1.9304,0.28,-0.032,-1.64,56690.0,10912136.0,1.951,1.972,1.904,1.957,3.47,3.15,1.39,-26.95,15321.0,41369.0,-75650.0,-0.69,-1149746.0,-10.54,1074096.0,9.84,-794103.0,-7.28,869753.0,7.97,31.0,1.923,1.925,180112600.0,346716755,346716755,2026-01-20,2026-01-20 10:54:16+08:00
159971,创业板ETF富国,1.141,1.1381,-0.25,-0.019,-1.64,268268.0,30770200.3,1.158,1.163,1.133,1.16,2.59,1.51,1.6,64.12,97806.0,170462.0,-6192370.0,-20.12,-114329.0,-0.37,-6078041.0,-19.75,2048044.0,6.66,4144326.0,13.47,7.0,1.139,1.14,1780020288.0,2031003149,2031003149,2026-01-20,2026-01-20 10:54:18+08:00
159871,有色金属ETF,2.155,2.1483,-0.31,-0.036,-1.64,402075.0,86975718.7,2.193,2.216,2.122,2.191,4.29,10.37,1.69,-61.9,130016.0,272059.0,-17579130.0,-20.24,2720024.0,3.13,-20299154.0,-23.37,795224.0,0.92,16783908.0,19.32,556.0,2.154,2.156,387866256.0,835851782,835851782,2026-01-20,2026-01-20 10:54:21+08:00
159709,物联网ETF工银,1.501,1.5032,0.15,-0.025,-1.64,3216.0,483061.3,1.525,1.525,1.486,1.526,2.56,1.02,0.9,65.56,202.0,3014.0,464708.0,96.2,128132.0,26.52,336576.0,69.68,-407678.0,-84.39,-57030.0,-11.81,2.0,1.499,1.501,31484060.0,47257574,47257574,2026-01-20,2026-01-20 10:54:18+08:00
159886,机械ETF,1.071,1.0682,-0.26,-0.018,-1.65,27868.0,3008190.3,1.094,1.098,1.065,1.089,3.03,4.42,2.08,-8.22,15279.0,12589.0,-611162.0,-20.32,0.0,0.0,-611162.0,-20.32,-57656.0,-1.92,668818.0,22.23,50.0,1.069,1.07,63042555.0,67518576,67518576,2026-01-20,2026-01-20 10:54:18+08:00
560950,中证500增强ETF汇添富,1.426,1.4358,0.68,-0.024,-1.66,7093.0,1022080.0,1.454,1.457,1.426,1.45,2.14,6.18,1.21,73.58,4199.0,2894.0,-301188.0,-29.47,0.0,0.0,-301188.0,-29.47,363072.0,35.52,-61885.0,-6.05,10.0,1.43,1.455,11483000.0,16374758,16374758,2026-01-20,2026-01-20 10:54:14+08:00
159205,创业板ETF东财,1.596,1.5968,0.05,-0.027,-1.66,273031.0,43885518.5,1.623,1.629,1.587,1.623,2.59,6.91,1.99,67.26,114143.0,158888.0,-7583027.0,-17.28,286267.0,0.65,-7869294.0,-17.93,-606460.0,-1.38,8189487.0,18.66,-100.0,1.596,1.598,395056064.0,630509478,630509478,2026-01-20,2026-01-20 10:54:27+08:00
530100,上证580ETF易方达,1.127,1.1328,0.51,-0.019,-1.66,6274.0,710879.0,1.148,1.149,1.124,1.146,2.18,0.24,1.26,9.02,309.0,5965.0,1323.0,0.19,-27116.0,-3.81,28439.0,4.0,-3224.0,-0.45,1901.0,0.27,-1.0,1.13,1.132,260696000.0,293804392,293804392,2026-01-20,2026-01-20 10:54:16+08:00
159383,创业板50ETF华泰柏瑞,1.601,1.5994,-0.1,-0.027,-1.66,5657.0,906905.7,1.626,1.626,1.59,1.628,2.21,1.45,1.45,38.65,2297.0,3360.0,23347.0,2.57,7154.0,0.79,16193.0,1.79,36681.0,4.04,-60029.0,-6.62,1000.0,1.597,1.599,39092486.0,62587070,62587070,2026-01-20,2026-01-20 10:54:24+08:00
159248,人工智能ETF万家,1.586,1.5834,-0.16,-0.027,-1.67,113058.0,18032350.7,1.613,1.619,1.572,1.613,2.91,5.02,0.96,72.56,40412.0,72646.0,261452.0,1.45,2224251.0,12.33,-1962799.0,-10.88,-1804583.0,-10.01,1543132.0,8.56,-50.0,1.585,1.586,225095652.0,357001704,357001704,2026-01-20,2026-01-20 10:54:21+08:00
515230,软件ETF,1.0,1.0,0.0,-0.017,-1.67,4246011.0,427477293.0,1.022,1.03,0.989,1.017,4.03,7.37,0.95,23.17,1586240.0,2659771.0,-113649935.0,-26.59,-134972037.0,-31.58,21322102.0,4.99,56002844.0,13.1,57645090.0,13.49,619.0,0.999,1.0,5757690880.0,5757690880,5757690880,2026-01-20,2026-01-20 10:54:16+08:00
159375,创业板50ETF国泰,1.708,1.7075,-0.03,-0.029,-1.67,30115.0,5152475.2,1.738,1.741,1.697,1.737,2.53,2.52,1.24,27.42,10590.0,19525.0,-416053.0,-8.07,-36172.0,-0.7,-379881.0,-7.37,258721.0,5.02,157333.0,3.05,-100.0,1.705,1.707,119638135.0,204341935,204341935,2026-01-20,2026-01-20 10:54:24+08:00
159786,VRETF,1.176,1.1767,0.06,-0.02,-1.67,70332.0,8348384.7,1.202,1.208,1.165,1.196,3.6,4.43,0.97,60.42,33029.0,37303.0,-235744.0,-2.82,511192.0,6.12,-746936.0,-8.95,-718968.0,-8.61,954711.0,11.44,-835.0,1.175,1.177,158701174.0,186632581,186632581,2026-01-20,2026-01-20 10:54:21+08:00
159973,民企ETF,1.885,1.8931,0.43,-0.032,-1.67,1257.0,239356.4,1.917,1.917,1.885,1.917,1.67,0.06,1.08,6.18,133.0,1124.0,12251.0,5.12,0.0,0.0,12251.0,5.12,0.0,0.0,-12251.0,-5.12,-1.0,1.895,1.896,202976423.0,382610557,382610557,2026-01-20,2026-01-20 10:54:18+08:00
159777,创科技ETF,1.176,1.1771,0.09,-0.02,-1.67,14604.0,1730983.8,1.206,1.206,1.169,1.196,3.09,3.81,1.21,-2.67,4731.0,9873.0,347466.0,20.07,0.0,0.0,347466.0,20.07,-296737.0,-17.14,-50729.0,-2.93,1.0,1.175,1.177,38280565.0,45017944,45017944,2026-01-20,2026-01-20 10:54:21+08:00
515000,科技ETF,1.051,1.0532,0.21,-0.018,-1.68,709535.0,75019423.0,1.065,1.072,1.043,1.069,2.71,2.25,1.47,-7.26,232681.0,476854.0,-2181503.0,-2.91,-200122.0,-0.27,-1981381.0,-2.64,-1449422.0,-1.93,3630925.0,4.84,-162.0,1.052,1.053,3148579296.0,3309156840,3309156840,2026-01-20,2026-01-20 10:54:17+08:00
159288,创业板综ETF银华,1.055,1.058,0.28,-0.018,-1.68,20223.0,2152812.668,1.074,1.075,1.051,1.073,2.24,0.81,0.41,-9.38,6410.0,13813.0,805800.0,37.43,0.0,0.0,805800.0,37.43,-493037.0,-22.9,-312763.0,-14.53,-139.0,1.056,1.057,248174931.0,261824552,261824552,2026-01-20,2026-01-20 10:54:21+08:00
560560,碳中和ETF泰康,0.763,0.7631,0.01,-0.013,-1.68,10288.0,795978.0,0.774,0.796,0.762,0.776,4.38,1.15,1.87,8.84,2167.0,8121.0,23548.0,2.96,59133.0,7.43,-35585.0,-4.47,-63399.0,-7.96,39850.0,5.01,-105.0,0.762,0.764,89190100.0,68052046,68052046,2026-01-20,2026-01-20 10:54:16+08:00
159326,电网设备ETF,1.789,1.7875,-0.08,-0.031,-1.7,14866938.0,2673410331.538,1.82,1.823,1.763,1.82,3.3,22.73,3.64,24.02,7420131.0,7446807.0,-348590432.0,-13.04,-191327312.0,-7.16,-157263120.0,-5.88,147860560.0,5.53,200729866.0,7.51,-1660.0,1.789,1.79,6541265408.0,11702323815,11702323815,2026-01-20,2026-01-20 10:54:24+08:00
159652,有色50ETF,1.854,1.8486,-0.29,-0.032,-1.7,1344659.0,250573544.682,1.895,1.907,1.829,1.886,4.14,4.33,1.44,-2.32,510628.0,834031.0,-35936930.0,-14.34,-27464636.0,-10.96,-8472294.0,-3.38,358031.0,0.14,35578900.0,14.2,83.0,1.853,1.855,3102320288.0,5751701814,5751701814,2026-01-20,2026-01-20 10:54:24+08:00
588030,科创100ETF博时,1.553,1.5535,0.03,-0.027,-1.71,1315789.0,205540508.0,1.58,1.591,1.54,1.58,3.23,2.44,1.57,22.7,705324.0,610465.0,-1370253.0,-0.67,6485548.0,3.16,-7855801.0,-3.82,-4900677.0,-2.38,6270930.0,3.05,331.0,1.552,1.554,5390838016.0,8371971439,8371971439,2026-01-20,2026-01-20 10:54:15+08:00
159571,创业板200ETF富国,1.604,1.6007,-0.21,-0.028,-1.72,1260.0,203176.6,1.634,1.634,1.592,1.632,2.57,0.57,0.49,-0.08,384.0,876.0,0.0,0.0,0.0,0.0,0.0,0.0,-82003.0,-40.36,82003.0,40.36,33.0,1.599,1.603,21981814.0,35258830,35258830,2026-01-20,2026-01-20 10:54:24+08:00
159371,创业板50ETF富国,1.603,1.6029,-0.01,-0.028,-1.72,12481.0,2010670.6,1.624,1.632,1.593,1.631,2.39,1.3,1.02,31.05,4132.0,8349.0,-542676.0,-26.99,-380313.0,-18.91,-162363.0,-8.08,-62354.0,-3.1,605030.0,30.09,20.0,1.602,1.604,96221172.0,154242539,154242539,2026-01-20,2026-01-20 10:54:24+08:00
588240,科创200ETF鹏华,1.601,1.5982,-0.18,-0.028,-1.72,306007.0,49393846.0,1.632,1.635,1.587,1.629,2.95,22.73,3.3,16.32,177163.0,128844.0,-1333874.0,-2.71,-5271388.0,-10.69,3937514.0,7.99,794624.0,1.61,539250.0,1.09,-612.0,1.601,1.602,134633000.0,215547433,215547433,2026-01-20,2026-01-20 10:54:12+08:00
159521,国证2000ETF指数基金,1.361,1.3684,0.54,-0.024,-1.73,2978.0,409037.0,1.388,1.389,1.36,1.385,2.09,2.43,0.78,5.68,600.0,2378.0,228074.0,55.76,0.0,0.0,228074.0,55.76,-208063.0,-50.87,-20011.0,-4.89,600.0,1.367,1.37,12274435.0,16705506,16705506,2026-01-20,2026-01-20 10:54:21+08:00
159949,创业板50ETF,1.536,1.5364,0.03,-0.027,-1.73,7537807.0,1163279533.922,1.562,1.568,1.527,1.563,2.62,4.48,1.77,33.27,2936268.0,4601539.0,-93348597.0,-8.03,-44708304.0,-3.84,-48640293.0,-4.18,27220482.0,2.34,66128106.0,5.69,-2289.0,1.536,1.537,16808785152.0,25818293993,25818293993,2026-01-20,2026-01-20 10:54:21+08:00
515580,科技100ETF,1.365,1.3652,0.01,-0.024,-1.73,128048.0,17558296.0,1.389,1.399,1.353,1.389,3.31,3.08,3.97,3.26,52563.0,75485.0,-737729.0,-4.2,-3201994.0,-18.24,2464265.0,14.03,555240.0,3.16,182489.0,1.04,100.0,1.365,1.366,416031408.0,567882872,567882872,2026-01-20,2026-01-20 10:54:16+08:00
159977,创业板ETF天弘,1.704,1.7051,0.06,-0.03,-1.73,716483.0,122790252.6,1.733,1.74,1.695,1.734,2.6,1.46,1.68,22.92,334184.0,382299.0,-8107295.0,-6.6,-6613612.0,-5.39,-1493683.0,-1.22,2349284.0,1.91,5758011.0,4.69,139.0,1.704,1.706,4901872896.0,8352791415,8352791415,2026-01-20,2026-01-20 10:54:18+08:00
159957,创业板ETF华夏,2.149,2.1489,0.0,-0.038,-1.74,482866.0,104403853.7,2.182,2.193,2.136,2.187,2.61,5.5,1.45,38.94,221848.0,261018.0,-2660000.0,-2.55,-1295568.0,-1.24,-1364432.0,-1.31,-594162.0,-0.57,3254162.0,3.12,2.0,2.148,2.15,877784560.0,1886359019,1886359019,2026-01-20,2026-01-20 10:54:21+08:00
588680,科创100ETF增强指数基金,2.257,2.2482,-0.39,-0.04,-1.74,53753.0,12166904.0,2.275,2.29,2.229,2.297,2.66,6.95,2.54,-84.01,24824.0,28929.0,794503.0,6.53,1274068.0,10.47,-479565.0,-3.94,-1196049.0,-9.83,401544.0,3.3,25.0,2.255,2.257,77361000.0,174603777,174603777,2026-01-20,2026-01-20 10:54:14+08:00
588320,双创50ETF增强,1.521,1.5215,0.03,-0.027,-1.74,29444.0,4513660.0,1.548,1.559,1.512,1.548,3.04,8.97,1.8,-2.97,13111.0,16333.0,-127464.0,-2.82,0.0,0.0,-127464.0,-2.82,-216059.0,-4.79,343524.0,7.61,-10.0,1.517,1.52,32824600.0,49926217,49926217,2026-01-20,2026-01-20 10:54:14+08:00
159373,创业板50ETF嘉实,1.638,1.6395,0.09,-0.029,-1.74,186455.0,30721021.8,1.665,1.67,1.628,1.667,2.52,7.44,1.78,26.59,92362.0,94093.0,-573177.0,-1.87,189814.0,0.62,-762991.0,-2.48,25083.0,0.08,548093.0,1.78,179.0,1.637,1.639,250557494.0,410413175,410413175,2026-01-20,2026-01-20 10:54:24+08:00
159790,碳中和ETF,0.789,0.7867,-0.29,-0.014,-1.74,252882.0,20054832.028,0.804,0.806,0.786,0.803,2.49,1.15,1.46,63.57,104293.0,148589.0,-5010186.0,-24.98,1032319.0,5.15,-6042505.0,-30.13,2922459.0,14.57,2087727.0,10.41,1.0,0.789,0.79,2191528480.0,1729115971,1729115971,2026-01-20,2026-01-20 10:54:21+08:00
588350,双创50ETF基金,1.468,1.4627,-0.36,-0.026,-1.74,14876.0,2191147.0,1.493,1.498,1.456,1.494,2.81,0.15,0.96,7.95,7242.0,7634.0,-697119.0,-31.82,31216.0,1.42,-728335.0,-33.24,374578.0,17.1,322540.0,14.72,20.0,1.464,1.466,962546000.0,1413017528,1413017528,2026-01-20,2026-01-20 10:54:12+08:00
159315,黄金股ETF基金,1.91,1.9074,-0.14,-0.034,-1.75,109688.0,20902937.1,1.94,1.948,1.879,1.944,3.55,12.18,2.45,15.07,45972.0,63716.0,-3165739.0,-15.14,-701722.0,-3.36,-2464017.0,-11.79,447304.0,2.14,2718435.0,13.01,-7.0,1.912,1.913,90089621.0,172071176,172071176,2026-01-20,2026-01-20 10:54:24+08:00
589780,科创200ETF富国,1.177,1.1792,0.19,-0.021,-1.75,20061.0,2375723.0,1.2,1.2,1.169,1.198,2.59,2.67,0.89,7.61,8214.0,11847.0,84361.0,3.55,0.0,0.0,84361.0,3.55,-172379.0,-7.26,88016.0,3.7,-5.0,1.177,1.178,75215000.0,88528055,88528055,2026-01-20,2026-01-20 10:54:13+08:00
588070,科创成长ETF万家,1.851,1.8454,-0.3,-0.033,-1.75,13033.0,2430064.0,1.89,1.899,1.835,1.884,3.4,3.58,0.9,20.4,4310.0,8723.0,-760136.0,-31.28,-568226.0,-23.38,-191910.0,-7.9,304854.0,12.55,455283.0,18.74,80.0,1.845,1.847,36437000.0,67444887,67444887,2026-01-20,2026-01-20 10:54:14+08:00
159819,人工智能ETF易方达,1.625,1.6246,-0.02,-0.029,-1.75,2559292.0,418039078.67,1.654,1.658,1.611,1.654,2.84,1.65,1.04,44.13,1061579.0,1497713.0,-64250771.0,-15.38,-49083637.0,-11.75,-15167134.0,-3.63,12645712.0,3.03,51605059.0,12.35,1296.0,1.625,1.626,15511229696.0,25205748256,25205748256,2026-01-20,2026-01-20 10:54:21+08:00
516710,新材料ETF华夏,0.725,0.727,0.28,-0.013,-1.76,10718.0,788476.0,0.743,0.745,0.722,0.738,3.12,1.44,0.7,-6.71,2676.0,8042.0,-104988.0,-13.32,227.0,0.03,-105215.0,-13.34,45725.0,5.8,59262.0,7.52,-100.0,0.725,0.727,74272000.0,53847200,53847200,2026-01-20,2026-01-20 10:54:15+08:00
589180,科创新材料ETF汇添富,1.615,1.6157,0.04,-0.029,-1.76,14880.0,2429633.0,1.643,1.652,1.603,1.644,2.98,8.59,1.46,0.01,4498.0,10382.0,572242.0,23.55,0.0,0.0,572242.0,23.55,-433785.0,-17.85,-138456.0,-5.7,-30.0,1.615,1.616,17318000.0,27968570,27968570,2026-01-20,2026-01-20 10:54:14+08:00
588190,科创100ETF,1.543,1.5433,0.02,-0.028,-1.78,1034222.0,160872338.0,1.563,1.58,1.53,1.571,3.18,3.46,1.67,8.03,566562.0,467660.0,-16813773.0,-10.49,-6626446.0,-4.13,-10187327.0,-6.35,7029145.0,4.38,9784629.0,6.1,3518.0,1.542,1.544,2986618304.0,4608352043,4608352043,2026-01-20,2026-01-20 10:54:15+08:00
588700,科创医药ETF嘉实,1.101,1.1007,-0.03,-0.02,-1.78,118643.0,13153294.0,1.127,1.127,1.098,1.121,2.59,4.84,1.53,13.75,34645.0,83998.0,670466.0,5.1,-26769.0,-0.2,697235.0,5.3,112468.0,0.86,-782935.0,-5.95,-265.0,1.1,1.101,245336200.0,270115156,270115156,2026-01-20,2026-01-20 10:54:12+08:00
562930,软件ETF易方达,0.996,0.9955,-0.05,-0.018,-1.78,417208.0,41861437.0,1.019,1.025,0.985,1.014,3.94,3.31,0.5,-5.21,167461.0,249747.0,-4590927.0,-10.97,-2657114.0,-6.35,-1933813.0,-4.62,-123546.0,-0.3,4714472.0,11.26,-259.0,0.996,0.997,1261437008.0,1256391260,1256391260,2026-01-20,2026-01-20 10:54:15+08:00
159806,新能源车ETF,0.83,0.8296,-0.05,-0.015,-1.78,173923.0,14547999.356,0.85,0.854,0.827,0.845,3.2,1.55,1.3,64.29,87722.0,86201.0,-745023.0,-5.12,-1032415.0,-7.1,287392.0,1.98,-51311.0,-0.35,796334.0,5.47,-62.0,0.829,0.83,1121089440.0,930504235,930504235,2026-01-20,2026-01-20 10:54:21+08:00
159372,创业板50ETF万家,1.708,1.7074,-0.04,-0.031,-1.78,8548.0,1471091.3,1.739,1.74,1.695,1.739,2.59,0.85,1.84,16.8,2870.0,5678.0,523786.0,35.61,373291.0,25.38,150495.0,10.23,-26102.0,-1.77,-497685.0,-33.83,5.0,1.704,1.706,100451588.0,171571312,171571312,2026-01-20,2026-01-20 10:54:24+08:00
561600,消费电子ETF,1.271,1.2712,0.02,-0.023,-1.78,127867.0,16355599.0,1.295,1.298,1.262,1.294,2.78,3.97,0.99,2.99,52184.0,75683.0,-1389203.0,-8.49,-50608.0,-0.31,-1338595.0,-8.18,376447.0,2.3,1012756.0,6.19,408.0,1.271,1.274,322274000.0,409610254,409610254,2026-01-20,2026-01-20 10:54:16+08:00
560360,软件ETF万家,1.705,1.7062,0.07,-0.031,-1.79,91014.0,15649859.0,1.736,1.753,1.685,1.736,3.92,4.71,0.63,23.36,43419.0,47595.0,-722027.0,-4.61,-446390.0,-2.85,-275637.0,-1.76,-729633.0,-4.66,1451661.0,9.28,-13.0,1.703,1.709,193345000.0,329653225,329653225,2026-01-20,2026-01-20 10:54:14+08:00
588800,科创100ETF华夏,1.524,1.524,0.0,-0.028,-1.8,1087876.0,167057084.0,1.553,1.559,1.511,1.552,3.09,5.76,1.75,5.0,425212.0,662664.0,-4420266.0,-2.65,-10827951.0,-6.48,6407685.0,3.84,1735705.0,1.04,2684560.0,1.61,7.0,1.523,1.524,1887377008.0,2876362560,2876362560,2026-01-20,2026-01-20 10:54:12+08:00
159370,创50ETF工银,1.693,1.6935,0.03,-0.031,-1.8,4589.0,783880.7,1.722,1.722,1.683,1.724,2.26,0.41,1.93,9.21,1484.0,3105.0,153708.0,19.61,-18483.0,-2.36,172191.0,21.97,-198551.0,-25.33,44844.0,5.72,-500.0,1.691,1.694,111316009.0,188458003,188458003,2026-01-20,2026-01-20 10:54:21+08:00
159881,有色60ETF,2.062,2.0565,-0.27,-0.038,-1.81,102080.0,21095608.8,2.102,2.121,2.033,2.1,4.19,12.41,1.68,-5.29,49802.0,52278.0,-3513733.0,-16.66,1067788.0,5.06,-4581521.0,-21.72,1220150.0,5.78,2293583.0,10.87,10.0,2.062,2.064,82249583.0,169598640,169598640,2026-01-20,2026-01-20 10:54:21+08:00
588300,双创ETF,0.976,0.9725,-0.36,-0.018,-1.81,398208.0,39122204.0,0.99,0.996,0.969,0.994,2.72,2.18,1.48,29.2,130547.0,267661.0,-8784562.0,-22.45,-9002026.0,-23.01,217464.0,0.56,4149416.0,10.61,4635145.0,11.85,10.0,0.974,0.976,1825210496.0,1781405444,1781405444,2026-01-20,2026-01-20 10:54:14+08:00
159511,通信ETF南方,1.956,1.9626,0.34,-0.036,-1.81,195443.0,38352433.8,2.0,2.002,1.94,1.992,3.11,18.02,3.01,76.7,77236.0,118207.0,865850.0,2.26,4301257.0,11.22,-3435407.0,-8.96,190118.0,0.5,-1055967.0,-2.75,-100.0,1.953,1.955,108444573.0,212117585,212117585,2026-01-20,2026-01-20 10:54:24+08:00
588010,科创新材料ETF,0.974,0.974,0.0,-0.018,-1.81,274787.0,27112666.0,0.993,0.998,0.968,0.992,3.02,8.38,1.46,12.06,165440.0,109347.0,-751884.0,-2.77,-1162724.0,-4.29,410840.0,1.52,-366658.0,-1.35,1118542.0,4.13,-7.0,0.974,0.976,327925808.0,319399737,319399737,2026-01-20,2026-01-20 10:54:15+08:00
159298,创业板50ETF大成,1.13,1.1295,-0.04,-0.021,-1.82,21638.0,2456112.1,1.151,1.151,1.123,1.151,2.43,0.67,1.16,22.01,7833.0,13805.0,-552595.0,-22.5,-565968.0,-23.04,13373.0,0.54,180324.0,7.34,372271.0,15.16,-7.0,1.129,1.131,322281088.0,364177629,364177629,2026-01-20,2026-01-20 10:54:24+08:00
159739,云计算ETF鹏华,1.785,1.7897,0.26,-0.033,-1.82,110337.0,19803857.8,1.829,1.835,1.765,1.818,3.85,4.76,1.05,58.58,54473.0,55864.0,-1434485.0,-7.24,1619983.0,8.18,-3054468.0,-15.42,-122037.0,-0.62,1556522.0,7.86,-356.0,1.782,1.786,231780615.0,413728398,413728398,2026-01-20,2026-01-20 10:54:18+08:00
515260,电子ETF,0.703,0.7035,0.07,-0.013,-1.82,160727.0,11387473.0,0.712,0.718,0.698,0.716,2.79,1.87,1.41,17.58,56936.0,103791.0,-1678932.0,-14.74,-35385.0,-0.31,-1643547.0,-14.43,1234704.0,10.84,444228.0,3.9,11.0,0.702,0.704,860568400.0,604979585,604979585,2026-01-20,2026-01-20 10:54:18+08:00
562380,央企科技引领ETF,1.183,1.1877,0.4,-0.022,-1.83,26745.0,3194303.0,1.205,1.221,1.174,1.205,3.9,3.98,0.78,17.82,8932.0,17813.0,423489.0,13.26,709.0,0.02,422780.0,13.24,-276182.0,-8.65,-147307.0,-4.61,-10.0,1.183,1.185,67128900.0,79413489,79413489,2026-01-20,2026-01-20 10:54:14+08:00
512400,有色金属ETF,2.137,2.1358,-0.06,-0.04,-1.84,7396084.0,1590447864.0,2.188,2.202,2.107,2.177,4.36,4.7,1.66,24.09,2683091.0,4712993.0,-189546800.0,-11.92,102805824.0,6.46,-292352624.0,-18.38,1210147.0,0.08,188328528.0,11.84,747.0,2.138,2.139,15721039104.0,33595860565,33595860565,2026-01-20,2026-01-20 10:54:20+08:00
159273,云计算ETF汇添富,1.437,1.4337,-0.23,-0.027,-1.84,194295.0,28108398.0,1.464,1.472,1.425,1.464,3.21,1.96,1.73,24.02,70630.0,123665.0,-4278745.0,-15.22,-3960731.0,-14.09,-318014.0,-1.13,5874101.0,20.9,-1595355.0,-5.68,-327.0,1.437,1.438,989777504.0,1422310273,1422310273,2026-01-20,2026-01-20 10:54:18+08:00
560690,电信ETF鹏华,1.973,1.966,-0.36,-0.037,-1.84,5567.0,1102468.0,2.01,2.01,1.953,2.01,2.84,2.54,1.1,-0.21,2007.0,3560.0,217292.0,19.71,0.0,0.0,217292.0,19.71,-66922.0,-6.07,-150370.0,-13.64,5.0,1.967,1.971,21889000.0,43186997,43186997,2026-01-20,2026-01-20 10:54:14+08:00
589820,科创200ETF建信,1.223,1.2267,0.3,-0.023,-1.85,52929.0,6533988.0,1.244,1.247,1.214,1.246,2.65,2.23,2.86,3.09,21248.0,31681.0,-544930.0,-8.34,0.0,0.0,-544930.0,-8.34,535246.0,8.19,9684.0,0.15,1725.0,1.224,1.225,237720200.0,290731805,290731805,2026-01-20,2026-01-20 10:54:13+08:00
560860,工业有色ETF万家,1.792,1.7891,-0.16,-0.034,-1.86,2483056.0,446670275.0,1.831,1.846,1.76,1.826,4.71,3.36,1.32,11.92,1004717.0,1478339.0,-71545746.0,-16.02,-33221128.0,-7.44,-38324618.0,-8.58,7114386.0,1.59,64433329.0,14.43,265.0,1.791,1.793,7396232960.0,13254049464,13254049464,2026-01-20,2026-01-20 10:54:14+08:00
516360,新材料ETF,1.001,1.0019,0.09,-0.019,-1.86,27437.0,2769058.0,1.022,1.026,0.997,1.02,2.84,3.32,1.08,2.2,11145.0,16292.0,-123761.0,-4.47,0.0,0.0,-123761.0,-4.47,-53825.0,-1.94,177586.0,6.41,-1.0,1.0,1.002,82551800.0,82634352,82634352,2026-01-20,2026-01-20 10:54:17+08:00
588860,科创医药ETF,0.733,0.7316,-0.19,-0.014,-1.87,207491.0,15299221.0,0.744,0.75,0.729,0.747,2.81,5.39,1.35,21.72,74428.0,133063.0,-4069624.0,-26.6,-5546125.0,-36.25,1476501.0,9.65,2846898.0,18.61,1222726.0,7.99,100.0,0.732,0.733,384889408.0,282123936,282123936,2026-01-20,2026-01-20 10:54:14+08:00
516650,有色金属ETF基金,2.095,2.0927,-0.11,-0.04,-1.87,1324330.0,280408630.0,2.15,2.158,2.067,2.135,4.26,1.96,1.31,6.2,433053.0,891277.0,-41355261.0,-14.75,12588546.0,4.49,-53943807.0,-19.24,8737292.0,3.12,32617969.0,11.63,-21.0,2.095,2.096,6749464832.0,14140128823,14140128823,2026-01-20,2026-01-20 10:54:17+08:00
159743,湖北ETF,1.311,1.3114,0.03,-0.025,-1.87,1819.0,240587.4,1.342,1.342,1.304,1.336,2.84,0.17,0.7,1.0,1249.0,570.0,-13073.0,-5.43,0.0,0.0,-13073.0,-5.43,-26160.0,-10.87,39233.0,16.31,-30.0,1.311,1.313,106941100.0,140199782,140199782,2026-01-20,2026-01-20 10:54:18+08:00
159780,科创创业50ETF南方,0.944,0.9431,-0.1,-0.018,-1.87,1311165.0,124134546.01,0.961,0.965,0.938,0.962,2.81,3.16,2.58,42.46,670619.0,640546.0,-14362552.0,-11.57,31772496.0,25.6,-46135048.0,-37.17,8122630.0,6.54,6239921.0,5.03,21.0,0.943,0.944,4148048576.0,3915757856,3915757856,2026-01-20,2026-01-20 10:54:21+08:00
588880,科创100ETF华泰柏瑞,1.511,1.5133,0.15,-0.029,-1.88,108726.0,16471108.0,1.543,1.548,1.502,1.54,2.99,7.86,2.17,2.81,38628.0,70098.0,-1760634.0,-10.69,-3042685.0,-18.47,1282051.0,7.78,1283979.0,7.8,476654.0,2.89,-70.0,1.512,1.513,138368000.0,209074048,209074048,2026-01-20,2026-01-20 10:54:13+08:00
159738,云计算ETF华泰柏瑞,2.041,2.0402,-0.04,-0.039,-1.88,58631.0,12031287.9,2.08,2.1,2.021,2.08,3.8,3.43,1.83,62.23,21797.0,36834.0,-289068.0,-2.4,2893629.0,24.05,-3182697.0,-26.45,45627.0,0.38,243441.0,2.02,-2.0,2.04,2.041,170992667.0,348996033,348996033,2026-01-20,2026-01-20 10:54:21+08:00
588160,科创新材料ETF南方,0.994,0.9947,0.07,-0.019,-1.88,68364.0,6848110.0,1.013,1.016,0.987,1.013,2.86,3.94,1.4,11.44,23004.0,45360.0,502061.0,7.57,195112.0,2.94,306949.0,4.63,-608013.0,-9.17,105951.0,1.6,2200.0,0.994,0.996,173496000.0,172455024,172455024,2026-01-20,2026-01-20 10:54:14+08:00
159603,双创龙头ETF,1.46,1.4586,-0.1,-0.028,-1.88,45004.0,6604100.4,1.483,1.492,1.452,1.488,2.69,0.25,1.25,37.79,20202.0,24802.0,217683.0,3.3,565158.0,8.56,-347475.0,-5.26,-746654.0,-11.31,528972.0,8.01,-672.0,1.459,1.462,1786071920.0,2607665003,2607665003,2026-01-20,2026-01-20 10:54:21+08:00
588910,科创价值ETF,1.447,1.4466,-0.03,-0.028,-1.9,122629.0,17821489.0,1.472,1.478,1.438,1.475,2.71,8.28,2.81,3.71,46571.0,76058.0,377313.0,2.12,0.0,0.0,377313.0,2.12,-471636.0,-2.65,94323.0,0.53,-450.0,1.445,1.447,148049100.0,214227048,214227048,2026-01-20,2026-01-20 10:54:12+08:00
512770,战略新兴ETF,2.17,2.1642,-0.27,-0.042,-1.9,5279.0,1153775.0,2.2,2.212,2.152,2.212,2.71,0.45,0.58,0.54,2370.0,2909.0,366891.0,31.8,221589.0,19.21,145302.0,12.59,-514107.0,-44.56,147216.0,12.76,50.0,2.164,2.167,117767800.0,255556126,255556126,2026-01-20,2026-01-20 10:54:17+08:00
588660,科创创业50ETF基金,1.597,1.5913,-0.36,-0.031,-1.9,16049.0,2581582.0,1.634,1.648,1.588,1.628,3.69,3.01,1.29,11.92,3945.0,12104.0,-34670.0,-1.34,0.0,0.0,-34670.0,-1.34,-159268.0,-6.17,193938.0,7.51,-898.0,1.595,1.597,53344000.0,85190368,85190368,2026-01-20,2026-01-20 10:54:13+08:00
515070,人工智能AIETF,2.06,2.0624,0.12,-0.04,-1.9,965278.0,200197506.0,2.1,2.105,2.043,2.1,2.95,1.88,1.17,22.95,369011.0,596267.0,-10879452.0,-5.43,6445250.0,3.22,-17324702.0,-8.65,-12478634.0,-6.23,23358087.0,11.67,-40.0,2.061,2.062,5140970240.0,10590398694,10590398694,2026-01-20,2026-01-20 10:54:18+08:00
159682,创业50ETF,1.49,1.4907,0.05,-0.029,-1.91,1115940.0,167300930.148,1.515,1.522,1.481,1.519,2.7,3.38,1.56,30.46,390249.0,725691.0,-29365810.0,-17.55,-29293151.0,-17.51,-72659.0,-0.04,13637761.0,8.15,15728048.0,9.4,2500.0,1.49,1.491,3299307664.0,4915968419,4915968419,2026-01-20,2026-01-20 10:54:24+08:00
516390,新能源汽车ETF,1.029,1.0288,-0.02,-0.02,-1.91,58044.0,6046917.0,1.053,1.058,1.025,1.049,3.15,2.38,1.27,11.87,20177.0,37867.0,281000.0,4.65,-78076.0,-1.29,359076.0,5.94,-573318.0,-9.48,292319.0,4.83,-3.0,1.028,1.029,244261000.0,251344569,251344569,2026-01-20,2026-01-20 10:54:17+08:00
517800,人工智能50ETF,1.131,1.1318,0.07,-0.022,-1.91,176737.0,20147984.0,1.154,1.154,1.122,1.153,2.78,5.17,1.52,64.26,75641.0,101096.0,-6618871.0,-32.85,-2988646.0,-14.83,-3630225.0,-18.02,2152895.0,10.69,4465976.0,22.17,280.0,1.13,1.131,341539696.0,386281396,386281396,2026-01-20,2026-01-20 10:54:15+08:00
515750,科技50ETF,1.939,1.937,-0.1,-0.038,-1.92,84366.0,16468144.0,1.977,1.984,1.925,1.977,2.98,2.17,1.69,-10.95,38070.0,46296.0,-2238174.0,-13.59,-140547.0,-0.85,-2097627.0,-12.74,576315.0,3.5,1661859.0,10.09,50.0,1.938,1.939,388140496.0,752604422,752604422,2026-01-20,2026-01-20 10:54:18+08:00
562300,碳中和ETF基金,0.765,0.7664,0.18,-0.015,-1.92,7959.0,613430.0,0.782,0.782,0.765,0.78,2.18,1.0,2.68,-1.5,5094.0,2865.0,-53411.0,-8.71,0.0,0.0,-53411.0,-8.71,-12288.0,-2.0,65700.0,10.71,-30.0,0.765,0.767,79495000.0,60813675,60813675,2026-01-20,2026-01-20 10:54:14+08:00
588380,双创50ETF,0.966,0.9647,-0.13,-0.019,-1.93,570493.0,55491675.0,0.985,0.987,0.96,0.985,2.74,1.86,1.46,11.73,215549.0,354944.0,-13831437.0,-24.97,-12098265.0,-21.84,-1733172.0,-3.13,7028737.0,12.69,6802700.0,12.28,1015.0,0.965,0.967,3074770000.0,2970227820,2970227820,2026-01-20,2026-01-20 10:54:12+08:00
517660,物联网ETF天弘,1.22,1.2287,0.71,-0.024,-1.93,100.0,12236.0,1.242,1.242,1.218,1.244,1.93,0.02,0.05,0.04,63.0,37.0,-12235.0,-99.99,0.0,0.0,-12235.0,-99.99,0.0,0.0,12235.0,99.99,1.0,1.226,1.229,44680700.0,54510454,54510454,2026-01-20,2026-01-20 10:54:16+08:00
159909,TMT50ETF,1.116,1.114,-0.18,-0.022,-1.93,26792.0,2999427.904,1.137,1.137,1.105,1.138,2.81,0.48,1.47,-14.17,9153.0,17639.0,-572821.0,-19.1,0.0,0.0,-572821.0,-19.1,331104.0,11.04,241716.0,8.06,695.0,1.114,1.115,554062000.0,618333192,618333192,2026-01-20,2026-01-20 10:54:21+08:00
516510,云计算ETF易方达,1.878,1.8802,0.12,-0.037,-1.93,523633.0,98924920.0,1.916,1.933,1.86,1.915,3.81,3.51,0.84,5.39,195644.0,327989.0,930991.0,0.94,1202997.0,1.22,-272006.0,-0.27,-6190887.0,-6.26,5259896.0,5.32,-29.0,1.878,1.879,1492890000.0,2803647420,2803647420,2026-01-20,2026-01-20 10:54:16+08:00
159763,新材料ETF基金,0.707,0.7067,-0.04,-0.014,-1.94,37214.0,2667147.6,0.723,0.725,0.704,0.721,2.91,3.27,1.15,21.2,10102.0,27112.0,264371.0,9.91,0.0,0.0,264371.0,9.91,-341847.0,-12.82,77475.0,2.9,968.0,0.707,0.708,113707747.0,80391377,80391377,2026-01-20,2026-01-20 10:54:21+08:00
159367,创业板50ETF华夏,1.614,1.6161,0.13,-0.032,-1.94,18946.0,3084186.7,1.646,1.646,1.606,1.646,2.43,1.97,1.28,39.42,5222.0,13724.0,-530964.0,-17.22,-1134310.0,-36.78,603346.0,19.56,-104377.0,-3.38,635340.0,20.6,-6.0,1.614,1.615,96079029.0,155071553,155071553,2026-01-20,2026-01-20 10:54:24+08:00
159527,云计算ETF广发,2.367,2.377,0.42,-0.047,-1.95,57223.0,13741774.7,2.414,2.437,2.345,2.414,3.81,4.69,0.8,44.04,32552.0,24671.0,-5206537.0,-37.89,-4690526.0,-34.13,-516011.0,-3.76,4850041.0,35.29,356494.0,2.59,3.0,2.366,2.367,122100450.0,289011765,289011765,2026-01-20,2026-01-20 10:54:24+08:00
512930,AI人工智能ETF,2.315,2.3157,0.03,-0.046,-1.95,641894.0,149694964.0,2.363,2.367,2.294,2.361,3.09,4.33,1.16,16.39,255341.0,386553.0,-17161762.0,-11.46,-13457604.0,-8.99,-3704158.0,-2.47,-4315997.0,-2.88,21477759.0,14.35,-28.0,2.315,2.316,1481130304.0,3428816654,3428816654,2026-01-20,2026-01-20 10:54:19+08:00
159681,创50ETF,1.507,1.5073,0.02,-0.03,-1.95,735209.0,111480281.8,1.537,1.539,1.497,1.537,2.73,5.19,2.73,52.58,347258.0,387951.0,-9403240.0,-8.43,10570657.0,9.48,-19973897.0,-17.92,3368519.0,3.02,6034722.0,5.41,5855.0,1.507,1.508,1415772336.0,2133568910,2133568910,2026-01-20,2026-01-20 10:54:24+08:00
515400,大数据ETF,1.055,1.0556,0.06,-0.021,-1.95,861565.0,91572970.0,1.079,1.085,1.044,1.076,3.81,5.15,0.71,-8.33,384976.0,476589.0,-8893299.0,-9.71,-11634931.0,-12.71,2741632.0,2.99,1260579.0,1.38,7632720.0,8.34,-11.0,1.055,1.056,1673631408.0,1765681135,1765681135,2026-01-20,2026-01-20 10:54:19+08:00
516700,大数据ETF华宝,1.108,1.1149,0.62,-0.022,-1.95,70414.0,7868450.0,1.13,1.144,1.099,1.13,3.98,6.86,0.94,7.73,22425.0,47989.0,2043809.0,25.97,-165017.0,-2.1,2208826.0,28.07,-2601180.0,-33.06,557371.0,7.08,-1.0,1.108,1.111,102622000.0,113705176,113705176,2026-01-20,2026-01-20 10:54:17+08:00
588120,科创板100ETF,1.561,1.5621,0.07,-0.031,-1.95,461252.0,72728634.0,1.588,1.6,1.55,1.592,3.14,6.45,2.01,14.93,224352.0,236900.0,-2121204.0,-2.92,-766935.0,-1.05,-1354269.0,-1.86,712273.0,0.98,1408932.0,1.94,477.0,1.56,1.564,714811008.0,1115819983,1115819983,2026-01-20,2026-01-20 10:54:13+08:00
515030,新能源车ETF,1.901,1.9016,0.03,-0.038,-1.96,613602.0,117854446.0,1.945,1.959,1.896,1.939,3.25,2.73,1.56,-6.82,252433.0,361169.0,-5747584.0,-4.88,1111011.0,0.94,-6858595.0,-5.82,-26172.0,-0.02,5773756.0,4.9,-20.0,1.901,1.902,2245384000.0,4268474984,4268474984,2026-01-20,2026-01-20 10:54:16+08:00
159783,科创创业50ETF,0.949,0.9485,-0.05,-0.019,-1.96,1007645.0,96229203.213,0.967,0.97,0.944,0.968,2.69,1.9,1.86,52.61,438384.0,569262.0,-13802713.0,-14.34,-12280518.0,-12.76,-1522195.0,-1.58,7412392.0,7.7,6390321.0,6.64,242.0,0.948,0.949,5316659456.0,5045509824,5045509824,2026-01-20,2026-01-20 10:54:21+08:00
515980,人工智能ETF,0.947,0.9478,0.08,-0.019,-1.97,4123427.0,393127746.0,0.968,0.972,0.938,0.966,3.52,4.04,1.13,-2.38,1587213.0,2536214.0,-78118613.0,-19.87,-48720038.0,-12.39,-29398575.0,-7.48,29145206.0,7.41,48968668.0,12.46,-50.0,0.947,0.948,10205128960.0,9664257125,9664257125,2026-01-20,2026-01-20 10:54:16+08:00
159572,创业板200ETF易方达,1.584,1.5875,0.22,-0.032,-1.98,91397.0,14587326.676,1.618,1.624,1.575,1.616,3.03,3.13,1.54,-7.12,27147.0,64250.0,-2157927.0,-14.79,-1949326.0,-13.36,-208601.0,-1.43,1184600.0,8.12,973327.0,6.67,-4.0,1.584,1.587,291749104.0,462130581,462130581,2026-01-20,2026-01-20 10:54:24+08:00
159270,创业板200ETF南方,1.234,1.2333,-0.06,-0.025,-1.99,84855.0,10529838.796,1.258,1.258,1.225,1.259,2.62,5.55,1.21,-16.4,19306.0,65549.0,22650.0,0.22,267692.0,2.54,-245042.0,-2.33,-27382.0,-0.26,4733.0,0.04,-409.0,1.233,1.234,152763649.0,188510343,188510343,2026-01-20,2026-01-20 10:54:24+08:00
159810,创业板ETF浦银,1.321,1.3193,-0.13,-0.027,-2.0,6305.0,837626.2,1.34,1.344,1.311,1.348,2.45,1.01,1.05,3.94,2580.0,3725.0,-149059.0,-17.8,0.0,0.0,-149059.0,-17.8,33964.0,4.05,115096.0,13.74,451.0,1.317,1.319,62475458.0,82530080,82530080,2026-01-20,2026-01-20 10:54:21+08:00
159824,新能车ETF,1.268,1.2672,-0.06,-0.026,-2.01,15365.0,1963475.4,1.294,1.304,1.264,1.294,3.09,0.55,0.64,78.92,4411.0,10954.0,-206253.0,-10.5,25753.0,1.31,-232006.0,-11.82,-55253.0,-2.81,261506.0,13.32,-10.0,1.267,1.268,279135072.0,353943271,353943271,2026-01-20,2026-01-20 10:54:21+08:00
588230,科创200ETF,1.744,1.7436,-0.02,-0.036,-2.02,580709.0,101755614.0,1.778,1.787,1.731,1.78,3.15,10.35,1.55,5.37,231551.0,349158.0,-5211777.0,-5.12,-12330066.0,-12.12,7118289.0,7.0,-167931.0,-0.17,5379709.0,5.29,-20.0,1.744,1.748,560939008.0,978277630,978277630,2026-01-20,2026-01-20 10:54:11+08:00
589700,科创成长ETF南方,1.799,1.7972,-0.1,-0.037,-2.02,15798.0,2864182.0,1.839,1.851,1.788,1.836,3.43,8.64,1.39,19.92,6576.0,9222.0,-357965.0,-12.5,-223159.0,-7.79,-134806.0,-4.71,251953.0,8.8,106014.0,3.7,69.0,1.795,1.797,18291000.0,32905509,32905509,2026-01-20,2026-01-20 10:54:13+08:00
159369,创业板50ETF易方达,1.303,1.302,-0.08,-0.027,-2.03,19880.0,2610343.3,1.331,1.331,1.296,1.33,2.63,0.77,1.74,33.64,6471.0,13409.0,-995825.0,-38.15,-356503.0,-13.66,-639322.0,-24.49,463774.0,17.77,532052.0,20.38,-72.0,1.302,1.304,259753492.0,338458800,338458800,2026-01-20,2026-01-20 10:54:21+08:00
159675,创业板增强ETF,1.342,1.3424,0.03,-0.028,-2.04,35679.0,4811323.3,1.359,1.375,1.334,1.37,2.99,4.9,2.0,9.3,19592.0,16087.0,-935284.0,-19.44,0.0,0.0,-935284.0,-19.44,290843.0,6.04,644441.0,13.39,372.0,1.342,1.343,72846691.0,97760259,97760259,2026-01-20,2026-01-20 10:54:24+08:00
513310,中韩半导体ETF,3.115,2.8573,-9.02,-0.065,-2.04,3539695.0,1111923099.0,3.14,3.184,3.102,3.18,2.58,23.58,1.09,11.11,1614389.0,1925306.0,-80559183.0,-7.25,-91725023.0,-8.25,11165840.0,1.0,20663184.0,1.86,59924026.0,5.39,-517.0,3.115,3.116,1501427008.0,4676945130,4676945130,2026-01-20,2026-01-20 10:54:18+08:00
515700,新能车ETF,2.542,2.5422,0.01,-0.053,-2.04,349644.0,89450061.0,2.586,2.618,2.532,2.595,3.31,4.03,2.71,2.93,199408.0,150236.0,13083511.0,14.63,17763637.0,19.86,-4680126.0,-5.23,-17130878.0,-19.15,4047368.0,4.52,-54.0,2.541,2.542,867510208.0,2205210949,2205210949,2026-01-20,2026-01-20 10:54:18+08:00
588330,双创龙头ETF,0.958,0.9573,-0.07,-0.02,-2.04,259642.0,25001510.0,0.978,0.981,0.953,0.978,2.86,2.37,1.42,23.57,76862.0,182780.0,-1865913.0,-7.46,-1117216.0,-4.47,-748697.0,-2.99,-217014.0,-0.87,2082926.0,8.33,-54.0,0.957,0.958,1097737808.0,1051632820,1051632820,2026-01-20,2026-01-20 10:54:12+08:00
512970,大湾区ETF,1.534,1.5463,0.8,-0.032,-2.04,3511.0,540056.0,1.55,1.591,1.53,1.566,3.9,0.62,3.09,11.63,1411.0,2100.0,71552.0,13.25,0.0,0.0,71552.0,13.25,-90934.0,-16.84,19382.0,3.59,-1324.0,1.54,1.548,56987600.0,87418978,87418978,2026-01-20,2026-01-20 10:54:16+08:00
588020,科创成长ETF易方达,2.146,2.1439,-0.1,-0.045,-2.05,219363.0,47560920.0,2.186,2.208,2.135,2.191,3.33,4.79,1.73,16.51,83951.0,135412.0,-2154208.0,-4.53,-4784374.0,-10.06,2630166.0,5.53,-113271.0,-0.24,2267477.0,4.77,2.0,2.144,2.146,457791008.0,982419503,982419503,2026-01-20,2026-01-20 10:54:15+08:00
588400,科创创业ETF嘉实,0.955,0.9537,-0.14,-0.02,-2.05,263193.0,25337089.0,0.975,0.975,0.95,0.975,2.56,1.54,1.5,21.19,106913.0,156280.0,-3722181.0,-14.69,-3358817.0,-13.26,-363364.0,-1.43,1698412.0,6.7,2023769.0,7.99,-215.0,0.954,0.955,1710600608.0,1633623581,1633623581,2026-01-20,2026-01-20 10:54:12+08:00
589120,科创创新药ETF汇添富,0.858,0.8572,-0.09,-0.018,-2.05,237689.0,20551688.0,0.877,0.878,0.855,0.876,2.63,4.97,2.01,3.36,58183.0,179506.0,-5700893.0,-27.74,-4006748.0,-19.5,-1694145.0,-8.24,3332380.0,16.21,2368512.0,11.52,219.0,0.857,0.859,478620000.0,410655960,410655960,2026-01-20,2026-01-20 10:54:14+08:00
159363,创业板人工智能ETF华宝,1.049,1.0515,0.24,-0.022,-2.05,6686016.0,705811430.255,1.071,1.08,1.038,1.071,3.92,11.63,1.71,45.75,3812512.0,2873504.0,-27730279.0,-3.93,-49448416.0,-7.01,21718137.0,3.08,7037356.0,1.0,20692917.0,2.93,122.0,1.048,1.049,5748169984.0,6029830313,6029830313,2026-01-20,2026-01-20 10:54:24+08:00
516890,新材料ETF指数基金,0.756,0.7573,0.17,-0.016,-2.07,8207.0,627536.0,0.772,0.779,0.755,0.772,3.11,1.99,1.12,-3.48,3708.0,4499.0,38425.0,6.12,51005.0,8.13,-12580.0,-2.0,-99736.0,-15.89,61311.0,9.77,-25.0,0.756,0.759,41311400.0,31231418,31231418,2026-01-20,2026-01-20 10:54:15+08:00
159782,双创50ETF,0.944,0.9418,-0.23,-0.02,-2.07,182132.0,17314544.981,0.964,0.965,0.938,0.964,2.8,2.33,1.48,44.5,56756.0,125376.0,-4538569.0,-26.21,-3443778.0,-19.89,-1094791.0,-6.32,2498630.0,14.43,2039940.0,11.78,10.0,0.944,0.945,783190272.0,739331617,739331617,2026-01-20,2026-01-20 10:54:21+08:00
159814,创业大盘ETF,0.663,0.6629,-0.02,-0.014,-2.07,293654.0,19630247.986,0.677,0.678,0.659,0.677,2.81,4.08,1.49,51.66,118175.0,175479.0,-2221064.0,-11.31,-1627078.0,-8.29,-593986.0,-3.03,1356804.0,6.91,864260.0,4.4,-75.0,0.662,0.663,720246528.0,477523448,477523448,2026-01-20,2026-01-20 10:54:21+08:00
159804,创中盘88ETF,1.608,1.6085,0.03,-0.034,-2.07,1485.0,238759.9,1.642,1.642,1.6,1.642,2.56,0.16,0.73,-8.81,392.0,1093.0,-70536.0,-29.54,0.0,0.0,-70536.0,-29.54,164.0,0.07,70372.0,29.47,-2.0,1.607,1.61,93899676.0,150990679,150990679,2026-01-20,2026-01-20 10:54:21+08:00
588220,科创100ETF鹏华,1.546,1.5469,0.06,-0.033,-2.09,1945506.0,302593493.0,1.575,1.584,1.534,1.579,3.17,2.69,1.23,5.97,940925.0,1004581.0,-28270215.0,-9.34,-10078044.0,-3.33,-18192171.0,-6.01,14909814.0,4.93,13360401.0,4.42,-5021.0,1.546,1.547,7239697920.0,11192572984,11192572984,2026-01-20,2026-01-20 10:54:12+08:00
159388,创业板人工智能ETF国泰,2.145,2.1491,0.19,-0.046,-2.1,175627.0,37991721.0,2.191,2.204,2.123,2.191,3.7,5.18,0.8,-11.44,84773.0,90854.0,2685568.0,7.07,633194.0,1.67,2052374.0,5.4,-1277779.0,-3.36,-1407788.0,-3.71,-30.0,2.145,2.147,339094800.0,727358346,727358346,2026-01-20,2026-01-20 10:54:24+08:00
588360,科创创业ETF,1.028,1.0274,-0.06,-0.022,-2.1,128599.0,13289018.0,1.05,1.05,1.023,1.05,2.57,3.99,1.33,3.77,58035.0,70564.0,-2258837.0,-17.0,-1834467.0,-13.8,-424370.0,-3.19,872684.0,6.57,1386153.0,10.43,-197.0,1.027,1.028,322681808.0,331716899,331716899,2026-01-20,2026-01-20 10:54:12+08:00
589720,科创创新药ETF国泰,0.928,0.9278,-0.02,-0.02,-2.11,1058992.0,99251102.0,0.953,0.954,0.924,0.948,3.16,12.48,2.32,14.02,301213.0,757779.0,-31892351.0,-32.13,-32818677.0,-33.07,926326.0,0.93,20570355.0,20.73,11321995.0,11.41,193.0,0.927,0.928,848823008.0,787707751,787707751,2026-01-20,2026-01-20 10:54:12+08:00
159701,物联网ETF招商,1.205,1.2165,0.95,-0.026,-2.11,5393.0,658329.3,1.245,1.245,1.204,1.231,3.33,5.56,1.35,-10.93,3425.0,1968.0,-108288.0,-16.45,0.0,0.0,-108288.0,-16.45,73990.0,11.24,34298.0,5.21,-12.0,1.216,1.217,9705601.0,11695249,11695249,2026-01-20,2026-01-20 10:54:21+08:00
516660,新能源车ETF基金,1.161,1.1627,0.15,-0.025,-2.11,8428.0,987825.0,1.195,1.197,1.161,1.186,3.04,0.35,0.48,3.03,2214.0,6214.0,-388247.0,-39.3,-528419.0,-53.49,140172.0,14.19,294637.0,29.83,93609.0,9.48,-174.0,1.161,1.162,239689000.0,278278929,278278929,2026-01-20,2026-01-20 10:54:15+08:00
159690,有色矿业ETF招商,2.18,2.1802,0.01,-0.047,-2.11,160625.0,35038362.1,2.234,2.25,2.151,2.227,4.45,13.37,1.6,46.49,74394.0,86231.0,-6587686.0,-18.8,-2856402.0,-8.15,-3731284.0,-10.65,3718363.0,10.61,2869322.0,8.19,-50.0,2.181,2.183,120163978.0,261957472,261957472,2026-01-20,2026-01-20 10:54:21+08:00
159773,创业板科技ETF华泰柏瑞,1.249,1.2481,-0.07,-0.027,-2.12,43348.0,5497235.8,1.264,1.278,1.241,1.276,2.9,2.77,1.84,28.56,22399.0,20949.0,-766188.0,-13.94,772632.0,14.05,-1538820.0,-27.99,440004.0,8.0,326184.0,5.93,-6.0,1.249,1.25,156303120.0,195222597,195222597,2026-01-20,2026-01-20 10:54:21+08:00
159243,创业板人工智能ETF招商,1.06,1.062,0.19,-0.023,-2.12,258292.0,27544179.664,1.083,1.089,1.049,1.083,3.69,9.53,0.73,0.03,84178.0,174114.0,-4484924.0,-16.28,-5074650.0,-18.42,589726.0,2.14,1370278.0,4.97,3114646.0,11.31,-94.0,1.059,1.06,271030224.0,287292037,287292037,2026-01-20,2026-01-20 10:54:21+08:00
159279,创业板人工智能ETF华安,1.195,1.1963,0.11,-0.026,-2.13,128639.0,15467146.685,1.221,1.227,1.183,1.221,3.6,7.38,1.15,5.67,59761.0,68878.0,1273142.0,8.23,-1790429.0,-11.58,3063571.0,19.81,498406.0,3.22,-1771547.0,-11.45,-240.0,1.194,1.195,174387534.0,208393103,208393103,2026-01-20,2026-01-20 10:54:21+08:00
516800,智能制造ETF,0.872,0.8717,-0.03,-0.019,-2.13,113847.0,9997189.0,0.895,0.904,0.866,0.891,4.26,4.09,1.5,19.23,43085.0,70762.0,-824069.0,-8.24,-2263084.0,-22.64,1439015.0,14.39,226945.0,2.27,597125.0,5.97,-19.0,0.872,0.873,278308000.0,242684576,242684576,2026-01-20,2026-01-20 10:54:15+08:00
159811,5G50ETF,2.293,2.292,-0.04,-0.05,-2.13,21359.0,4955574.886,2.343,2.345,2.274,2.343,3.03,3.74,1.78,11.15,11882.0,9477.0,-100623.0,-2.03,67528.0,1.36,-168151.0,-3.39,92324.0,1.86,8298.0,0.17,-3.0,2.289,2.291,57143393.0,131029800,131029800,2026-01-20,2026-01-20 10:54:18+08:00
516000,大数据ETF华夏,1.141,1.146,0.44,-0.025,-2.14,123266.0,14246954.0,1.169,1.171,1.132,1.166,3.34,3.26,0.7,-2.7,81875.0,41391.0,-2354355.0,-16.53,-2662572.0,-18.69,308217.0,2.16,1563431.0,10.97,790926.0,5.55,-92.0,1.141,1.143,377855008.0,431132564,431132564,2026-01-20,2026-01-20 10:54:16+08:00
159573,创业板200ETF华夏,1.59,1.5948,0.3,-0.035,-2.15,100021.0,15986257.941,1.626,1.638,1.583,1.625,3.38,10.7,2.12,9.36,35519.0,64502.0,-322686.0,-2.02,-915767.0,-5.73,593081.0,3.71,127957.0,0.8,194730.0,1.22,699.0,1.59,1.592,93456297.0,148595512,148595512,2026-01-20,2026-01-20 10:54:24+08:00
516070,低碳ETF易方达,0.635,0.6345,-0.08,-0.014,-2.16,31946.0,2045971.0,0.649,0.65,0.633,0.649,2.62,0.86,1.52,5.05,7440.0,24506.0,329730.0,16.12,0.0,0.0,329730.0,16.12,-401543.0,-19.63,71815.0,3.51,17.0,0.634,0.635,371646000.0,235995210,235995210,2026-01-20,2026-01-20 10:54:17+08:00
159706,深证100ETF华安,0.902,0.9019,-0.01,-0.02,-2.17,40388.0,3651960.7,0.913,0.914,0.898,0.922,1.74,7.29,2.83,6.45,19500.0,20888.0,-128784.0,-3.53,0.0,0.0,-128784.0,-3.53,92702.0,2.54,36083.0,0.99,1.0,0.901,0.902,55386800.0,49958894,49958894,2026-01-20,2026-01-20 10:54:15+08:00
562910,高端制造ETF易方达,0.937,0.9361,-0.1,-0.021,-2.19,82876.0,7828556.0,0.96,0.965,0.931,0.958,3.55,4.36,2.05,14.21,34214.0,48662.0,-842059.0,-10.76,-493625.0,-6.31,-348434.0,-4.45,-402907.0,-5.15,1244966.0,15.9,-80.0,0.936,0.939,190227300.0,178242980,178242980,2026-01-20,2026-01-20 10:54:15+08:00
588390,科创创业50ETF,1.026,1.0241,-0.19,-0.023,-2.19,71408.0,7386751.0,1.053,1.053,1.02,1.049,3.15,3.09,1.51,-2.83,25594.0,45814.0,-1012565.0,-13.71,-510500.0,-6.91,-502065.0,-6.8,171269.0,2.32,841295.0,11.39,166.0,1.026,1.027,230935900.0,236940233,236940233,2026-01-20,2026-01-20 10:54:14+08:00
159597,创业板成长ETF易方达,2.095,2.0963,0.06,-0.047,-2.19,9673.0,2037832.5,2.142,2.147,2.08,2.142,3.13,0.7,1.01,32.21,3767.0,5906.0,173043.0,8.49,175981.0,8.64,-2938.0,-0.14,-301859.0,-14.81,128816.0,6.32,-600.0,2.093,2.096,137852379.0,288800734,288800734,2026-01-20,2026-01-20 10:54:24+08:00
516630,云计算ETF华夏,1.822,1.825,0.16,-0.041,-2.2,205566.0,37767152.0,1.861,1.875,1.805,1.863,3.76,5.89,0.99,7.57,88268.0,117298.0,-1744832.0,-4.62,-51054.0,-0.14,-1693778.0,-4.48,-173433.0,-0.46,1918265.0,5.08,-67.0,1.822,1.823,349156000.0,636162232,636162232,2026-01-20,2026-01-20 10:54:16+08:00
159991,创大盘ETF,0.757,0.7564,-0.08,-0.017,-2.2,38296.0,2923493.8,0.774,0.775,0.752,0.774,2.97,2.93,1.79,25.96,12665.0,25631.0,-1523672.0,-52.12,-1062067.0,-36.33,-461605.0,-15.79,880909.0,30.13,642763.0,21.99,-642.0,0.756,0.757,130663172.0,98912021,98912021,2026-01-20,2026-01-20 10:54:18+08:00
159259,成长ETF易方达,1.107,1.1054,-0.14,-0.025,-2.21,655980.0,72824044.766,1.134,1.134,1.095,1.132,3.45,7.06,1.83,3.9,291890.0,364090.0,-4255304.0,-5.84,-5816528.0,-7.99,1561224.0,2.14,1135770.0,1.56,3119534.0,4.28,-4.0,1.106,1.107,929696400.0,1029173915,1029173915,2026-01-20,2026-01-20 10:54:24+08:00
159246,创业板人工智能ETF富国,1.975,1.977,0.1,-0.045,-2.23,181078.0,36031765.9,2.021,2.03,1.956,2.02,3.66,1.02,0.35,-17.57,100489.0,80589.0,-1409665.0,-3.91,-1532498.0,-4.25,122833.0,0.34,64128.0,0.18,1345538.0,3.73,1.0,1.974,1.975,1774827808.0,3505284921,3505284921,2026-01-20,2026-01-20 10:54:24+08:00
512580,环保ETF,1.31,1.3112,0.09,-0.03,-2.24,60867.0,8064127.0,1.347,1.347,1.308,1.34,2.91,0.62,1.73,31.65,21107.0,39760.0,975854.0,12.12,424788.0,5.27,551066.0,6.84,-1385022.0,-17.2,409167.0,5.08,75.0,1.31,1.312,985471696.0,1290967922,1290967922,2026-01-20,2026-01-20 10:54:20+08:00
561330,矿业ETF,2.138,2.1378,-0.01,-0.049,-2.24,418150.0,89808645.0,2.2,2.207,2.109,2.187,4.48,4.01,1.67,2.54,152200.0,265950.0,-6811776.0,-7.58,8049058.0,8.96,-14860834.0,-16.55,-4772073.0,-5.31,11583848.0,12.9,-13.0,2.138,2.139,1043696096.0,2231422253,2231422253,2026-01-20,2026-01-20 10:54:13+08:00
159890,云计算ETF,1.902,1.9099,0.41,-0.044,-2.26,237933.0,45454103.2,1.95,1.958,1.882,1.946,3.91,9.69,1.68,70.05,91766.0,146167.0,-3517506.0,-7.74,-11494209.0,-25.29,7976703.0,17.55,418210.0,0.92,3099297.0,6.82,-39.0,1.902,1.903,245590688.0,467113489,467113489,2026-01-20,2026-01-20 10:54:21+08:00
516320,高端装备ETF华夏,1.078,1.0781,0.01,-0.025,-2.27,59863.0,6527450.0,1.103,1.106,1.069,1.103,3.35,6.61,2.6,-0.97,14749.0,45114.0,-10691.0,-0.16,-1768239.0,-27.09,1757548.0,26.93,-235007.0,-3.6,245698.0,3.76,-70.0,1.076,1.078,90589300.0,97655265,97655265,2026-01-20,2026-01-20 10:54:17+08:00
159382,创业板人工智能ETF南方,2.24,2.2436,0.16,-0.052,-2.27,349218.0,79085032.9,2.292,2.305,2.221,2.292,3.66,3.56,0.97,24.58,125948.0,223270.0,-1425839.0,-1.8,-587728.0,-0.74,-838111.0,-1.06,1227427.0,1.55,198413.0,0.25,415.0,2.24,2.241,980055712.0,2195324795,2195324795,2026-01-20,2026-01-20 10:54:24+08:00
159781,科创创业ETF易方达,0.942,0.9434,0.15,-0.022,-2.28,1978143.0,187590019.672,0.961,0.965,0.938,0.964,2.8,1.48,2.12,85.13,634536.0,1343607.0,-2101046.0,-1.12,29073043.0,15.56,-31174089.0,-16.68,-7505992.0,-4.02,9607038.0,5.14,-7316.0,0.942,0.943,13381860608.0,12605712693,12605712693,2026-01-20,2026-01-20 10:54:21+08:00
159637,新能源车ETF东财,0.94,0.9414,0.15,-0.022,-2.29,359673.0,34184717.3,0.963,0.97,0.938,0.962,3.33,3.52,2.63,-10.52,122720.0,236953.0,1590330.0,4.65,12084624.0,35.35,-10494294.0,-30.7,-3326566.0,-9.73,1736236.0,5.08,2082.0,0.94,0.941,1021768096.0,960462010,960462010,2026-01-20,2026-01-20 10:54:24+08:00
588110,科创成长ETF,2.088,2.0871,-0.04,-0.049,-2.29,45893.0,9688068.0,2.148,2.152,2.078,2.137,3.46,2.48,0.87,2.64,20170.0,25723.0,-2878541.0,-29.71,-1156586.0,-11.94,-1721955.0,-17.77,1906287.0,19.68,972254.0,10.04,-131.0,2.086,2.089,184758000.0,385774704,385774704,2026-01-20,2026-01-20 10:54:15+08:00
159885,碳中和ETF鹏华,0.81,0.8109,0.11,-0.019,-2.29,30387.0,2483389.2,0.833,0.834,0.808,0.829,3.14,1.01,2.0,16.28,13513.0,16874.0,-324692.0,-13.17,-456198.0,-18.5,131506.0,5.33,104258.0,4.23,220434.0,8.94,212.0,0.81,0.811,301467312.0,244188523,244188523,2026-01-20,2026-01-20 10:54:21+08:00
159242,创业板人工智能ETF大成,1.766,1.7735,0.42,-0.042,-2.32,326249.0,58108311.6,1.81,1.816,1.749,1.808,3.71,15.37,2.01,84.58,151293.0,174956.0,1613371.0,2.78,664275.0,1.14,949096.0,1.63,-2024878.0,-3.48,411508.0,0.71,-20.0,1.766,1.768,212278583.0,374883978,374883978,2026-01-20,2026-01-20 10:54:24+08:00
159381,创业板人工智能ETF华夏,1.983,1.9847,0.09,-0.047,-2.32,1197752.0,239787709.98,2.029,2.035,1.962,2.03,3.6,11.7,1.44,-19.59,708382.0,489370.0,-12849442.0,-5.36,-49933032.0,-20.82,37083590.0,15.47,9403378.0,3.92,3446064.0,1.44,-50.0,1.983,1.984,1023576608.0,2029752414,2029752414,2026-01-20,2026-01-20 10:54:24+08:00
159899,软件龙头ETF,1.003,1.0026,-0.04,-0.024,-2.34,425988.0,42991031.512,1.026,1.031,0.993,1.027,3.7,5.76,0.77,51.33,158662.0,267326.0,-6211036.0,-14.47,-5581404.0,-13.0,-629632.0,-1.47,810505.0,1.89,5400532.0,12.58,727.0,1.003,1.004,739977728.0,742197661,742197661,2026-01-20,2026-01-20 10:54:21+08:00
560300,电信50ETF,2.045,2.0457,0.03,-0.049,-2.34,28006.0,5776407.0,2.101,2.127,2.034,2.094,4.44,8.54,2.61,-9.17,13279.0,14727.0,-1457627.0,-25.23,-1594261.0,-27.6,136634.0,2.37,464664.0,8.04,992964.0,17.19,43.0,2.04,2.045,32803400.0,67082953,67082953,2026-01-20,2026-01-20 10:54:15+08:00
516090,新能源ETF易方达,0.583,0.5829,-0.02,-0.014,-2.35,534927.0,31495623.0,0.598,0.601,0.58,0.597,3.52,2.54,1.18,22.42,176656.0,358271.0,-2930630.0,-9.3,-2227892.0,-7.07,-702738.0,-2.23,1357026.0,4.31,1573604.0,5.0,2.0,0.582,0.583,2102844800.0,1225958518,1225958518,2026-01-20,2026-01-20 10:54:17+08:00
159840,锂电池ETF,0.869,0.8684,-0.07,-0.021,-2.36,1014395.0,89162314.5,0.893,0.899,0.865,0.89,3.82,4.78,1.87,14.46,418460.0,595935.0,-8238656.0,-9.24,-3255284.0,-3.65,-4983372.0,-5.59,2873156.0,3.22,5365499.0,6.02,50.0,0.868,0.869,2123574848.0,1845386543,1845386543,2026-01-20,2026-01-20 10:54:21+08:00
159775,电池ETF基金,0.901,0.9005,-0.06,-0.022,-2.38,153961.0,13984192.4,0.928,0.931,0.897,0.923,3.68,6.7,1.21,7.54,61909.0,92052.0,-1058310.0,-7.57,-547200.0,-3.91,-511110.0,-3.65,-64506.0,-0.46,1122816.0,8.03,22.0,0.9,0.901,229648961.0,206913714,206913714,2026-01-20,2026-01-20 10:54:21+08:00
563010,电信ETF易方达,1.919,1.9199,0.05,-0.047,-2.39,44453.0,8609798.0,1.956,1.968,1.909,1.966,3.0,5.22,2.38,6.68,20068.0,24385.0,-956927.0,-11.11,-1043932.0,-12.12,87005.0,1.01,797464.0,9.26,159465.0,1.85,-10.0,1.918,1.92,85189300.0,163478267,163478267,2026-01-20,2026-01-20 10:54:14+08:00
159663,机床ETF,1.715,1.7126,-0.14,-0.043,-2.45,116807.0,20313902.7,1.759,1.768,1.7,1.758,3.87,12.23,2.77,0.29,66576.0,50231.0,-24365.0,-0.12,-853069.0,-4.2,828704.0,4.08,-443386.0,-2.18,467752.0,2.3,-1.0,1.714,1.715,95517585.0,163812658,163812658,2026-01-20,2026-01-20 10:54:24+08:00
159507,通信ETF广发,2.058,2.0531,-0.24,-0.052,-2.46,24772.0,5120795.1,2.1,2.117,2.036,2.11,3.84,3.49,1.44,28.42,12147.0,12625.0,1044278.0,20.39,2044994.0,39.94,-1000716.0,-19.54,-482262.0,-9.42,-562016.0,-10.98,10.0,2.052,2.056,70943634.0,146001999,146001999,2026-01-20,2026-01-20 10:54:24+08:00
159755,电池ETF,1.085,1.0844,-0.06,-0.028,-2.52,3878296.0,425089462.741,1.118,1.122,1.08,1.113,3.77,2.99,1.46,26.47,1307096.0,2571200.0,-62961510.0,-14.81,-25511859.0,-6.0,-37449651.0,-8.81,17356691.0,4.08,45604820.0,10.73,5.0,1.084,1.085,12955646720.0,14056876691,14056876691,2026-01-20,2026-01-20 10:54:21+08:00
588210,科创100ETF易方达,1.534,1.5346,0.04,-0.04,-2.54,56858.0,8751094.0,1.56,1.574,1.52,1.574,3.43,1.57,2.15,1.47,17008.0,39850.0,-485479.0,-5.55,1005750.0,11.49,-1491229.0,-17.04,212553.0,2.43,272926.0,3.12,90.0,1.532,1.534,363254000.0,557231636,557231636,2026-01-20,2026-01-20 10:54:15+08:00
159767,电池龙头ETF,0.881,0.8814,0.05,-0.023,-2.54,181030.0,16100129.9,0.907,0.91,0.878,0.904,3.54,5.41,2.03,56.32,52828.0,128202.0,-1420702.0,-8.82,-907964.0,-5.64,-512738.0,-3.18,-220562.0,-1.37,1641264.0,10.19,-277.0,0.881,0.882,334873680.0,295023712,295023712,2026-01-20,2026-01-20 10:54:21+08:00
159713,稀土ETF,1.428,1.4271,-0.06,-0.038,-2.59,628503.0,90384463.3,1.467,1.473,1.415,1.466,3.96,7.66,1.52,5.54,239035.0,389468.0,-14578954.0,-16.13,-3826652.0,-4.23,-10752302.0,-11.9,679512.0,0.75,13899441.0,15.38,95.0,1.428,1.429,820755056.0,1172038220,1172038220,2026-01-20,2026-01-20 10:54:21+08:00
159757,电池ETF景顺,0.898,0.8973,-0.08,-0.024,-2.6,162958.0,14815116.1,0.924,0.929,0.894,0.922,3.8,4.07,1.67,17.08,53632.0,109326.0,-1186122.0,-8.01,1765299.0,11.92,-2951421.0,-19.92,-5175.0,-0.03,1191296.0,8.04,-949.0,0.897,0.898,399931888.0,359138835,359138835,2026-01-20,2026-01-20 10:54:21+08:00
159906,深成长ETF大成,1.5,1.4985,-0.1,-0.04,-2.6,25935.0,3916032.6,1.539,1.539,1.489,1.54,3.25,2.24,1.48,8.89,5723.0,20212.0,584839.0,14.93,0.0,0.0,584839.0,14.93,-852875.0,-21.78,268035.0,6.84,300.0,1.499,1.501,115639725.0,173459588,173459588,2026-01-20,2026-01-20 10:54:21+08:00
588500,科创100增强ETF易方达,2.244,2.2446,0.03,-0.06,-2.6,24722.0,5570885.0,2.291,2.304,2.23,2.304,3.21,4.52,2.8,26.07,10374.0,14348.0,-372975.0,-6.7,31526.0,0.57,-404501.0,-7.26,-391864.0,-7.03,764840.0,13.73,60.0,2.24,2.244,54647000.0,122627868,122627868,2026-01-20,2026-01-20 10:54:14+08:00
516150,稀土ETF嘉实,1.981,1.9824,0.07,-0.053,-2.61,1033491.0,206445450.0,2.038,2.048,1.963,2.034,4.18,2.24,1.23,9.59,459643.0,573848.0,-6440113.0,-3.12,-5537426.0,-2.68,-902687.0,-0.44,-1259551.0,-0.61,7699666.0,3.73,672.0,1.981,1.984,4603577088.0,9119686211,9119686211,2026-01-20,2026-01-20 10:54:16+08:00
159387,创业板新能源ETF国泰,1.681,1.6817,0.04,-0.045,-2.61,630430.0,107019777.8,1.729,1.737,1.676,1.726,3.53,19.01,3.0,34.84,280313.0,350117.0,-917462.0,-0.86,-3083513.0,-2.88,2166051.0,2.02,594561.0,0.56,322902.0,0.3,4702.0,1.68,1.682,331594832.0,557410913,557410913,2026-01-20,2026-01-20 10:54:24+08:00
159875,新能源ETF,0.705,0.7035,-0.21,-0.019,-2.62,645402.0,45933976.6,0.726,0.728,0.701,0.724,3.73,2.4,0.82,45.33,313738.0,331664.0,-5729855.0,-12.48,-5961517.0,-12.98,231662.0,0.5,2306466.0,5.02,3423388.0,7.45,50.0,0.704,0.705,2688162896.0,1895154842,1895154842,2026-01-20,2026-01-20 10:54:21+08:00
159752,新能源龙头ETF,0.705,0.7037,-0.18,-0.019,-2.62,146276.0,10446482.8,0.725,0.727,0.702,0.724,3.45,2.4,1.87,33.84,88560.0,57716.0,-4763047.0,-45.6,-3916969.0,-37.5,-846078.0,-8.1,1220848.0,11.69,3542198.0,33.91,6.0,0.704,0.705,608958912.0,429316033,429316033,2026-01-20,2026-01-20 10:54:21+08:00
159267,航天ETF,1.257,1.2541,-0.23,-0.034,-2.63,833245.0,105778951.248,1.295,1.3,1.24,1.291,4.65,6.58,0.84,52.98,339317.0,493928.0,-10694000.0,-10.11,-3931844.0,-3.72,-6762156.0,-6.39,-419726.0,-0.4,11113726.0,10.51,30.0,1.256,1.257,1265506128.0,1590741203,1590741203,2026-01-20,2026-01-20 10:54:24+08:00
159667,工业母机ETF,1.729,1.7295,0.03,-0.047,-2.65,364278.0,63494859.9,1.779,1.786,1.715,1.776,4.0,5.52,1.46,26.19,144013.0,220265.0,-4536167.0,-7.15,-1263799.0,-1.99,-3272368.0,-5.16,243711.0,0.38,4292457.0,6.76,-100.0,1.729,1.73,660016912.0,1141169241,1141169241,2026-01-20,2026-01-20 10:54:24+08:00
159255,通用航空ETF易方达,1.249,1.2491,0.01,-0.034,-2.65,28336.0,3603408.3,1.283,1.291,1.236,1.283,4.29,7.02,1.41,28.32,7161.0,21175.0,88405.0,2.45,1281309.0,35.56,-1192904.0,-33.1,-203228.0,-5.64,114823.0,3.19,1100.0,1.247,1.249,40338868.0,50383246,50383246,2026-01-20,2026-01-20 10:54:24+08:00
159122,创业板新能源ETF富国,1.024,1.0238,-0.02,-0.028,-2.66,15108.0,1563052.3,1.059,1.059,1.021,1.052,3.61,5.18,1.29,59.62,8399.0,6709.0,-195144.0,-12.48,0.0,0.0,-195144.0,-12.48,23263.0,1.49,171881.0,11.0,-50.0,1.023,1.025,29160935.0,29860797,29860797,2026-01-20,2026-01-20 10:54:27+08:00
159241,航空航天ETF天弘,1.499,1.4988,-0.01,-0.041,-2.66,543874.0,82424974.6,1.541,1.555,1.479,1.54,4.94,10.24,1.45,50.44,217250.0,326624.0,-1571329.0,-1.91,646946.0,0.78,-2218275.0,-2.69,-2656690.0,-3.22,4228020.0,5.13,-176.0,1.498,1.499,531074272.0,796080334,796080334,2026-01-20,2026-01-20 10:54:24+08:00
159861,碳中和50ETF,1.202,1.2011,-0.07,-0.033,-2.67,16775.0,2038972.1,1.235,1.235,1.198,1.235,3.0,1.04,1.63,-13.3,4259.0,12516.0,-82854.0,-4.06,0.0,0.0,-82854.0,-4.06,50005.0,2.45,32849.0,1.61,17.0,1.201,1.202,161117535.0,193663277,193663277,2026-01-20,2026-01-20 10:54:18+08:00
159149,创业板新能源ETF工银,0.981,0.9797,-0.13,-0.027,-2.68,388585.0,38940582.637,1.008,1.013,0.978,1.008,3.47,15.83,,66.83,139317.0,249267.0,-1759590.0,-4.52,821510.0,2.11,-2581100.0,-6.63,532997.0,1.37,1226593.0,3.15,-19.0,0.98,0.982,245515298.0,240850507,240850507,2026-01-20,2026-01-20 10:54:27+08:00
516160,新能源ETF,2.978,2.9756,-0.08,-0.082,-2.68,446817.0,134679693.0,3.07,3.073,2.969,3.06,3.4,1.83,1.55,18.1,215649.0,231168.0,-16518507.0,-12.29,-5031934.0,-3.74,-11486573.0,-8.54,-3197225.0,-2.38,19715733.0,14.66,795.0,2.977,2.979,2437642000.0,7259297876,7259297876,2026-01-20,2026-01-20 10:54:16+08:00
159715,稀土ETF易方达,1.308,1.3076,-0.03,-0.036,-2.68,492985.0,64943554.5,1.342,1.351,1.297,1.344,4.02,10.82,1.49,25.29,199569.0,293416.0,-3545965.0,-5.46,-3011741.0,-4.64,-534224.0,-0.82,-467384.0,-0.72,4013350.0,6.18,-51.0,1.308,1.309,455530272.0,595833596,595833596,2026-01-20,2026-01-20 10:54:21+08:00
516780,稀土ETF,1.918,1.9177,-0.02,-0.053,-2.69,603766.0,116943334.0,1.971,1.981,1.901,1.971,4.06,4.2,1.52,5.45,267168.0,336598.0,-12649909.0,-10.82,-8044483.0,-6.88,-4605426.0,-3.94,-1773562.0,-1.52,14423471.0,12.33,300.0,1.917,1.92,1436549808.0,2755302532,2755302532,2026-01-20,2026-01-20 10:54:15+08:00
516270,新能源50ETF,0.686,0.6856,-0.06,-0.019,-2.7,141302.0,9770194.0,0.705,0.708,0.684,0.705,3.4,4.01,2.03,6.3,61346.0,79956.0,-411019.0,-4.21,1623512.0,16.62,-2034531.0,-20.82,-298823.0,-3.06,709841.0,7.27,9.0,0.685,0.686,352409008.0,241752579,241752579,2026-01-20,2026-01-20 10:54:15+08:00
159864,光伏50ETF,0.683,0.6808,-0.32,-0.019,-2.71,260082.0,17963347.2,0.701,0.704,0.679,0.702,3.56,3.31,1.67,52.75,77285.0,182797.0,-951888.0,-5.3,1014499.0,5.65,-1966387.0,-10.95,159589.0,0.89,792300.0,4.41,2.0,0.682,0.683,785526832.0,536514826,536514826,2026-01-20,2026-01-20 10:54:21+08:00
159671,稀有金属ETF基金,1.428,1.4262,-0.13,-0.04,-2.72,258756.0,37361466.6,1.476,1.485,1.413,1.468,4.9,3.85,1.98,33.66,84453.0,174303.0,-2455806.0,-6.57,2334689.0,6.25,-4790495.0,-12.82,38515.0,0.1,2417290.0,6.47,50.0,1.427,1.428,671551744.0,958975890,958975890,2026-01-20,2026-01-20 10:54:24+08:00
159609,光伏ETF浦银,0.608,0.6088,0.13,-0.017,-2.72,222484.0,13682811.1,0.623,0.627,0.605,0.625,3.52,4.82,1.27,34.73,58149.0,164335.0,1402774.0,10.25,2105528.0,15.39,-702754.0,-5.14,-1999535.0,-14.62,596761.0,4.36,29.0,0.607,0.608,461903408.0,280837272,280837272,2026-01-20,2026-01-20 10:54:24+08:00
159208,航空航天ETF万家,1.504,1.5022,-0.12,-0.042,-2.72,330413.0,50227304.7,1.55,1.559,1.481,1.546,5.05,13.68,1.33,10.52,138990.0,191423.0,-3655087.0,-7.28,-3569215.0,-7.11,-85872.0,-0.17,-800313.0,-1.59,4455399.0,8.87,-2.0,1.504,1.505,241462783.0,363160026,363160026,2026-01-20,2026-01-20 10:54:27+08:00
159123,光伏ETF嘉实,1.101,1.101,0.0,-0.031,-2.74,139961.0,15737812.95,1.133,1.134,1.096,1.132,3.36,1.9,2.0,-25.23,76229.0,63732.0,317655.0,2.02,382912.0,2.43,-65257.0,-0.41,-471580.0,-3.0,153923.0,0.98,-200.0,1.101,1.103,738047024.0,812589773,812589773,2026-01-20,2026-01-20 10:54:27+08:00
512680,军工ETF广发,1.518,1.5197,0.11,-0.043,-2.75,426143.0,65146843.0,1.56,1.571,1.5,1.561,4.55,1.09,0.8,-1.47,178254.0,247889.0,3038273.0,4.66,6194007.0,9.51,-3155734.0,-4.84,-8977727.0,-13.78,5939456.0,9.12,449.0,1.518,1.519,3922530096.0,5954400686,5954400686,2026-01-20,2026-01-20 10:54:18+08:00
159368,创业板新能源ETF华夏,1.518,1.5193,0.09,-0.043,-2.75,423437.0,65347344.8,1.561,1.57,1.514,1.561,3.59,8.97,1.74,17.94,158151.0,265286.0,3955201.0,6.05,-131043.0,-0.2,4086244.0,6.25,-4595760.0,-7.03,640559.0,0.98,-1.0,1.518,1.519,472289840.0,716935977,716935977,2026-01-20,2026-01-20 10:54:24+08:00
516850,新能源ETF华夏,1.093,1.0932,0.02,-0.031,-2.76,45112.0,5013226.0,1.124,1.13,1.09,1.124,3.56,4.13,2.25,8.15,21730.0,23382.0,69822.0,1.39,-26295.0,-0.52,96117.0,1.92,-297662.0,-5.94,227841.0,4.54,-10.0,1.092,1.094,109237000.0,119396041,119396041,2026-01-20,2026-01-20 10:54:17+08:00
561800,稀有金属ETF基金,1.088,1.0851,-0.27,-0.031,-2.77,186534.0,20423739.0,1.122,1.129,1.075,1.119,4.83,9.54,1.95,8.92,73025.0,113509.0,-2259395.0,-11.06,-1764028.0,-8.64,-495367.0,-2.43,158084.0,0.77,2101312.0,10.29,5.0,1.086,1.088,195577200.0,212787994,212787994,2026-01-20,2026-01-20 10:54:16+08:00
159638,高端装备ETF,1.148,1.1487,0.06,-0.033,-2.79,1194567.0,138612018.703,1.181,1.191,1.133,1.181,4.91,7.64,0.91,43.35,560862.0,633704.0,-6594667.0,-4.76,-6626753.0,-4.78,32086.0,0.02,1191460.0,0.86,5403206.0,3.9,-1000.0,1.148,1.149,1563341936.0,1794716543,1794716543,2026-01-20,2026-01-20 10:54:24+08:00
159392,航空ETF,1.353,1.3522,-0.06,-0.039,-2.8,95085.0,12996387.9,1.392,1.401,1.337,1.392,4.6,6.71,1.05,41.73,38991.0,56094.0,-1514943.0,-11.66,-1269347.0,-9.77,-245596.0,-1.89,463383.0,3.57,1051558.0,8.09,1.0,1.352,1.353,141785500.0,191835782,191835782,2026-01-20,2026-01-20 10:54:24+08:00
516580,新能源主题ETF,0.694,0.6946,0.09,-0.02,-2.8,24550.0,1728445.0,0.72,0.72,0.693,0.714,3.78,1.5,1.29,-6.84,5453.0,19097.0,385220.0,22.29,686662.0,39.73,-301442.0,-17.44,-424921.0,-24.58,39700.0,2.3,-6.0,0.694,0.695,164124100.0,113902125,113902125,2026-01-20,2026-01-20 10:54:17+08:00
512710,军工龙头ETF,0.868,0.8682,0.02,-0.025,-2.8,6867272.0,600777926.0,0.892,0.899,0.856,0.893,4.82,6.07,1.44,12.65,2897687.0,3969585.0,-53957452.0,-8.98,-10579632.0,-1.76,-43377820.0,-7.22,17864100.0,2.97,36457915.0,6.07,-5.0,0.868,0.869,11313658368.0,9820255463,9820255463,2026-01-20,2026-01-20 10:54:20+08:00
159261,创业板新能源ETF鹏华,1.594,1.5953,0.08,-0.046,-2.8,20467.0,3307932.1,1.636,1.649,1.59,1.64,3.6,4.89,0.48,21.81,5438.0,15029.0,40900.0,1.24,984.0,0.03,39916.0,1.21,-70272.0,-2.12,29371.0,0.89,4.0,1.594,1.596,41814904.0,66652957,66652957,2026-01-20,2026-01-20 10:54:24+08:00
159695,通信ETF,2.248,2.2481,0.0,-0.065,-2.81,132198.0,30076726.9,2.315,2.319,2.228,2.313,3.93,7.08,1.69,18.89,37762.0,94436.0,1396266.0,4.64,4561522.0,15.17,-3165256.0,-10.52,-3265276.0,-10.86,1869010.0,6.21,-84.0,2.247,2.248,186812086.0,419953569,419953569,2026-01-20,2026-01-20 10:54:21+08:00
159608,稀有金属ETF,1.17,1.1694,-0.05,-0.034,-2.82,3103137.0,365057598.0,1.208,1.218,1.158,1.204,4.98,10.57,2.92,48.24,1490171.0,1612966.0,-59437839.0,-16.28,-103843693.0,-28.45,44405854.0,12.16,43294952.0,11.86,16142888.0,4.42,1.0,1.17,1.171,2936810064.0,3436067775,3436067775,2026-01-20,2026-01-20 10:54:24+08:00
159231,通用航空ETF华宝,0.722,0.7224,0.06,-0.021,-2.83,120506.0,8859150.1,0.746,0.748,0.713,0.743,4.71,4.27,0.93,69.76,55619.0,64887.0,-1262429.0,-14.25,-739239.0,-8.34,-523190.0,-5.91,677731.0,7.65,584698.0,6.6,12.0,0.721,0.722,282091856.0,203670320,203670320,2026-01-20,2026-01-20 10:54:21+08:00
563380,航空航天ETF,1.272,1.2713,-0.06,-0.037,-2.83,1706896.0,220120446.0,1.315,1.324,1.254,1.309,5.35,29.9,3.37,-18.67,681752.0,1025144.0,35684747.0,16.21,38921437.0,17.68,-3236690.0,-1.47,-21251945.0,-9.65,-14432801.0,-6.56,-79.0,1.272,1.273,570950000.0,726248400,726248400,2026-01-20,2026-01-20 10:54:14+08:00
515050,通信ETF华夏,2.3,2.301,0.04,-0.067,-2.83,906750.0,210938941.0,2.353,2.375,2.28,2.367,4.01,2.62,1.72,33.25,266803.0,639947.0,-26975765.0,-12.79,-10874780.0,-5.16,-16100985.0,-7.63,5532127.0,2.62,21443636.0,10.17,-467.0,2.3,2.301,3455068496.0,7946657541,7946657541,2026-01-20,2026-01-20 10:54:17+08:00
159227,航空航天ETF,1.471,1.4704,-0.04,-0.043,-2.84,2792930.0,415177001.3,1.513,1.525,1.451,1.514,4.89,13.81,1.21,4.0,1245069.0,1547861.0,-44732006.0,-10.77,-15830953.0,-3.81,-28901053.0,-6.96,6282002.0,1.51,38450003.0,9.26,1054.0,1.471,1.472,2021911200.0,2974231375,2974231375,2026-01-20,2026-01-20 10:54:24+08:00
159994,5GETF,1.879,1.8832,0.22,-0.055,-2.84,393445.0,74644872.185,1.925,1.935,1.863,1.934,3.72,2.35,1.09,34.17,133228.0,260217.0,13056165.0,17.5,10717291.0,14.36,2338874.0,3.13,-14043021.0,-18.82,986855.0,1.32,-152.0,1.88,1.881,1675001680.0,3147328157,3147328157,2026-01-20,2026-01-20 10:54:18+08:00
159378,通用航空ETF,1.495,1.4955,0.03,-0.044,-2.86,257600.0,38837439.5,1.54,1.552,1.479,1.539,4.74,5.09,1.09,47.71,103391.0,154209.0,1655743.0,4.26,-400905.0,-1.03,2056648.0,5.3,-3681900.0,-9.48,2026157.0,5.22,-46.0,1.494,1.495,506271072.0,756875253,756875253,2026-01-20,2026-01-20 10:54:24+08:00
516880,光伏50ETF,0.882,0.8834,0.16,-0.026,-2.86,426918.0,38297339.0,0.907,0.91,0.879,0.908,3.41,2.02,1.3,18.42,162983.0,263934.0,1370717.0,3.58,2855944.0,7.46,-1485227.0,-3.88,-2364312.0,-6.18,993594.0,2.6,-395.0,0.882,0.883,2109944096.0,1860970693,1860970693,2026-01-20,2026-01-20 10:54:15+08:00
562800,稀有金属ETF,1.019,1.0169,-0.21,-0.03,-2.86,3500813.0,363201561.0,1.055,1.06,1.009,1.049,4.86,6.15,2.06,28.25,1576851.0,1923962.0,-37960058.0,-10.45,41013441.0,11.29,-78973499.0,-21.74,12732770.0,3.51,25227287.0,6.95,240.0,1.019,1.02,5692495104.0,5800652511,5800652511,2026-01-20,2026-01-20 10:54:14+08:00
159257,航空ETF基金,1.253,1.2552,0.18,-0.037,-2.87,127742.0,16244183.8,1.295,1.303,1.24,1.29,4.88,7.82,0.81,-16.33,55142.0,72600.0,1764754.0,10.86,-266499.0,-1.64,2031253.0,12.5,-2463163.0,-15.16,698408.0,4.3,-4.0,1.253,1.254,163416949.0,204761437,204761437,2026-01-20,2026-01-20 10:54:21+08:00
512660,军工ETF,1.482,1.4814,-0.04,-0.044,-2.88,3426066.0,512256221.0,1.524,1.536,1.465,1.526,4.65,4.89,1.52,50.44,1361283.0,2064783.0,-56128438.0,-10.96,30784527.0,6.01,-86912965.0,-16.97,8564242.0,1.67,47564198.0,9.29,389.0,1.481,1.482,7003079936.0,10378564465,10378564465,2026-01-20,2026-01-20 10:54:19+08:00
562970,光伏ETF易方达,1.195,1.1943,-0.06,-0.036,-2.92,138480.0,16732999.0,1.231,1.25,1.19,1.231,4.87,2.88,2.26,14.26,68198.0,70282.0,1772336.0,10.59,1485911.0,8.88,286425.0,1.71,-1706092.0,-10.2,-66244.0,-0.4,17.0,1.193,1.195,481448000.0,575330360,575330360,2026-01-20,2026-01-20 10:54:14+08:00
516180,光伏ETF基金,0.862,0.8622,0.02,-0.026,-2.93,48373.0,4220369.0,0.888,0.889,0.859,0.888,3.38,4.84,1.26,1.32,19948.0,28425.0,-148328.0,-3.51,0.0,0.0,-148328.0,-3.51,3392.0,0.08,144935.0,3.43,-7.0,0.862,0.863,99987000.0,86188794,86188794,2026-01-20,2026-01-20 10:54:16+08:00
515370,光伏ETF华夏,0.994,0.9959,0.19,-0.03,-2.93,221097.0,22174559.0,1.024,1.027,0.992,1.024,3.42,1.57,1.71,-8.13,89926.0,131171.0,602148.0,2.72,48399.0,0.22,553749.0,2.5,-657394.0,-2.96,55245.0,0.25,-203.0,0.994,0.996,1411713008.0,1403242730,1403242730,2026-01-20,2026-01-20 10:54:18+08:00
512810,军工ETF华宝,0.857,0.8587,0.2,-0.026,-2.94,763925.0,65994591.0,0.885,0.9,0.849,0.883,5.78,8.53,1.97,38.17,429219.0,334706.0,-3847281.0,-5.83,-1875430.0,-2.84,-1971851.0,-2.99,-1087683.0,-1.65,4934965.0,7.48,-99.0,0.857,0.858,895583504.0,767515063,767515063,2026-01-20,2026-01-20 10:54:18+08:00
159796,电池50ETF,0.989,0.9896,0.06,-0.03,-2.94,1874742.0,188160731.2,1.024,1.027,0.988,1.019,3.83,2.2,1.39,20.79,791357.0,1083385.0,-32070873.0,-17.04,2176879.0,1.16,-34247752.0,-18.2,15019449.0,7.98,17051425.0,9.06,-28.0,0.989,0.99,8517467648.0,8423775504,8423775504,2026-01-20,2026-01-20 10:54:21+08:00
159283,通用航空ETF南方,1.281,1.2809,-0.01,-0.039,-2.95,235314.0,30381623.97,1.319,1.333,1.262,1.32,5.38,8.87,1.19,-30.15,132500.0,102814.0,-228818.0,-0.75,4998481.0,16.45,-5227299.0,-17.21,-949951.0,-3.13,1178768.0,3.88,3.0,1.28,1.282,265437981.0,340026054,340026054,2026-01-20,2026-01-20 10:54:18+08:00
159863,光伏ETF鹏华,0.692,0.6922,0.03,-0.021,-2.95,105257.0,7416523.15,0.712,0.715,0.689,0.713,3.65,2.93,1.37,44.26,30715.0,74542.0,-888725.0,-11.98,1626719.0,21.93,-2515444.0,-33.92,417763.0,5.63,470962.0,6.35,-200.0,0.692,0.693,358729360.0,248240717,248240717,2026-01-20,2026-01-20 10:54:21+08:00
589960,科创新能源ETF易方达,1.113,1.111,-0.18,-0.034,-2.96,126050.0,14314494.0,1.146,1.155,1.107,1.147,4.18,8.44,1.43,-0.37,56485.0,69565.0,1270554.0,8.88,0.0,0.0,1270554.0,8.88,-1386611.0,-9.69,116057.0,0.81,15.0,1.11,1.112,149316000.0,166188708,166188708,2026-01-20,2026-01-20 10:54:14+08:00
515790,光伏ETF,1.047,1.0473,0.03,-0.032,-2.97,3719766.0,394651645.0,1.075,1.08,1.043,1.079,3.43,3.74,1.45,45.15,1240552.0,2479214.0,12453306.0,3.16,27380347.0,6.94,-14927041.0,-3.78,-15655086.0,-3.97,2747787.0,0.7,-10200.0,1.047,1.048,9955493888.0,10423402101,10423402101,2026-01-20,2026-01-20 10:54:18+08:00
512560,军工ETF易方达,0.915,0.9156,0.07,-0.028,-2.97,620154.0,57251527.0,0.945,0.949,0.905,0.943,4.67,7.9,1.48,20.77,229354.0,390800.0,-5390057.0,-9.41,-7859947.0,-13.73,2469890.0,4.31,2490230.0,4.35,2899827.0,5.07,-100.0,0.915,0.916,785127008.0,718391212,718391212,2026-01-20,2026-01-20 10:54:19+08:00
561160,锂电池ETF,0.846,0.845,-0.12,-0.026,-2.98,645442.0,55360173.0,0.876,0.88,0.844,0.872,4.13,2.65,1.64,38.81,194231.0,451211.0,-11193331.0,-20.23,-4226560.0,-7.64,-6966771.0,-12.59,3004930.0,5.43,8188400.0,14.8,220.0,0.846,0.847,2436835008.0,2061562417,2061562417,2026-01-20,2026-01-20 10:54:15+08:00
159967,创业板成长ETF,0.618,0.618,0.0,-0.019,-2.98,2290577.0,143069687.126,0.637,0.638,0.614,0.637,3.77,4.74,1.68,68.54,846047.0,1444530.0,-32402297.0,-22.65,-36035940.0,-25.19,3633643.0,2.54,18942810.0,13.24,13459487.0,9.41,-1.0,0.618,0.619,4828105728.0,2983769340,2983769340,2026-01-20,2026-01-20 10:54:18+08:00
159230,通用航空ETF华夏,1.384,1.3838,-0.01,-0.043,-3.01,154002.0,21865183.8,1.432,1.434,1.368,1.427,4.63,2.67,0.81,55.8,114248.0,39754.0,-971912.0,-4.45,-2512025.0,-11.49,1540113.0,7.04,547938.0,2.51,423974.0,1.94,1.0,1.383,1.384,576304224.0,797605046,797605046,2026-01-20,2026-01-20 10:54:21+08:00
512670,国防ETF,0.997,0.9975,0.05,-0.031,-3.02,1283939.0,129337018.0,1.026,1.034,0.986,1.028,4.67,4.28,1.01,-23.7,459843.0,824096.0,-3789841.0,-2.93,14146618.0,10.94,-17936459.0,-13.87,-6266611.0,-4.85,10056452.0,7.78,-300.0,0.997,0.999,2996652608.0,2987662650,2987662650,2026-01-20,2026-01-20 10:54:19+08:00
562880,电池ETF嘉实,0.862,0.8618,-0.02,-0.027,-3.04,271241.0,23707747.0,0.889,0.895,0.861,0.889,3.82,2.14,0.98,4.64,111259.0,159982.0,-2248510.0,-9.48,-1274180.0,-5.37,-974330.0,-4.11,298812.0,1.26,1949698.0,8.22,200.0,0.861,0.862,1267399600.0,1092498455,1092498455,2026-01-20,2026-01-20 10:54:15+08:00
588850,科创机械ETF,1.527,1.5239,-0.2,-0.048,-3.05,55181.0,8541990.0,1.568,1.58,1.515,1.575,4.13,14.23,1.92,6.68,20535.0,34646.0,709421.0,8.31,0.0,0.0,709421.0,8.31,-781762.0,-9.15,72341.0,0.85,20.0,1.525,1.526,38779000.0,59215533,59215533,2026-01-20,2026-01-20 10:54:13+08:00
515880,通信ETF,3.059,3.0573,-0.06,-0.097,-3.07,2583777.0,797516678.0,3.149,3.155,3.033,3.156,3.87,5.77,1.67,-24.17,977713.0,1606064.0,-194502224.0,-24.39,-116521799.0,-14.61,-77980425.0,-9.78,21073557.0,2.64,173427130.0,21.75,-141.0,3.059,3.06,4480462336.0,13705734286,13705734286,2026-01-20,2026-01-20 10:54:17+08:00
159206,卫星ETF,1.914,1.9131,-0.05,-0.061,-3.09,8132265.0,1578822098.474,1.997,2.011,1.881,1.975,6.58,9.65,1.12,48.42,3121552.0,5010712.0,-118747408.0,-7.52,23015664.0,1.46,-141763072.0,-8.98,-12134928.0,-0.77,130882351.0,8.29,-262.0,1.913,1.914,8428953344.0,16133016700,16133016700,2026-01-20,2026-01-20 10:54:27+08:00
561910,电池ETF,0.845,0.8441,-0.11,-0.027,-3.1,1557582.0,133288363.0,0.874,0.876,0.842,0.872,3.9,2.53,1.4,46.04,537125.0,1020457.0,-37300980.0,-27.99,-37598923.0,-28.21,297943.0,0.22,16058792.0,12.05,21242188.0,15.94,245.0,0.844,0.845,6156076544.0,5201884680,5201884680,2026-01-20,2026-01-20 10:54:13+08:00
561660,通用航空ETF基金,1.36,1.3613,0.1,-0.044,-3.13,75600.0,10367935.0,1.404,1.422,1.34,1.404,5.84,14.08,1.19,-6.78,31589.0,44011.0,453164.0,4.37,943036.0,9.1,-489872.0,-4.72,-712944.0,-6.88,259778.0,2.51,-237.0,1.36,1.361,53710000.0,73045600,73045600,2026-01-20,2026-01-20 10:54:15+08:00
516290,光伏龙头ETF,0.65,0.6508,0.12,-0.021,-3.13,454139.0,29950616.0,0.673,0.673,0.648,0.671,3.73,4.71,1.54,-1.44,148253.0,305886.0,-2863087.0,-9.56,560129.0,1.87,-3423216.0,-11.43,622142.0,2.08,2240945.0,7.48,1968.0,0.65,0.651,963196896.0,626077982,626077982,2026-01-20,2026-01-20 10:54:16+08:00
159857,光伏ETF,0.891,0.8899,-0.12,-0.029,-3.15,1594188.0,143860980.1,0.917,0.918,0.887,0.92,3.37,7.19,1.6,57.78,628552.0,965636.0,-11634771.0,-8.09,1192450.0,0.83,-12827221.0,-8.92,1629216.0,1.13,10005556.0,6.96,39.0,0.89,0.891,2217515728.0,1975806514,1975806514,2026-01-20,2026-01-20 10:54:21+08:00
563870,通用航空ETF鹏华,0.978,0.9778,-0.02,-0.032,-3.17,124728.0,12309569.0,1.01,1.012,0.968,1.01,4.36,8.41,0.71,68.66,23877.0,100851.0,-5578318.0,-45.32,-2357237.0,-19.15,-3221081.0,-26.17,2982039.0,24.23,2596280.0,21.09,14.0,0.977,0.978,148303900.0,145041214,145041214,2026-01-20,2026-01-20 10:54:13+08:00
159305,储能电池ETF广发,1.884,1.8812,-0.15,-0.063,-3.24,114607.0,21953284.9,1.96,1.966,1.877,1.947,4.57,8.32,2.0,-32.1,42350.0,72257.0,-5738503.0,-26.14,-2881098.0,-13.12,-2857405.0,-13.02,-191132.0,-0.87,5929635.0,27.01,21.0,1.883,1.884,137820151.0,259653164,259653164,2026-01-20,2026-01-20 10:54:24+08:00
588960,科创板新能源ETF,1.46,1.4595,-0.03,-0.049,-3.25,58692.0,8729626.0,1.506,1.518,1.455,1.509,4.17,4.87,1.74,5.11,28079.0,30613.0,1470568.0,16.85,0.0,0.0,1470568.0,16.85,-1637464.0,-18.76,166896.0,1.91,-10.0,1.459,1.461,120579800.0,176046508,176046508,2026-01-20,2026-01-20 10:54:12+08:00
563320,通用航空ETF,1.241,1.2407,-0.02,-0.042,-3.27,148781.0,18580254.0,1.283,1.294,1.222,1.283,5.61,8.09,1.02,1.13,64812.0,83969.0,291186.0,1.57,4497930.0,24.21,-4206744.0,-22.64,-2148780.0,-11.56,1857594.0,10.0,10.0,1.239,1.241,183892000.0,228209972,228209972,2026-01-20,2026-01-20 10:54:13+08:00
159566,储能电池ETF易方达,2.127,2.1249,-0.1,-0.073,-3.32,1112655.0,240094124.5,2.221,2.221,2.121,2.2,4.55,5.68,1.99,39.76,421793.0,690862.0,-53273641.0,-22.19,-10622673.0,-4.42,-42650968.0,-17.76,9290084.0,3.87,43983557.0,18.32,760.0,2.126,2.127,1957739776.0,4164112504,4164112504,2026-01-20,2026-01-20 10:54:24+08:00
159583,通信设备ETF,1.309,1.3062,-0.21,-0.047,-3.47,1396423.0,184578297.214,1.357,1.36,1.294,1.356,4.87,12.64,1.93,25.07,546027.0,850396.0,-48481343.0,-26.27,-23158613.0,-12.55,-25322730.0,-13.72,14670693.0,7.95,33810650.0,18.32,10.0,1.307,1.309,1104592896.0,1445912101,1445912101,2026-01-20,2026-01-20 10:54:24+08:00
159618,光伏ETF指数基金,0.828,0.8269,-0.13,-0.03,-3.5,67179.0,5630891.5,0.854,0.854,0.825,0.858,3.38,8.6,1.32,-0.32,19109.0,48070.0,-101963.0,-1.81,1316057.0,23.37,-1418020.0,-25.18,-314564.0,-5.59,416527.0,7.4,300.0,0.828,0.829,78131407.0,64692805,64692805,2026-01-20,2026-01-20 10:54:21+08:00
560980,光伏龙头ETF广发,0.805,0.8057,0.09,-0.03,-3.59,675059.0,54939960.0,0.827,0.827,0.799,0.835,3.35,10.25,2.33,24.95,305570.0,369489.0,-5549197.0,-10.1,-4378512.0,-7.97,-1170685.0,-2.13,2733416.0,4.98,2815782.0,5.13,20.0,0.804,0.806,658522000.0,530110210,530110210,2026-01-20,2026-01-20 10:54:15+08:00
588830,科创新能源ETF,1.612,1.6131,0.07,-0.064,-3.82,742564.0,122461471.0,1.669,1.68,1.606,1.676,4.42,9.84,2.48,11.61,413731.0,328833.0,-1815424.0,-1.48,-3089840.0,-2.52,1274416.0,1.04,-2236065.0,-1.83,4051488.0,3.31,-9.0,1.613,1.616,754847904.0,1216814821,1216814821,2026-01-20,2026-01-20 10:54:14+08:00
159218,卫星产业ETF,1.987,1.9871,0.01,-0.079,-3.82,2839864.0,570931216.565,2.076,2.093,1.954,2.066,6.73,14.89,1.14,11.09,1118230.0,1721633.0,-80699146.0,-14.13,-37984726.0,-6.65,-42714420.0,-7.48,-6330585.0,-1.11,87029730.0,15.24,-50.0,1.987,1.988,1906616384.0,3788446755,3788446755,2026-01-20,2026-01-20 10:54:24+08:00
563790,卫星ETF鹏华,1.225,1.2254,0.03,-0.05,-3.92,890445.0,110327835.0,1.276,1.288,1.208,1.275,6.27,12.53,1.19,35.73,306186.0,584259.0,-34654618.0,-31.41,-14964257.0,-13.56,-19690361.0,-17.85,11273214.0,10.22,23381405.0,21.19,-30.0,1.225,1.226,710447008.0,870297585,870297585,2026-01-20,2026-01-20 10:54:12+08:00
563530,卫星ETF易方达,1.626,1.6248,-0.07,-0.068,-4.01,1200860.0,197564053.0,1.695,1.71,1.599,1.694,6.55,15.62,1.24,12.91,518264.0,682596.0,-16906285.0,-8.56,-5918345.0,-3.0,-10987940.0,-5.56,-4789962.0,-2.42,21696247.0,10.98,2.0,1.625,1.626,768748000.0,1249984248,1249984248,2026-01-20,2026-01-20 10:54:13+08:00
512630,卫星ETF广发,1.635,1.6341,-0.06,-0.069,-4.05,1470155.0,243086247.0,1.706,1.721,1.608,1.704,6.63,16.17,1.22,-1.4,602821.0,867334.0,-26647143.0,-10.96,-13767356.0,-5.66,-12879787.0,-5.3,-1421520.0,-0.58,28068663.0,11.55,178.0,1.635,1.636,909426000.0,1486911510,1486911510,2026-01-20,2026-01-20 10:54:19+08:00
563230,卫星ETF,1.635,1.6343,-0.04,-0.07,-4.11,3777815.0,624676830.0,1.71,1.722,1.607,1.705,6.74,16.26,1.23,5.58,1582304.0,2195511.0,-124013892.0,-19.86,-109701353.0,-17.56,-14312539.0,-2.29,19422695.0,3.11,104588254.0,16.75,-679.0,1.634,1.635,2323237008.0,3798492508,3798492508,2026-01-20,2026-01-20 10:54:14+08:00
511960,嘉实快线ETF,,,,,,,,,,,99.998,,0.0,,-4.92,,,,,,,,,,,,,,99.998,100.0,259600.0,25959481,25959481,2026-01-20,2026-01-20 10:53:57+08:00
